url,city,price,year,manufacturer,make,condition,cylinders,fuel,odometer,title_status,transmission,VIN,drive,size,type,paint_color,image_url,lat,long
https://charleston.craigslist.org/cto/d/2015-hyundai-sonata-in-great/6709264558.html,charleston,12700,2015,hyundai,sonata,excellent,"4 cylinders",gas,56697,clean,automatic,,fwd,mid-size,sedan,white,https://images.craigslist.org/00z0z_5pAmzw7CHd6_600x450.jpg,33.451209,-79.122849
https://charleston.craigslist.org/cto/d/06-bmw-z4/6718631118.html,charleston,10200,2006,bmw,z4,excellent,"6 cylinders",gas,104150,lien,manual,,rwd,compact,convertible,blue,https://images.craigslist.org/00N0N_6v3FTutZpSD_600x450.jpg,32.8215,-80.0568
https://charleston.craigslist.org/cto/d/2009-saturn-outlook-xemiles/6713936041.html,charleston,6995,2009,saturn,"outlook xe..",excellent,"6 cylinders",gas,97051,clean,automatic,5GZEV13D59J134116,fwd,full-size,SUV,brown,https://images.craigslist.org/00808_hUt7gVXqbW4_600x450.jpg,33.951833,-84.129696
https://charleston.craigslist.org/cto/d/2012-ford-escape-25-4-cylsun/6713882104.html,charleston,4950,2012,ford,"escape xlt",excellent,"4 cylinders",gas,157200,clean,automatic,1FMCU0D7XCKB26590,fwd,mid-size,SUV,grey,https://images.craigslist.org/01717_bkKjHaXvZTT_600x450.jpg,33.976392,-84.087467
https://charleston.craigslist.org/cto/d/1999-f250-super-duty-power/6718608506.html,charleston,7500,1999,ford,"f 250",,,diesel,,clean,automatic,,,,,,https://images.craigslist.org/00404_bPuj4QO4UGU_600x450.jpg,32.7976,-79.9493
https://charleston.craigslist.org/cto/d/1973-chevy-nova-hatchback/6704253618.html,charleston,5000,1973,chevrolet,nova,,"8 cylinders",gas,,clean,manual,,,,,,https://images.craigslist.org/00K0K_ZO6AwdEgb2_600x450.jpg,32.9515,-81.2586
https://charleston.craigslist.org/cto/d/1981-chevy-z28-camaro/6704248678.html,charleston,7500,1981,chevrolet,"z28 camaro",,"8 cylinders",gas,,clean,automatic,,,,,,https://images.craigslist.org/01313_4As3o7BXL2N_600x450.jpg,32.9515,-81.2586
https://charleston.craigslist.org/cto/d/1971-ford-f100/6704245428.html,charleston,4000,1971,ford,f100,,"8 cylinders",gas,,clean,manual,,,,truck,,https://images.craigslist.org/00000_a6AZ007r0zK_600x450.jpg,32.9515,-81.2586
https://charleston.craigslist.org/cto/d/1971-chevy-nova/6704240227.html,charleston,5000,1971,chevrolet,nova,,"8 cylinders",gas,,clean,automatic,,,,,,https://images.craigslist.org/00s0s_kJ1Tw7BqtoB_600x450.jpg,32.9515,-81.2586
https://charleston.craigslist.org/cto/d/1999-dodge-neon-t-white-coupe/6718583626.html,charleston,2500,1999,dodge,"neon r/t",excellent,"4 cylinders",gas,,clean,manual,,fwd,,,white,https://images.craigslist.org/00g0g_4FQFQFC1XoZ_600x450.jpg,32.804827,-79.843054
https://charleston.craigslist.org/cto/d/2008-toyota-fj-cruiser/6711050141.html,charleston,13500,2008,toyota,"fj cruiser",excellent,"6 cylinders",gas,120000,clean,automatic,,rwd,full-size,SUV,custom,https://images.craigslist.org/00707_2tr6AXDMygf_600x450.jpg,34.187052,-80.285425
https://charleston.craigslist.org/cto/d/98-viper-gts-coupe/6718577097.html,charleston,27500,1998,dodge,"viper gts coupe",,,gas,,salvage,manual,,,,,,https://images.craigslist.org/00N0N_ifDMkWN0uox_600x450.jpg,33.8731,-79.0557
https://charleston.craigslist.org/cto/d/2003-ford-explorer-xlt/6718575129.html,charleston,3000,2003,ford,explorer,,"6 cylinders",gas,,clean,automatic,,rwd,full-size,,grey,https://images.craigslist.org/00k0k_fvzD5Y4Pn8U_600x450.jpg,32.808576,-80.004983
https://charleston.craigslist.org/cto/d/2000-fwd-lariat/6701184399.html,charleston,19500,2000,ford,"f250 lariat super duty",excellent,,diesel,,salvage,automatic,1FTNW21F9YEC50418,4wd,,truck,white,https://images.craigslist.org/00b0b_jtfYX4fAviu_600x450.jpg,33.8731,-79.0557
https://charleston.craigslist.org/cto/d/2005-toyota-sequoia-reliable/6706185153.html,charleston,8500,2005,toyota,sequoia,,,gas,,clean,automatic,,,,,,https://images.craigslist.org/00P0P_dnmrJtMYGdr_600x450.jpg,33.65961,-78.973675
https://charleston.craigslist.org/cto/d/1983-mercedes-benz-500sec-rare/6702125298.html,charleston,8500,1983,mercedes-benz,500sec,good,"8 cylinders",gas,,clean,automatic,,,,coupe,,https://images.craigslist.org/00A0A_FoHSWfWQYk_600x450.jpg,33.697179,-78.901062
https://charleston.craigslist.org/cto/d/family-buick-enclave-cxl/6710889600.html,charleston,4100,2012,buick,enclave,,,gas,,clean,automatic,,,,SUV,,https://images.craigslist.org/00c0c_izFl6p6JqiC_600x450.jpg,33.0963,-80.813
https://charleston.craigslist.org/cto/d/2001-chevy-tahoe/6718562976.html,charleston,2500,2001,chevy,tahoe,,,gas,,clean,automatic,,,,truck,,https://images.craigslist.org/00U0U_ka8xHbJIwXW_600x450.jpg,32.9352,-80.0325
https://charleston.craigslist.org/cto/d/2016-silverado-z71-ltz-crew/6707653943.html,charleston,33500,2016,chevrolet,"1500 silverado",excellent,"8 cylinders",gas,88500,clean,automatic,,4wd,,,grey,https://images.craigslist.org/01414_8fZHpPiOe7h_600x450.jpg,32.727814,-79.923477
https://charleston.craigslist.org/cto/d/1972-ltd-brougham/6711168547.html,charleston,2500,1972,ford,ltd,,,gas,,missing,automatic,,,,,,https://images.craigslist.org/00p0p_dYcEMzwKizx_600x450.jpg,32.7105,-80.2744
https://charleston.craigslist.org/cto/d/1997-f150-extended-cab/6718549497.html,charleston,6900,1997,,"1997 F150",excellent,"6 cylinders",gas,172315,clean,automatic,,rwd,full-size,pickup,white,https://images.craigslist.org/00202_7NjKI4GoeSM_600x450.jpg,32.8349,-81.0288
https://charleston.craigslist.org/cto/d/2003-chevrolet/6718545626.html,charleston,5000,2003,chevy,silverado,good,"8 cylinders",gas,200000,clean,automatic,,4wd,full-size,truck,custom,https://images.craigslist.org/00S0S_f28gKBuJveE_600x450.jpg,32.871503,-80.813194
https://charleston.craigslist.org/cto/d/chevy-impala/6718544150.html,charleston,2800,2006,chevy,"",,,gas,,clean,automatic,,,,,,https://images.craigslist.org/01515_ddITFyU0m07_600x450.jpg,32.7105,-80.2744
https://charleston.craigslist.org/cto/d/1991-mazda-rx-7/6696743262.html,charleston,8500,1991,mazda,rx-7,,,gas,158000,clean,manual,,,,,,https://images.craigslist.org/00000_dvKRe6pIZHY_600x450.jpg,,
https://charleston.craigslist.org/cto/d/1999-cheverolet-suburban-4x4/6718539495.html,charleston,8500,1999,chevrolet,suburban,good,"8 cylinders",gas,200000,clean,automatic,,4wd,full-size,SUV,custom,https://images.craigslist.org/00808_hJl2JFYou4D_600x450.jpg,32.9756,-80.1831
https://charleston.craigslist.org/cto/d/svt-cobra/6718538981.html,charleston,1,1997,ford,mustang,,,gas,119000,salvage,manual,,,,,,https://images.craigslist.org/00707_jZ2Bo8dnCz4_600x450.jpg,33.995,-81.0888
https://charleston.craigslist.org/ctd/d/2013-mercedes-ml350/6718539824.html,charleston,26850,2013,mercedes,ml350,,,gas,43000,clean,automatic,,,,,,https://images.craigslist.org/00B0B_eYxwbtycCwj_600x450.jpg,32.718,-79.9537
https://charleston.craigslist.org/cto/d/2014-mustang-gt/6704559678.html,charleston,17500,2014,ford,mustang,,,gas,,salvage,automatic,,,,,,https://images.craigslist.org/00101_245nh3zKfS7_600x450.jpg,33.7389,-78.9996
https://charleston.craigslist.org/cto/d/2013-dodge-dart-5500-or-best/6718533578.html,charleston,5500,2013,,"Doge Dart",good,"4 cylinders",gas,,rebuilt,manual,,fwd,mid-size,other,black,https://images.craigslist.org/00j0j_7ND70ZU5Ucn_600x450.jpg,32.7993,-80.006
https://charleston.craigslist.org/cto/d/1997-4x4-f150-shortbed/6708536917.html,charleston,1800,1997,ford,e150,good,,gas,,clean,automatic,,4wd,full-size,truck,custom,https://images.craigslist.org/01414_4TOU6dHMJvK_600x450.jpg,33.3589,-82.0099
https://charleston.craigslist.org/cto/d/2005-chrysler-pacifica-for/6718528405.html,charleston,1,2005,chrysler,"pacifica awd",,,gas,,"parts only",automatic,,,,,,https://images.craigslist.org/00E0E_ez27VSR4cue_600x450.jpg,32.9352,-80.0325
https://charleston.craigslist.org/cto/d/2007-chevrolet-tahoe-ltz-4x4/6693224731.html,charleston,9900,2007,chevrolet,tahoe,,,gas,192000,clean,automatic,,,,,,https://images.craigslist.org/01111_f67UotnM2iM_600x450.jpg,33.1971,-80.0233
https://charleston.craigslist.org/cto/d/1971-chevy-caprice/6718527048.html,charleston,20000,1971,chevy,caprice,good,,gas,,clean,automatic,,,,,green,https://images.craigslist.org/00303_cB1QaXdpG2L_600x450.jpg,38.5814,-90.2625
https://charleston.craigslist.org/cto/d/2011-ford-mustang-gt-premium/6718523436.html,charleston,18500,2011,ford,mustang,good,"8 cylinders",gas,93000,clean,manual,,,,coupe,black,https://images.craigslist.org/00e0e_6wTaTeHdZId_600x450.jpg,32.993,-80.1257
https://charleston.craigslist.org/cto/d/wtb-square-body-1980s-truck/6718513290.html,charleston,12345,1980,,"American Made",,,gas,,clean,automatic,,,,,,https://images.craigslist.org/00i0i_bR9TZjG6eRw_600x450.jpg,33.1971,-80.0233
https://charleston.craigslist.org/cto/d/2015-bmw-i8-body-style-coupe/6709368850.html,charleston,45000,2015,bmw,"",,,gas,,clean,automatic,,,,,,https://images.craigslist.org/00u0u_kCixscJsLol_600x450.jpg,32.7976,-79.9493
https://charleston.craigslist.org/cto/d/2000-toyota-tundra-2wd-v8/6718493493.html,charleston,2500,2000,toyota,tundra,fair,"8 cylinders",gas,,clean,automatic,,,mid-size,pickup,grey,https://images.craigslist.org/00n0n_cCIcGlMfjn8_600x450.jpg,32.7105,-80.2744
https://charleston.craigslist.org/cto/d/built-2000-dodge-ram-cummins/6718482671.html,charleston,15000,2000,ram,"",,,diesel,,clean,automatic,,,,,,https://images.craigslist.org/00j0j_9sMyuVZTklO_600x450.jpg,32.853,-79.9913
https://charleston.craigslist.org/cto/d/new-suspension-porscherf19/6718480334.html,charleston,11000,1983,,"porsche 911",excellent,"6 cylinders",gas,,clean,manual,,,,,black,https://images.craigslist.org/00z0z_878KbiaV0xu_600x450.jpg,32.7105,-80.2744
https://charleston.craigslist.org/cto/d/im-selling-2004-honda-pilot/6718473062.html,charleston,3900,2004,honda,pilot,good,"4 cylinders",gas,178000,clean,automatic,,rwd,full-size,SUV,grey,https://images.craigslist.org/00X0X_4WTqToAnqkQ_600x450.jpg,33.028,-80.1739
https://charleston.craigslist.org/cto/d/1998-ford-150/6699336137.html,charleston,2000,1998,ford,150,excellent,,gas,225000,clean,automatic,,,full-size,,,https://images.craigslist.org/00D0D_htUzKJLc9ZQ_600x450.jpg,32.9756,-80.1831
https://charleston.craigslist.org/cto/d/06-ford-expedition-eddie/6718460224.html,charleston,4200,2006,ford,"expedition eddie bauer",,,gas,,clean,automatic,,,,,,https://images.craigslist.org/00202_fjmCMY9smw3_600x450.jpg,32.9612,-80.4794
https://charleston.craigslist.org/cto/d/beautiful-1970-dodge-charger/6718455862.html,charleston,48000,1970,dodge,charger,,,gas,,clean,automatic,,,,,,https://images.craigslist.org/00l0l_4awi8lg6pJG_600x450.jpg,34.8946,-80.554
https://charleston.craigslist.org/cto/d/03-tahoe/6711476925.html,charleston,2800,2003,chevy,"tahoe lt",fair,"8 cylinders",gas,,salvage,automatic,,rwd,full-size,SUV,white,https://images.craigslist.org/00f0f_bWeyINo8Ch3_600x450.jpg,33.001933,-80.158997
https://charleston.craigslist.org/cto/d/2014-ford-f150-fx4-ecoboost/6716694442.html,charleston,35500,2014,ford,"f150 fx-4",excellent,"6 cylinders",gas,32000,clean,automatic,,4wd,,truck,blue,https://images.craigslist.org/00q0q_8ukSrbjWTkL_600x450.jpg,32.993,-80.1257
https://charleston.craigslist.org/cto/d/hyundai-tiburon-v6-gt/6718434760.html,charleston,2950,2003,hyundai,"tiburon gt v6",good,"6 cylinders",gas,,clean,manual,,,,coupe,silver,https://images.craigslist.org/00c0c_aFwJYT2AdzF_600x450.jpg,32.8929,-80.0458
https://charleston.craigslist.org/cto/d/mercedes-slk-kompressor/6705491460.html,charleston,3800,1999,mercedes,"clk 320 kompressor",excellent,"4 cylinders",gas,,clean,automatic,,rwd,,convertible,silver,https://images.craigslist.org/01010_fl6BtWecx3j_600x450.jpg,32.9668,-79.8528
https://charleston.craigslist.org/cto/d/2008-chrysler-town-country/6718416626.html,charleston,4750,2008,chrysler,"town & country touring",,,gas,,clean,automatic,,,,van,,https://images.craigslist.org/00D0D_hmIOOOfrR7_600x450.jpg,32.993987,-80.133063
https://charleston.craigslist.org/cto/d/2008-audi-s8/6718413550.html,charleston,15000,2008,audi,s8,good,"10 cylinders",gas,96155,lien,automatic,WAUPN94E28N010065,4wd,full-size,sedan,black,https://images.craigslist.org/00N0N_gy0dECW54Dp_600x450.jpg,32.8674,-79.8049
https://charleston.craigslist.org/cto/d/2002-jeep-wrangler/6718406291.html,charleston,3900,2002,jeep,"wrangler 2dr x",,"6 cylinders",gas,,clean,automatic,,4wd,,,blue,https://images.craigslist.org/00e0e_iQYl9Nv8mSv_600x450.jpg,32.8215,-80.0568
https://charleston.craigslist.org/cto/d/2011-dodge-challenger-t-v8/6718312828.html,charleston,15000,2011,dodge,"challenger r/t",excellent,"8 cylinders",gas,111000,clean,automatic,,rwd,full-size,coupe,blue,https://images.craigslist.org/00S0S_gkqkrBbkjnm_600x450.jpg,33.032081,-80.020938
https://charleston.craigslist.org/cto/d/buick-century-2004/6704137778.html,charleston,3300,2004,buick,century,excellent,"6 cylinders",gas,75000,clean,automatic,2G4WS52J641198659,fwd,mid-size,sedan,brown,https://images.craigslist.org/00r0r_b6mIAKuRhug_600x450.jpg,32.9668,-79.8528
https://charleston.craigslist.org/cto/d/1999-chevy-silverado-53-motor/6707085390.html,charleston,3500,1999,chevy,silverado,good,"8 cylinders",gas,,clean,automatic,,rwd,full-size,pickup,white,https://images.craigslist.org/00f0f_divLu7h4tuJ_600x450.jpg,33.3364,-80.1859
https://charleston.craigslist.org/cto/d/1998-ford-f150-work-truck/6707084616.html,charleston,2400,1998,,"1998 f150 pkp",good,"8 cylinders",gas,,clean,other,,rwd,full-size,truck,,https://images.craigslist.org/00H0H_fKnJFtRyDUa_600x450.jpg,33.3364,-80.1859
https://charleston.craigslist.org/cto/d/60k-mile-2000-tj/6718381528.html,charleston,14500,2000,jeep,"wrangler tj",excellent,"6 cylinders",gas,60000,salvage,automatic,,4wd,full-size,SUV,green,https://images.craigslist.org/01212_f4dQ0Xcwnuv_600x450.jpg,32.7976,-79.9493
https://charleston.craigslist.org/ctd/d/2013-dodge-durango-sxt-pmts/6718381836.html,charleston,12900,2013,dodge,durango,,,gas,110231,clean,automatic,1C4RDHAGXDC698823,fwd,,SUV,,https://images.craigslist.org/00E0E_lLjaicfyP0K_600x450.jpg,32.984045,-80.091583
https://charleston.craigslist.org/cto/d/2006-nissan-titan/6718377803.html,charleston,2500,2006,nissan,titan,fair,"8 cylinders",gas,240721,clean,automatic,,,full-size,truck,white,https://images.craigslist.org/00808_1eKcom0Dkxn_600x450.jpg,32.8215,-80.0568
https://charleston.craigslist.org/cto/d/2005-ford-f150-lb/6711829296.html,charleston,12000,2005,ford,f150,excellent,"6 cylinders",gas,31000,clean,automatic,,rwd,full-size,truck,white,https://images.craigslist.org/00u0u_kzbySknzZ00_600x450.jpg,32.718,-79.9537
https://charleston.craigslist.org/cto/d/low-mileage-kia-like-new/6718364267.html,charleston,8590,2011,kia,"forte ex",excellent,"4 cylinders",gas,31533,clean,automatic,KNAFU4A21B5461166,fwd,compact,sedan,red,https://images.craigslist.org/00202_8NKYAhCtxX9_600x450.jpg,33.028,-80.1739
https://charleston.craigslist.org/ctd/d/2005-ford-f350sd-lariat-pmts/6718367273.html,charleston,16900,2005,ford,f-350,,,diesel,127658,clean,automatic,1FTWW33P75EB93437,4wd,,pickup,black,https://images.craigslist.org/00J0J_hqmQ15Rrl3y_600x450.jpg,32.984045,-80.091583
https://charleston.craigslist.org/ctd/d/2008-ford-expedition-limited/6718367282.html,charleston,12500,2008,ford,expedition,,,gas,138223,clean,automatic,1FMFU19518LA18094,fwd,,SUV,white,https://images.craigslist.org/00T0T_2uL2enx9cNs_600x450.jpg,32.984045,-80.091583
https://charleston.craigslist.org/ctd/d/2007-hummer-h3-base-pmts/6718367245.html,charleston,10900,2007,,"HUMMER H3",,,gas,160427,clean,automatic,5GTDN13E978161578,4wd,,SUV,,https://images.craigslist.org/00505_evDQ4WaHfSI_600x450.jpg,32.984045,-80.091583
https://charleston.craigslist.org/ctd/d/2006-volkswagen-touareg-42/6718367181.html,charleston,7900,2006,volkswagen,touareg,,,gas,84208,clean,automatic,WVGZM77L36D003444,,,SUV,white,https://images.craigslist.org/00y0y_gkJN6mqv3fS_600x450.jpg,32.984045,-80.091583
https://charleston.craigslist.org/ctd/d/2010-honda-civic-automatic/6718358115.html,charleston,7995,2010,honda,civic,,,gas,93794,clean,automatic,2HGFA1F3XAH508229,,,sedan,grey,https://images.craigslist.org/00I0I_6VW2oVAOTYF_600x450.jpg,32.9668,-79.8528
https://charleston.craigslist.org/cto/d/2006-ford-mustang-convertible/6718349011.html,charleston,4600,2006,ford,"mustang convertible",good,"6 cylinders",gas,104000,clean,manual,,,,,,https://images.craigslist.org/00K0K_h0791EJFZUE_600x450.jpg,33.1971,-80.0233
https://charleston.craigslist.org/cto/d/1968-ford-falcon-futura/6718346377.html,charleston,4500,1968,ford,falcon,good,"6 cylinders",gas,35000,clean,automatic,xxxxxxxxxx,rwd,compact,sedan,green,https://images.craigslist.org/00M0M_3VZaVLdW1w4_600x450.jpg,32.78129,-79.860672
https://charleston.craigslist.org/ctd/d/2007-chevrolet-silverado-1500/6718348511.html,charleston,9995,2007,chevrolet,"silverado 1500",,,gas,118335,clean,automatic,1GCEC14C87Z642284,,,truck,white,https://images.craigslist.org/00r0r_6y8O691mEMu_600x450.jpg,32.9668,-79.8528
https://charleston.craigslist.org/cto/d/mechanic-special-2008-toyota/6708881842.html,charleston,2800,2008,toyota,sienna,good,"6 cylinders",gas,,clean,automatic,,,,,,https://images.craigslist.org/01010_ixEws2r5wJ6_600x450.jpg,32.853647,-79.997843
https://charleston.craigslist.org/cto/d/2008-chevrolet-tahoe-lt-brand/6718335353.html,charleston,13990,2008,chevrolet,"tahoe lt",excellent,"6 cylinders",gas,118910,clean,automatic,1GNFC13048R236474,fwd,full-size,SUV,blue,https://images.craigslist.org/00G0G_17ksYMQvJwZ_600x450.jpg,32.739783,-79.916611
https://charleston.craigslist.org/cto/d/1994-dodge-stealth/6718335338.html,charleston,6500,1994,dodge,stealth,good,"6 cylinders",gas,,clean,manual,JB3AM64J6RY031980,fwd,compact,hatchback,green,https://images.craigslist.org/00d0d_fytbZZIW52o_600x450.jpg,33.014987,-80.039712
https://charleston.craigslist.org/cto/d/18-step-van-for-sale/6706122511.html,charleston,11000,1997,,International,good,,diesel,252000,clean,manual,1HTMGABM9VH425070,,,truck,white,https://images.craigslist.org/00o0o_51mP8oOkxNL_600x450.jpg,32.718,-79.9537
https://charleston.craigslist.org/cto/d/2007-dodge-nitro-4x4/6718331657.html,charleston,3900,2007,dodge,nitro,excellent,"6 cylinders",gas,229900,clean,automatic,,4wd,mid-size,SUV,red,https://images.craigslist.org/00p0p_b8feXWlZtOC_600x450.jpg,33.8655,-79.7418
https://charleston.craigslist.org/cto/d/2009-kia-optima-lx-edition/6712394689.html,charleston,3200,2009,kia,"optima lx",good,"4 cylinders",gas,180000,clean,automatic,KNAGE228895300137,fwd,full-size,sedan,black,https://images.craigslist.org/00f0f_6M68eAxR6yD_600x450.jpg,34.166335,-80.90744
https://charleston.craigslist.org/cto/d/2007-limited-hyundai-tucson/6713831906.html,charleston,4900,2007,hyundai,"tucson limited",excellent,"6 cylinders",gas,174400,clean,automatic,,fwd,mid-size,SUV,,https://images.craigslist.org/00R0R_hdpHAjwTAAG_600x450.jpg,33.8655,-79.7418
https://charleston.craigslist.org/cto/d/nissan-quest-2004/6711262237.html,charleston,3000,2004,nissan,"quest 3.5 s",good,"6 cylinders",gas,,salvage,automatic,,fwd,mid-size,mini-van,,https://images.craigslist.org/00w0w_hQuHb5jlPru_600x450.jpg,32.8929,-80.0458
https://charleston.craigslist.org/cto/d/2007-vw-passat-20-turbo/6711294323.html,charleston,4000,2007,volkswagen,passat,excellent,"4 cylinders",gas,150000,clean,automatic,WVWJK73C57P111738,fwd,full-size,sedan,grey,https://images.craigslist.org/00a0a_f4iUVYO6skg_600x450.jpg,34.165766,-80.908127
https://charleston.craigslist.org/cto/d/2001-nissan-altima-gxe/6709154416.html,charleston,2400,2001,nissan,altima,excellent,"4 cylinders",gas,188000,clean,automatic,1N4DL01D01C158838,fwd,mid-size,sedan,white,https://images.craigslist.org/00E0E_3NU7mxKD1PB_600x450.jpg,34.166335,-80.907612
https://charleston.craigslist.org/ctd/d/2005-toyota-highlander-v6-1/6718316128.html,charleston,5995,2005,toyota,highlander,good,"6 cylinders",gas,,clean,automatic,,,,,,https://images.craigslist.org/01515_8BudvfPIumx_600x450.jpg,32.853647,-79.997843
https://charleston.craigslist.org/cto/d/clean2010-honda-civic-si/6718284011.html,charleston,4200,2010,,"Civic Si",excellent,"4 cylinders",gas,,clean,automatic,,fwd,,sedan,,https://images.craigslist.org/00B0B_al7XtLRSCGf_600x450.jpg,32.7795,-79.9371
https://charleston.craigslist.org/cto/d/2000-buick-park-avenue-ultra/6704752442.html,charleston,2700,2000,buick,"park avenue ultra",good,"6 cylinders",gas,85000,clean,automatic,,fwd,full-size,sedan,silver,https://images.craigslist.org/00A0A_2ToW9kMZDiy_600x450.jpg,33.8655,-79.7418
https://charleston.craigslist.org/cto/d/sx-se-bone-stock/6711880370.html,charleston,10000,1998,nissan,240sx,excellent,"4 cylinders",gas,138000,clean,manual,JN1AS44D3WW106454,rwd,compact,coupe,green,https://images.craigslist.org/00202_hiekvHSdZrP_600x450.jpg,32.9756,-80.1831
https://charleston.craigslist.org/cto/d/2006-nissan-frontier-extended/6713307198.html,charleston,7000,2006,nissan,"frontier nismo",excellent,"6 cylinders",gas,169000,clean,automatic,1N6AD06U56C453246,rwd,mid-size,pickup,grey,https://images.craigslist.org/00i0i_1JbCqvVfb2n_600x450.jpg,34.166903,-80.909328
https://charleston.craigslist.org/cto/d/2012-econoline-van-190-good/6718297477.html,charleston,6300,2012,ford,"econoline cargo van",,,gas,,clean,automatic,,,,,,https://images.craigslist.org/00909_dkxS9bC7rBw_600x450.jpg,35.6187,-80.4022
https://charleston.craigslist.org/cto/d/2011-gmc-sierra-crew-cab/6718294003.html,charleston,15000,2011,gmc,"sierra crew cab",excellent,"8 cylinders",gas,151600,clean,automatic,3GTP1UEA5BG150639,rwd,full-size,truck,silver,https://images.craigslist.org/00Q0Q_eJbGDqYFjsU_600x450.jpg,32.2513,-80.8721
https://charleston.craigslist.org/cto/d/2008-cadillac-escalade/6718292318.html,charleston,11500,2008,cadillac,escalade,good,"8 cylinders",gas,116600,clean,automatic,1gyec63818r234358,rwd,full-size,SUV,black,https://images.craigslist.org/00404_7u6DtMMqtJe_600x450.jpg,32.776883,-80.102348
https://charleston.craigslist.org/cto/d/2005-toyota-highlander-trd/6713297432.html,charleston,7000,2005,toyota,highlander,excellent,"4 cylinders",gas,135000,clean,automatic,JTEGD21A150106353,rwd,mid-size,SUV,green,https://images.craigslist.org/00101_1acnqcd3w8y_600x450.jpg,34.165766,-80.907612
https://charleston.craigslist.org/cto/d/1999-ford-f150/6718280678.html,charleston,4000,1999,ford,f150,,,gas,,clean,automatic,,,,,,https://images.craigslist.org/00W0W_fqLt1x5uGnc_600x450.jpg,32.722148,-80.072864
https://charleston.craigslist.org/cto/d/trade-for-hot-rod-limited-48/6715579869.html,charleston,26500,2017,harley,"custom street glide",excellent,,gas,,rebuilt,manual,,,,,,https://images.craigslist.org/00202_8lncmdVi0qO_600x450.jpg,35.597248,-80.781097
https://charleston.craigslist.org/ctd/d/2012-nissan-versa/6718283001.html,charleston,7950,2012,nissan,versa,,"4 cylinders",gas,82000,clean,automatic,,fwd,,sedan,,https://images.craigslist.org/00202_juLaU9yxudv_600x450.jpg,33.083875,-80.108291
https://charleston.craigslist.org/ctd/d/2010-jeep-grand-cherokee/6718282408.html,charleston,10450,2010,jeep,"grand cherokee laredo",,"6 cylinders",gas,135000,clean,automatic,,rwd,,SUV,,https://images.craigslist.org/01515_QGUBT3eIVj_600x450.jpg,33.083875,-80.108291
https://charleston.craigslist.org/ctd/d/2003-infiniti-g35/6718281695.html,charleston,7450,2003,infiniti,g35,,"6 cylinders",gas,133000,clean,automatic,,rwd,,,,https://images.craigslist.org/00r0r_53XIs4dubeA_600x450.jpg,33.083875,-80.108291
https://charleston.craigslist.org/ctd/d/1989-international-1954-a/6718280837.html,charleston,8300,1989,,"international dump truck",,,diesel,86000,clean,manual,,,,,,https://images.craigslist.org/00V0V_iyRAw7s2opU_600x450.jpg,33.083875,-80.108291
https://charleston.craigslist.org/ctd/d/2014-chevy-malibu-ls/6718280177.html,charleston,11850,2014,chevrolet,malibu,,"4 cylinders",gas,106000,clean,automatic,,fwd,,sedan,,https://images.craigslist.org/00K0K_1kcntYpeEc7_600x450.jpg,33.083875,-80.108291
https://charleston.craigslist.org/cto/d/1970-chevelle-excellent/6711806182.html,charleston,9500,1970,chevy,chevelle,good,"8 cylinders",gas,96000,clean,automatic,,rwd,full-size,sedan,blue,https://images.craigslist.org/00808_eaWenxHIKsN_600x450.jpg,33.058,-80.0101
https://charleston.craigslist.org/ctd/d/2007-nissan-xterra-off-road/6718279374.html,charleston,6950,2007,nissan,xterra,,"6 cylinders",gas,112000,salvage,automatic,,rwd,,SUV,,https://images.craigslist.org/01313_hBNBn8f5Trc_600x450.jpg,33.083875,-80.108291
https://charleston.craigslist.org/ctd/d/2000-toyota-camry-le-171k/6718273256.html,charleston,2500,2000,toyota,"",good,,gas,,clean,automatic,,,,,,https://images.craigslist.org/00y0y_gxb50N6Gh8X_600x450.jpg,32.853647,-79.997843
https://charleston.craigslist.org/cto/d/2005-toyota-camry-runs-and/6718264905.html,charleston,3200,2005,toyota,"camry le",good,"4 cylinders",gas,136975,clean,automatic,,fwd,full-size,sedan,silver,https://images.craigslist.org/01515_fig3YEhQjqd_600x450.jpg,34.2153,-79.6468
https://charleston.craigslist.org/cto/d/kia-optimak/6716602274.html,charleston,11000,2015,kia,optima,,,gas,,clean,automatic,,,,,,https://images.craigslist.org/00i0i_i8XMv84OfZ9_600x450.jpg,32.9668,-79.8528
https://charleston.craigslist.org/cto/d/2007-toyota-camry-le/6713554725.html,charleston,4900,2007,toyota,"camry le",good,"4 cylinders",gas,209200,clean,automatic,,fwd,full-size,sedan,black,https://images.craigslist.org/00P0P_4aaysJSqv7t_600x450.jpg,33.8655,-79.7418
https://charleston.craigslist.org/cto/d/2006-dodge-caraven/6718239799.html,charleston,3200,2006,dodge,caravan,good,"6 cylinders",gas,130000,clean,automatic,,fwd,mid-size,mini-van,silver,https://images.craigslist.org/01010_evtM0HJ7gvt_600x450.jpg,33.0185,-80.1756
https://monroemi.craigslist.org/cto/d/1972-chevrolet-el-camino-ss/6700532027.html,monroemi,26975,1972,chevy,"el camino ss","like new","8 cylinders",gas,65000,clean,automatic,"Upon Request",rwd,,,white,https://images.craigslist.org/00606_2E0y7pbOySe_600x450.jpg,41.913416,-83.377991
https://monroemi.craigslist.org/cto/d/1968-dodge-low-price/6712546206.html,monroemi,28800,1968,dodge,"",,,gas,,clean,automatic,,,,,,https://images.craigslist.org/00s0s_fjLDm93N2jy_600x450.jpg,42.1055,-83.2795
https://monroemi.craigslist.org/ctd/d/sporty-2007-volkswagen-golf/6718458859.html,monroemi,5495,2007,volkswagen,"golf gti",,,gas,99395,clean,automatic,WVWFV71K77W095328,fwd,,hatchback,grey,https://images.craigslist.org/00808_buO4Hwx2rc0_600x450.jpg,43.186723,-84.163862
https://monroemi.craigslist.org/cto/d/2011-gmc-acadia/6718436564.html,monroemi,13900,2011,gmc,"acadia sle",excellent,"6 cylinders",gas,87350,clean,automatic,,,full-size,SUV,black,https://images.craigslist.org/00909_eC821yCAaKZ_600x450.jpg,41.8549,-83.5916
https://monroemi.craigslist.org/ctd/d/4xford-150-4wd/6718349205.html,monroemi,11995,2009,ford,f-150,,"8 cylinders",gas,157582,clean,automatic,1FTPW14V09FB36339,4wd,,truck,silver,https://images.craigslist.org/00101_bOUF2UmwiJp_600x450.jpg,43.186723,-84.163862
https://monroemi.craigslist.org/cto/d/1997-jeep-wrangler-sahara/6718326389.html,monroemi,6500,1997,jeep,wrangler,fair,"6 cylinders",gas,234000,clean,manual,,4wd,,SUV,green,https://images.craigslist.org/00x0x_bqi1V8b2IHy_600x450.jpg,41.884547,-83.416621
https://monroemi.craigslist.org/ctd/d/loaded-2012-gmc-acadia-denali/6718303409.html,monroemi,14995,2012,gmc,"acadia denali",,"6 cylinders",gas,133858,clean,automatic,1GKKRTEDXCJ287488,fwd,,SUV,black,https://images.craigslist.org/00L0L_eNkbCYmT1eG_600x450.jpg,43.186723,-84.163862
https://monroemi.craigslist.org/cto/d/2007-mazda-6-sport-runs-great/6714260934.html,monroemi,2500,2007,mazda,6,,,gas,152000,clean,manual,,,,,,https://images.craigslist.org/00o0o_5jZI3ym1WFf_600x450.jpg,42.265343,-83.257141
https://monroemi.craigslist.org/cto/d/1998-ford-mustang-gt-drives/6716268313.html,monroemi,1800,1998,ford,"mustang gt",,,gas,,clean,automatic,,,,,,https://images.craigslist.org/00s0s_8jxSTK2UKBu_600x450.jpg,42.2689,-83.257484
https://monroemi.craigslist.org/ctd/d/2014-chrysler-town-country-4d/6718229827.html,monroemi,13989,2014,chrysler,"town & country",,,gas,71770,clean,automatic,2C4RC1BG9ER404460,fwd,,wagon,white,https://images.craigslist.org/00a0a_iOLadTwLTKp_600x450.jpg,41.61285,-83.480782
https://monroemi.craigslist.org/ctd/d/2017-chrysler-pacificarear/6718160529.html,monroemi,33900,2017,chrysler,"pacifica touring","like new","6 cylinders",gas,35100,clean,automatic,2C4RC1BG8HR720257,fwd,mid-size,mini-van,custom,https://images.craigslist.org/01515_igSWwnOxe2F_600x450.jpg,42.254484,-84.461013
https://monroemi.craigslist.org/cto/d/1994-toyota-4runner/6718137732.html,monroemi,900,1994,toyota,"4runner sr5",fair,,gas,,clean,manual,,4wd,,,,https://images.craigslist.org/00Y0Y_lnxuQIuTNML_600x450.jpg,42.055283,-83.275166
https://monroemi.craigslist.org/cto/d/chevrolet-tahoe-v8-maintained/6715118852.html,monroemi,1600,2004,chevy,"tahoe green family suv",,,gas,,clean,automatic,,4wd,,,green,https://images.craigslist.org/00l0l_aCoNtpaKvMe_600x450.jpg,41.908,-83.4719
https://monroemi.craigslist.org/ctd/d/sharp-2010-ford-150/6718065528.html,monroemi,10995,2010,ford,f-150,,"8 cylinders",gas,142240,clean,automatic,1FTFW1EV3AFD27302,4wd,,truck,grey,https://images.craigslist.org/00x0x_lK2XA3yYSh0_600x450.jpg,43.186723,-84.163862
https://monroemi.craigslist.org/ctd/d/2013-ford-edge/6718007849.html,monroemi,8995,2013,ford,edge,good,"6 cylinders",gas,102700,clean,automatic,,fwd,full-size,SUV,silver,https://images.craigslist.org/00w0w_fAzJq58Ketv_600x450.jpg,42.094879,-83.22562
https://monroemi.craigslist.org/cto/d/2004-f150-heritage/6693582950.html,monroemi,3700,2004,ford,"f150 heritage",good,"8 cylinders",gas,195000,clean,automatic,,4wd,,pickup,,https://images.craigslist.org/00g0g_4oDmf8HL9Ff_600x450.jpg,41.9293,-83.4448
https://monroemi.craigslist.org/cto/d/2011-impala-lt/6707726838.html,monroemi,2500,2011,chevrolet,"impala lt 4dr sedan we",good,"6 cylinders",gas,,clean,automatic,,fwd,mid-size,sedan,grey,https://images.craigslist.org/00Z0Z_lqj8JsaGWKL_600x450.jpg,41.9293,-83.4448
https://monroemi.craigslist.org/cto/d/2000-pontiac-grand-am/6707726923.html,monroemi,1800,2000,pontiac,"grand am",good,,gas,,clean,automatic,,fwd,,sedan,silver,https://images.craigslist.org/00e0e_xU6Ij3HEQ6_600x450.jpg,41.9293,-83.4448
https://monroemi.craigslist.org/cto/d/1951-mercury-4-door-suicide/6703571033.html,monroemi,2500,1951,mercury,mercomatic,,,gas,,clean,other,,,,,,https://images.craigslist.org/01717_6KcLmsUXsZN_600x450.jpg,42.069147,-83.211734
https://monroemi.craigslist.org/cto/d/well-taken-care-of-2015-bmw/6716307760.html,monroemi,16000,2015,bmw,x5,excellent,"6 cylinders",gas,,clean,automatic,,4wd,mid-size,SUV,white,https://images.craigslist.org/00v0v_cJh3dzy5CFw_600x450.jpg,42.1055,-83.2795
https://monroemi.craigslist.org/cto/d/2006-ford-f350-lariat-crew/6714054045.html,monroemi,14900,2006,ford,f350,excellent,"8 cylinders",diesel,155430,rebuilt,automatic,1FTWW31PX6EC57944,4wd,full-size,truck,grey,https://images.craigslist.org/00T0T_kDzpfwWtXk6_600x450.jpg,41.955718,-83.657612
https://monroemi.craigslist.org/ctd/d/diesel-2004-chevrolet/6717881033.html,monroemi,10995,2004,chevrolet,"silverado 2500hd",,"8 cylinders",diesel,201459,clean,automatic,1GCHK23154F125317,4wd,,truck,,https://images.craigslist.org/00r0r_5HKGx7PEbg7_600x450.jpg,43.183804,-84.155509
https://monroemi.craigslist.org/ctd/d/diesel-2004-chevrolet/6717880808.html,monroemi,10995,2004,chevrolet,"silverado 2500hd",,"8 cylinders",diesel,201459,clean,automatic,1GCHK23154F125317,4wd,,truck,,https://images.craigslist.org/00r0r_5HKGx7PEbg7_600x450.jpg,43.186723,-84.163862
https://monroemi.craigslist.org/ctd/d/2006-lincoln-mark-lt/6717872455.html,monroemi,14624,2006,lincoln,"mark lt",,,gas,93970,clean,automatic,5LTPW18566FJ23534,4wd,,truck,white,https://images.craigslist.org/00000_3YyHDotTEWj_600x450.jpg,41.61285,-83.480782
https://monroemi.craigslist.org/ctd/d/2011-jeep-grand-cherokee-call/6717842067.html,monroemi,19788,2011,jeep,"grand cherokee 4wd 4dr overland",,"6 cylinders",other,82581,clean,automatic,1J4RR6GG2BC632030,4wd,,SUV,black,https://images.craigslist.org/00d0d_lXJ2KH5f2kV_600x450.jpg,42.216079,-83.270002
https://monroemi.craigslist.org/ctd/d/2011-ford-150-xl/6717809088.html,monroemi,9876,2011,ford,f-150,,,gas,123119,clean,automatic,1FTMF1CM0BKD88942,,,,white,https://images.craigslist.org/00P0P_hNuAHMTu0wm_600x450.jpg,41.959412,-83.393019
https://monroemi.craigslist.org/cto/d/2007-ford-focus/6717762252.html,monroemi,1500,2007,ford,"",,,gas,,clean,automatic,,,,,,https://images.craigslist.org/00000_3JwltFE4wv6_600x450.jpg,42.278538,-83.235168
https://monroemi.craigslist.org/cto/d/1947-ford-2-dr-coupe-project/6703492922.html,monroemi,2500,1947,ford,"",good,"6 cylinders",gas,,clean,automatic,,rwd,,,,https://images.craigslist.org/00U0U_fSd6pqEcUpX_600x450.jpg,42.0529,-83.3755
https://monroemi.craigslist.org/cto/d/1985-chevy-c20/6711498280.html,monroemi,5000,1985,chevrolet,c20,,,gas,,clean,automatic,,,,,,https://images.craigslist.org/00505_eIJsGEVU3TO_600x450.jpg,41.934721,-83.338509
https://monroemi.craigslist.org/cto/d/2011-town-and-country/6702762785.html,monroemi,5200,2011,chrysler,"town and country",good,"6 cylinders",gas,170000,clean,automatic,,fwd,mid-size,mini-van,white,https://images.craigslist.org/00707_2gqEz9IqwGL_600x450.jpg,41.953507,-83.664377
https://monroemi.craigslist.org/cto/d/2015-chrysler-200-low-miles/6717557501.html,monroemi,13900,2015,chrysler,200,,"4 cylinders",gas,39500,clean,automatic,,fwd,,sedan,white,https://images.craigslist.org/00V0V_jVrZJBEzOlj_600x450.jpg,42.2317,-83.2673
https://monroemi.craigslist.org/cto/d/1999-cadillac-eldorodo/6695456929.html,monroemi,3350,1999,cadillac,eldorodo,excellent,"8 cylinders",gas,60000,clean,automatic,1g6et1296xu612885,fwd,full-size,coupe,white,https://images.craigslist.org/00303_2pCuXuP4j3T_600x450.jpg,41.9293,-83.4448
https://monroemi.craigslist.org/cto/d/2000-dodge-dakota/6717530762.html,monroemi,2500,2000,dodge,dakota,good,"6 cylinders",gas,147331,clean,automatic,,rwd,,truck,brown,https://images.craigslist.org/01313_1Bvu1zW4ym9_600x450.jpg,41.7682,-83.5797
https://monroemi.craigslist.org/cto/d/1943-dodge-truck-cab/6717466035.html,monroemi,700,1943,,1943,fair,,other,,"parts only",other,,,,,,https://images.craigslist.org/00q0q_ayd2Yq8cYPa_600x450.jpg,41.867835,-83.452473
https://monroemi.craigslist.org/cto/d/1995-dodge-ramrare/6717449815.html,monroemi,2800,1995,dodge,1500,good,"8 cylinders",gas,,clean,manual,,rwd,full-size,truck,black,https://images.craigslist.org/00j0j_2N1uXOWKMoQ_600x450.jpg,41.8585,-83.4715
https://monroemi.craigslist.org/cto/d/2000-ranger-extended-cab/6715833870.html,monroemi,2000,2000,ford,ranger,fair,"6 cylinders",gas,99000,clean,automatic,,rwd,,,,https://images.craigslist.org/00e0e_jxMBKMnnKDh_600x450.jpg,42.1949,-83.4854
https://monroemi.craigslist.org/cto/d/jeep-wrangler-jk-wheels-and/6717368842.html,monroemi,1200,2012,jeep,wrangler,,,gas,,clean,automatic,,,,,,https://images.craigslist.org/01414_jTWsrYwpUoF_600x450.jpg,41.9766,-83.2804
https://monroemi.craigslist.org/cto/d/98-ranger-ex-cab-2wd/6712898020.html,monroemi,800,1998,ford,ranger,,,gas,,clean,automatic,,,,,,https://images.craigslist.org/00W0W_kgUwyfz5C7M_600x450.jpg,41.7046,-83.5656
https://monroemi.craigslist.org/cto/d/ton-silverado-parts-or-whole/6696399012.html,monroemi,1000,1994,chevrolet,"2500 silverado",,,gas,,clean,automatic,,,,,,https://images.craigslist.org/00909_95Pnc1G0xtk_600x450.jpg,41.8757,-83.6877
https://monroemi.craigslist.org/cto/d/69-chevelle-withspeed/6709667051.html,monroemi,4800,1969,chevy,chevelle,,,gas,,clean,automatic,,,,,,https://images.craigslist.org/00w0w_iXix0tjt5QR_600x450.jpg,,
https://monroemi.craigslist.org/cto/d/1999-dodge-durango-4x4/6717326334.html,monroemi,1800,1999,dodge,"durango slt",good,"8 cylinders",gas,174000,salvage,automatic,,4wd,full-size,SUV,black,https://images.craigslist.org/00N0N_iYzYV8pkQOL_600x450.jpg,41.908,-83.4719
https://monroemi.craigslist.org/cto/d/very-clean-truck2007-ford-150/6715073949.html,monroemi,2000,2007,ford,f-150,,,gas,,clean,automatic,,,,,,https://images.craigslist.org/00F0F_iICSF56EDnN_600x450.jpg,42.1055,-83.2795
https://monroemi.craigslist.org/cto/d/2002-ford-sport-trac/6717169248.html,monroemi,1650,2002,ford,"sport trac",excellent,"6 cylinders",gas,211000,clean,automatic,,4wd,full-size,truck,green,https://images.craigslist.org/00Z0Z_jC455C7J7uR_600x450.jpg,41.843222,-83.410435
https://monroemi.craigslist.org/cto/d/2008-dodge-1500-truck-4-door/6717141336.html,monroemi,3200,2008,ram,"pickup 1500",good,,gas,,clean,automatic,,,,,red,https://images.craigslist.org/00i0i_7Sbk5dQgwUO_600x450.jpg,42.031164,-83.734875
https://monroemi.craigslist.org/cto/d/clean-2003-ford-f150/6717102177.html,monroemi,690,2003,ford,f150,excellent,,gas,,clean,automatic,,,,truck,,https://images.craigslist.org/00b0b_jeKjShTvyqq_600x450.jpg,41.9293,-83.4448
https://monroemi.craigslist.org/ctd/d/2017-jeep-cherokee-call/6717113058.html,monroemi,18988,2017,jeep,"cherokee latitude fwd",,"4 cylinders",gas,23929,clean,automatic,1C4PJLCB6HW624341,fwd,,SUV,custom,https://images.craigslist.org/00303_3fhQBqkZnEy_600x450.jpg,42.216079,-83.270002
https://monroemi.craigslist.org/cto/d/civic/6706534224.html,monroemi,2950,2002,honda,"civic coupe",good,"4 cylinders",gas,100007,clean,manual,,fwd,,,black,https://images.craigslist.org/01717_aEQxjfChzjC_600x450.jpg,42.3615,-83.3649
https://monroemi.craigslist.org/cto/d/jeep-grand-cherokeer20/6710532450.html,monroemi,6200,2015,,"great condition",,,gas,,clean,automatic,,,,,,https://images.craigslist.org/00k0k_jNS7heMXFtE_600x450.jpg,42.1055,-83.2795
https://monroemi.craigslist.org/cto/d/1976-nova-medalist/6716984511.html,monroemi,4000,1976,chevrolet,nova,,,gas,,clean,automatic,,,,,,https://images.craigslist.org/00T0T_WjWxbPY92B_600x450.jpg,41.8585,-83.4715
https://monroemi.craigslist.org/cto/d/73-nova-ss-roller-parts-or/6696399786.html,monroemi,2000,1973,chevy,"",good,,gas,,missing,automatic,,,,,,https://images.craigslist.org/00y0y_3tEGCdZeuBC_600x450.jpg,,
https://monroemi.craigslist.org/cto/d/never-smoked-2016-volvo-xc90/6693626588.html,monroemi,18232,2016,volvo,xc90,,,gas,,clean,automatic,,,,,,https://images.craigslist.org/01010_4XoJvS2PtkM_600x450.jpg,42.0731,-83.2127
https://monroemi.craigslist.org/cto/d/2010-buick-lacrossemiles/6713340671.html,monroemi,4555,2010,buick,"lacrosse cxs",,,gas,,clean,automatic,,,,,,https://images.craigslist.org/00M0M_hzEjvks7ode_600x450.jpg,41.908,-83.4719
https://monroemi.craigslist.org/ctd/d/2015-gmc-sierrawd-double-cab/6716702616.html,monroemi,28186,2015,gmc,sierra,,,gas,40563,clean,automatic,1GTR1UEC2FZ172422,rwd,,pickup,white,https://images.craigslist.org/00M0M_eV3cQU4LRGh_600x450.jpg,41.61285,-83.480782
https://monroemi.craigslist.org/cto/d/2009-pontiac-g6-gxp-all/6709038025.html,monroemi,3500,2009,pontiac,"g6 gxp.",excellent,"6 cylinders",gas,168000,clean,automatic,,fwd,mid-size,sedan,blue,https://images.craigslist.org/00g0g_6pr2IgE8R1t_600x450.jpg,41.908,-83.4719
https://monroemi.craigslist.org/ctd/d/2011-ford-mustang-2d-coupe-dc/6716548141.html,monroemi,12997,2011,ford,mustang,,,gas,43932,clean,automatic,1ZVBP8AM4B5155870,,sub-compact,coupe,blue,https://images.craigslist.org/00R0R_kzSKKQTNis7_600x450.jpg,41.61285,-83.480782
https://monroemi.craigslist.org/cto/d/2016-dodge-charger-sxt-awd/6716494513.html,monroemi,16900,2016,dodge,charger,"like new","6 cylinders",gas,,rebuilt,automatic,,4wd,,,,https://images.craigslist.org/00w0w_6IAXVw6XeWG_600x450.jpg,42.4788,-83.0248
https://monroemi.craigslist.org/cto/d/1997-dodge-dakota-4wd-4x4-318/6706624386.html,monroemi,700,1997,dodge,dakota,fair,"8 cylinders",gas,122000,clean,automatic,,4wd,,truck,,https://images.craigslist.org/00R0R_h1Mjt7RE978_600x450.jpg,41.984302,-83.369691
https://monroemi.craigslist.org/ctd/d/affordable-2012-dodge-grand/6716475433.html,monroemi,3995,2012,dodge,"grand caravan",,"6 cylinders",gas,218407,clean,automatic,2C4RDGBG6CR398663,4wd,,mini-van,white,https://images.craigslist.org/00r0r_5HKGx7PEbg7_600x450.jpg,43.186723,-84.163862
https://monroemi.craigslist.org/ctd/d/affordable-2009-saturn/6716466454.html,monroemi,3495,2009,saturn,outlook,,"6 cylinders",gas,213026,clean,automatic,5GZER13D49J192156,fwd,,SUV,black,https://images.craigslist.org/00h0h_7ITN8wY7JlB_600x450.jpg,43.186723,-84.163862
https://monroemi.craigslist.org/cto/d/1993-jeep-wrangler-yj-sahara/6716459416.html,monroemi,6500,1993,jeep,"wrangler sahara",excellent,"6 cylinders",gas,,clean,automatic,,4wd,,,green,https://images.craigslist.org/00c0c_PcpxBLBYxa_600x450.jpg,42.1382,-83.2179
https://monroemi.craigslist.org/ctd/d/loaded-2007-chevrolet/6716459918.html,monroemi,7995,2007,chevrolet,silverado,,"8 cylinders",gas,229156,clean,automatic,1GCEK19087Z582976,4wd,,truck,black,https://images.craigslist.org/00E0E_l7vlKTbAlOA_600x450.jpg,43.186723,-84.163862
https://monroemi.craigslist.org/cto/d/2006-buick-lucerne-cxl/6716437100.html,monroemi,2800,2006,buick,"lucerne cxl",excellent,"6 cylinders",gas,189000,clean,automatic,,fwd,full-size,sedan,,https://images.craigslist.org/00G0G_6h2Gyb1FOLe_600x450.jpg,41.942855,-83.317226
https://monroemi.craigslist.org/cto/d/1969-torino-cobra-jet/6704871928.html,monroemi,6900,1969,ford,torino,good,,gas,,clean,manual,,,,,,https://images.craigslist.org/00I0I_lfEjLzqhhQc_600x450.jpg,41.8757,-83.6877
https://monroemi.craigslist.org/cto/d/73-nova-ss-roller-parts-or/6696399931.html,monroemi,2000,1973,chevy,"",good,,gas,,missing,automatic,,,,,,https://images.craigslist.org/00y0y_3tEGCdZeuBC_600x450.jpg,,
https://monroemi.craigslist.org/ctd/d/2009-dodge-journey-4d-suv-fwd/6716390215.html,monroemi,8241,2009,dodge,journey,,,gas,41191,clean,automatic,3D4GG57V89T185880,,,hatchback,blue,https://images.craigslist.org/01717_lbaWhqMpOKn_600x450.jpg,41.61285,-83.480782
https://monroemi.craigslist.org/ctd/d/low-miles-2005-pontiac-g6/6716368119.html,monroemi,5995,2005,pontiac,g6,,"6 cylinders",gas,37033,clean,automatic,1G2ZH548354151240,fwd,,sedan,grey,https://images.craigslist.org/01515_hSwZSm8IsLz_600x450.jpg,43.186723,-84.163862
https://monroemi.craigslist.org/ctd/d/2017-jeep-cherokee-call/6716364937.html,monroemi,18988,2017,jeep,"cherokee sport fwd",,"4 cylinders",gas,17495,clean,automatic,1C4PJLAB0HD221339,fwd,,SUV,black,https://images.craigslist.org/00L0L_jP7ndDgfzvH_600x450.jpg,42.216079,-83.270002
https://monroemi.craigslist.org/ctd/d/2017-ford-expedition-el-xlt/6716338501.html,monroemi,29968,2017,ford,"expedition el",,,gas,59351,clean,automatic,1FMJK1JT2HEA48896,4wd,,,,https://images.craigslist.org/00k0k_4FOn70sLo3m_600x450.jpg,41.959412,-83.393019
https://monroemi.craigslist.org/ctd/d/sweet-2009-pontiac-g6-gxp/6716323022.html,monroemi,5995,2009,pontiac,"g6 gxp",,"6 cylinders",gas,162273,clean,automatic,1G2ZM577294175324,fwd,,sedan,white,https://images.craigslist.org/00R0R_EvB2Nrniet_600x450.jpg,43.186723,-84.163862
https://monroemi.craigslist.org/cto/d/fx4/6716240389.html,monroemi,24700,2016,ford,"","like new","8 cylinders",gas,27000,rebuilt,automatic,,4wd,full-size,truck,black,https://images.craigslist.org/00t0t_iQIHbiQlqAD_600x450.jpg,42.3353,-83.2864
https://monroemi.craigslist.org/cto/d/2010-dodge-charger/6716216826.html,monroemi,9000,2010,dodge,charger,good,,gas,75188,clean,automatic,,,,sedan,blue,https://images.craigslist.org/00M0M_9wS02GdZl90_600x450.jpg,42.0529,-83.3755
https://monroemi.craigslist.org/cto/d/2009-ford-focus-parts-car/6711510005.html,monroemi,450,2009,ford,"focus ses",,,gas,,clean,automatic,,,,,silver,https://images.craigslist.org/00101_a7Ctr4uUtC5_600x450.jpg,41.8549,-83.5916
https://monroemi.craigslist.org/cto/d/2007-crown-vic/6716022211.html,monroemi,700,2007,,"crown vic police interceptor",,,gas,,clean,automatic,,,,,,https://images.craigslist.org/00f0f_2WoNC4F9BBY_600x450.jpg,41.9766,-83.2804
https://monroemi.craigslist.org/cto/d/2009-gmc-yukon/6716014802.html,monroemi,13950,2009,gmc,"yukon slt",excellent,"8 cylinders",gas,115000,clean,automatic,,4wd,full-size,SUV,blue,https://images.craigslist.org/00A0A_loHfOxq6LiX_600x450.jpg,41.9766,-83.2804
https://monroemi.craigslist.org/cto/d/2011-buick-lucerne/6710385401.html,monroemi,10500,2011,buick,lucerne,"like new","6 cylinders",gas,118000,clean,automatic,1G4HA5EM2BU143094,fwd,full-size,,red,https://images.craigslist.org/00303_30oBLD3f2Kz_600x450.jpg,41.7682,-83.5797
https://monroemi.craigslist.org/cto/d/2004-ford-expedition/6715893752.html,monroemi,1799,2004,ford,"expedition xlt",fair,"8 cylinders",gas,209000,clean,automatic,,4wd,,SUV,blue,https://images.craigslist.org/00N0N_fKAdyoSjEsI_600x450.jpg,41.913988,-83.415498
https://monroemi.craigslist.org/cto/d/ford-super-duty-250-best-offer/6715854511.html,monroemi,6800,2006,ford,"f-250 super duty",excellent,"4 cylinders",gas,190000,clean,automatic,1FTNF205X6EB06950,rwd,,pickup,custom,https://images.craigslist.org/00r0r_9x0qTgw5KVK_600x450.jpg,42.604885,-83.20851
https://monroemi.craigslist.org/ctd/d/2012-honda-civic-sedan-4d-lx/6715858120.html,monroemi,12078,2012,honda,civic,,,gas,30185,clean,automatic,19XFB2F58CE036582,,compact,sedan,silver,https://images.craigslist.org/00505_7RJ8cmFlOGN_600x450.jpg,41.61285,-83.480782
https://monroemi.craigslist.org/ctd/d/4xnissan-titan-pro-4x/6715835578.html,monroemi,9995,2008,nissan,titan,,"8 cylinders",gas,141697,clean,automatic,1N6AA06C08N355667,4wd,,truck,silver,https://images.craigslist.org/00w0w_8nvSIQJCxyh_600x450.jpg,43.186723,-84.163862
https://monroemi.craigslist.org/cto/d/2012-bmw-328/6710747540.html,monroemi,6500,2012,bmw,"328 i",,,gas,,clean,automatic,,,,,,https://images.craigslist.org/01111_8eQy5FqrqXu_600x450.jpg,41.908,-83.4719
https://monroemi.craigslist.org/cto/d/2012-bmw-328/6710744440.html,monroemi,6500,2014,bmw,"328 i",,,gas,,clean,automatic,,,,,,https://images.craigslist.org/01111_8eQy5FqrqXu_600x450.jpg,41.908,-83.4719
https://monroemi.craigslist.org/cto/d/1997-pontiac-firebird-trans/6715789129.html,monroemi,10900,1997,pontiac,"firebird trans am",excellent,"8 cylinders",gas,,clean,automatic,38853,rwd,full-size,coupe,red,https://images.craigslist.org/00C0C_207phLnBjx_600x450.jpg,42.069557,-83.250961
https://monroemi.craigslist.org/cto/d/dual-swing-wrecker-1983-ford/6694350226.html,monroemi,4750,1983,ford,wrecker,,,gas,,clean,manual,,,,,,https://images.craigslist.org/00N0N_lE5Ufaum3G4_600x450.jpg,42.7635,-84.558
https://monroemi.craigslist.org/ctd/d/clean-2010-chevrolet-equinox/6715749313.html,monroemi,6995,2010,chevrolet,equinox,,"6 cylinders",gas,161711,clean,automatic,2CNFLDEY9A6205506,fwd,,SUV,red,https://images.craigslist.org/00t0t_6hGndjg3csa_600x450.jpg,43.186723,-84.163862
https://monroemi.craigslist.org/ctd/d/2013-chevrolet-chevy-cruze-4d/6715687765.html,monroemi,9993,2013,chevrolet,cruze,,,gas,79633,clean,automatic,1G1PE5SB0D7105137,,,sedan,blue,https://images.craigslist.org/01616_ccELiFKkx1o_600x450.jpg,41.61285,-83.480782
https://monroemi.craigslist.org/ctd/d/affordable-2012-dodge-journey/6715582022.html,monroemi,5995,2012,dodge,"journey r/t",,"6 cylinders",gas,172628,clean,automatic,3C4PDDFG3CT300718,,,SUV,blue,https://images.craigslist.org/00404_9Tvn6eqF0Fu_600x450.jpg,43.186723,-84.163862
https://monroemi.craigslist.org/ctd/d/sharp-2006-cadillac-escalade/6715523791.html,monroemi,5995,2006,cadillac,escalade,,"8 cylinders",gas,169226,clean,automatic,1GYEK63N16R149557,4wd,,SUV,black,https://images.craigslist.org/00e0e_km5MB19dfc8_600x450.jpg,43.186723,-84.163862
https://monroemi.craigslist.org/ctd/d/2011-jeep-liberty-4d-suv-4wd/6715519638.html,monroemi,8454,2011,jeep,liberty/cherokee,,,gas,137911,clean,automatic,1J4PN2GK9BW536006,4wd,,SUV,,https://images.craigslist.org/00e0e_l5IrvYwwdvq_600x450.jpg,41.61285,-83.480782
https://monroemi.craigslist.org/ctd/d/2011-gmc-sierra-sle-4x4/6715511515.html,monroemi,13800,2011,gmc,"sierra sle",excellent,"6 cylinders",gas,128700,clean,automatic,,4wd,full-size,pickup,blue,https://images.craigslist.org/00h0h_27ExWB8W6R3_600x450.jpg,42.094911,-83.225598
https://monroemi.craigslist.org/ctd/d/2009-chrysler-town-country/6715492450.html,monroemi,7988,2009,chrysler,"town & country 4dr wgn touring",,"6 cylinders",gas,106436,clean,automatic,2A8HR54109R562825,fwd,,mini-van,red,https://images.craigslist.org/01313_aZEtz59vcBE_600x450.jpg,42.216079,-83.270002
https://monroemi.craigslist.org/ctd/d/extra-clean-2009-chrysler/6715467259.html,monroemi,9995,2009,chrysler,"aspen limited",,"8 cylinders",gas,135502,clean,automatic,1A8HW58T69F709449,,,SUV,black,https://images.craigslist.org/00M0M_ks0CAY2Uzyp_600x450.jpg,43.186723,-84.163862
https://monroemi.craigslist.org/ctd/d/2017-ford-expedition-el-xlt/6715459681.html,monroemi,32967,2017,ford,"expedition el",,,gas,41362,clean,automatic,1FMJK1JT0HEA45480,4wd,,,silver,https://images.craigslist.org/00909_kJsniQIdrJh_600x450.jpg,41.959412,-83.393019
https://monroemi.craigslist.org/ctd/d/2013-chevrolet-tahoe-lt-4wd/6715408664.html,monroemi,21995,2013,chevrolet,tahoe,good,"8 cylinders",gas,97435,clean,automatic,1GNSKBE07DR112035,4wd,full-size,SUV,black,https://images.craigslist.org/00707_7lXHmWbb9Ch_600x450.jpg,42.477134,-82.949564
https://monroemi.craigslist.org/ctd/d/2011-ford-expedition-king/6715408649.html,monroemi,12995,2011,ford,expedition,good,"8 cylinders",gas,114955,clean,automatic,1FMJU1J53BEF07890,4wd,full-size,SUV,grey,https://images.craigslist.org/00K0K_6NTzXGCqls5_600x450.jpg,42.477134,-82.949564
https://monroemi.craigslist.org/ctd/d/2011-gmc-acadia-slt-1-fwd/6715408653.html,monroemi,10995,2011,gmc,acadia,good,"6 cylinders",gas,115688,clean,automatic,1GKKRRED1BJ346283,fwd,full-size,SUV,grey,https://images.craigslist.org/00f0f_go3xMezzXXu_600x450.jpg,42.477134,-82.949564
https://monroemi.craigslist.org/ctd/d/2008-chevrolet-tahoe-hybrid/6715408654.html,monroemi,8995,2008,chevrolet,"tahoe hybrid",good,"8 cylinders",hybrid,142194,clean,automatic,1GNFK13578R239965,4wd,full-size,SUV,black,https://images.craigslist.org/00q0q_3CIU9LqQISi_600x450.jpg,42.477134,-82.949564
https://monroemi.craigslist.org/ctd/d/2012-ford-350-sd-xlt-crew-cab/6715408467.html,monroemi,29995,2012,ford,"f-350 sd",good,"8 cylinders",diesel,114599,clean,automatic,1FT8W3BT6CEA49107,4wd,full-size,truck,white,https://images.craigslist.org/00o0o_kuNbDdzWO4U_600x450.jpg,42.477134,-82.949564
https://monroemi.craigslist.org/ctd/d/2011-ford-escape-xlt-fwd/6715408450.html,monroemi,7995,2011,ford,escape,good,"4 cylinders",gas,102766,clean,automatic,1FMCU0D72BKA21010,fwd,full-size,SUV,black,https://images.craigslist.org/00O0O_5HJsl53Kwby_600x450.jpg,42.477134,-82.949564
https://monroemi.craigslist.org/ctd/d/2006-ford-econoline-350/6715408451.html,monroemi,11995,2006,ford,econoline,good,"8 cylinders",gas,76844,clean,automatic,1FBSS31L56DB12599,rwd,,wagon,blue,https://images.craigslist.org/01212_26RsUnpKnkJ_600x450.jpg,42.477134,-82.949564
https://monroemi.craigslist.org/ctd/d/2017-ford-250-sd-king-ranch/6715408452.html,monroemi,44995,2017,ford,"f-250 sd",good,"8 cylinders",diesel,57297,clean,automatic,1FT7W2BTXHED59340,4wd,full-size,truck,white,https://images.craigslist.org/00n0n_lQZfI9dqVfe_600x450.jpg,42.477134,-82.949564
https://monroemi.craigslist.org/ctd/d/2014-cadillac-ats-36l-premium/6715408453.html,monroemi,16495,2014,cadillac,ats,good,"6 cylinders",gas,84411,clean,automatic,1G6AL5S32E0115337,4wd,,sedan,black,https://images.craigslist.org/00q0q_fGxHivGEGFQ_600x450.jpg,42.477134,-82.949564
https://waco.craigslist.org/cto/d/2003-chevy-silverado-1500-z71/6718624212.html,waco,6000,2003,chevrolet,silverado,,,gas,,clean,automatic,,,,,,https://images.craigslist.org/00J0J_9wSW0BrEd37_600x450.jpg,31.656316,-97.473068
https://waco.craigslist.org/cto/d/2016-chevy-colorado-extended/6718616949.html,waco,16900,2016,chevy,colorado,excellent,,gas,22000,clean,manual,,,,,silver,https://images.craigslist.org/00000_fMYS9hmm77Y_600x450.jpg,32.5814,-97.3703
https://waco.craigslist.org/cto/d/2005-jeep-grand-cherokee/6718588117.html,waco,1700,2005,jeep,cherokee,,,gas,,clean,automatic,,,,,,https://images.craigslist.org/00r0r_2Rhd0JVEDFp_600x450.jpg,31.9713,-97.3463
https://waco.craigslist.org/cto/d/2012toyota-tacoma-pre-runner/6718570680.html,waco,15750,2012,toyota,"tacoma prerunner v6",excellent,"6 cylinders",gas,78000,clean,automatic,5TFTU4GN6CX022607,rwd,,pickup,,https://images.craigslist.org/00808_2Lm13UWMryx_600x450.jpg,30.713504,-95.625
https://waco.craigslist.org/cto/d/2013-chevy-silverado-2500hd/6718554214.html,waco,14500,2013,chevy,"silverado 2500hd",excellent,"8 cylinders",gas,175000,clean,automatic,1GC2CVCG8DZ142975,rwd,full-size,pickup,white,https://images.craigslist.org/00S0S_9DsThdN6M93_600x450.jpg,30.1716,-95.4985
https://waco.craigslist.org/cto/d/01-dodgex4-cummins5spd-manual/6712403054.html,waco,11000,2001,dodge,"",,,diesel,,clean,manual,,4wd,,,red,https://images.craigslist.org/00404_deuttn5pnSF_600x450.jpg,31.6403,-97.0963
https://waco.craigslist.org/cto/d/1990-chevrolet-step-van-tool/6696395278.html,waco,5900,1990,chevrolet,"",,"8 cylinders",gas,,clean,automatic,,,,,white,https://images.craigslist.org/00101_8Hu8awL45M3_600x450.jpg,31.6403,-97.0963
https://waco.craigslist.org/cto/d/1998-buick-lesabre-custom/6713442751.html,waco,1300,1998,buick,"lesabre custom",good,,gas,220000,clean,automatic,,rwd,full-size,sedan,green,https://images.craigslist.org/00m0m_33fYcLLgeqU_600x450.jpg,31.515919,-97.140497
https://waco.craigslist.org/cto/d/09-chevy-hhr-lt-flex-fuel/6699412196.html,waco,2600,2009,chevy,"hhr lt flex fuel",excellent,"4 cylinders",gas,180000,clean,automatic,,fwd,,SUV,red,https://images.craigslist.org/00u0u_lVxQ3PnfV1w_600x450.jpg,31.5171,-97.1198
https://waco.craigslist.org/cto/d/2006-chevrolet-cobalt-lt-3400/6716162375.html,waco,3400,2006,chevrolet,"cobalt lt",excellent,"4 cylinders",gas,,clean,automatic,,fwd,mid-size,sedan,purple,https://images.craigslist.org/00U0U_Zr09JrcoNs_600x450.jpg,31.5171,-97.1198
https://waco.craigslist.org/cto/d/2004-dodge-ram3500/6709694359.html,waco,12000,2004,ram,3500,,,diesel,,clean,automatic,,,,,,https://images.craigslist.org/00b0b_3kwilAYmmO0_600x450.jpg,30.3177,-96.9702
https://waco.craigslist.org/cto/d/honda-accord/6718479674.html,waco,1000,2004,honda,accord,excellent,,gas,,clean,automatic,,,,,,https://images.craigslist.org/00u0u_cy78TTSYE62_600x450.jpg,29.8754,-97.9404
https://waco.craigslist.org/cto/d/1969-karmann-ghia-sale-or/6706208997.html,waco,8500,1969,vw,"karmann ghia",fair,"4 cylinders",gas,96696,clean,manual,,rwd,,coupe,white,https://images.craigslist.org/00T0T_hRcnN0p2Tan_600x450.jpg,31.9713,-97.3463
https://waco.craigslist.org/cto/d/05-pontiac-grand-prix/6703407775.html,waco,2200,2005,pontiac,"",,,gas,,clean,automatic,,,,,,https://images.craigslist.org/00s0s_7E1S6qnaxKR_600x450.jpg,31.0376,-97.6809
https://waco.craigslist.org/ctd/d/2016-dodge-grand-caravan-sxt/6718406040.html,waco,11995,2016,dodge,"grand caravan sxt","like new","6 cylinders",gas,86000,clean,automatic,,,full-size,van,black,https://images.craigslist.org/00N0N_4NczqhYTmw3_600x450.jpg,31.615281,-97.108939
https://waco.craigslist.org/cto/d/1993-chevy-cheyenne/6713459666.html,waco,1000,1993,chevy,1500,,,gas,,clean,automatic,,,,,,https://images.craigslist.org/00M0M_3oZdH6MuSiw_600x450.jpg,31.6403,-97.0963
https://waco.craigslist.org/cto/d/o2-dodge-neon-have-to-so-by/6718386619.html,waco,650,2002,dodge,neon,fair,"4 cylinders",gas,186,rebuilt,automatic,,fwd,sub-compact,,red,https://images.craigslist.org/00o0o_bQ1aWimm55s_600x450.jpg,32.7904,-96.8044
https://waco.craigslist.org/ctd/d/2014-ford-150-4x4-fx4/6718383741.html,waco,20300,2014,ford,"f-150 4x4",,"6 cylinders",gas,101256,clean,automatic,1FTFX1ET7EKG06664,4wd,,,blue,https://images.craigslist.org/01717_cW9GH7ys0uk_600x450.jpg,32.709924,-97.154824
https://waco.craigslist.org/cto/d/2002-chevy-silverado/6718375766.html,waco,3500,2002,chevy,"silverado 1500",,"8 cylinders",gas,211000,clean,automatic,,,,,,https://images.craigslist.org/00T0T_bGnVteJpeKd_600x450.jpg,31.6403,-97.0963
https://waco.craigslist.org/ctd/d/2006-chevrolet-silveradox4-lt3/6718378102.html,waco,11700,2006,chevrolet,"silverado 1500 4x4",,"8 cylinders",gas,215835,clean,automatic,2GCEK13T961130772,4wd,,,black,https://images.craigslist.org/00S0S_wrhqSNv84f_600x450.jpg,32.709924,-97.154824
https://waco.craigslist.org/cto/d/1976-cadillac-eldorado/6693413029.html,waco,13500,1976,cadillac,"eldorado convertible",excellent,"8 cylinders",gas,58112,clean,automatic,6L67S6Q159793,fwd,full-size,convertible,brown,https://images.craigslist.org/00q0q_yGmau594uA_600x450.jpg,35.6215,-97.4733
https://waco.craigslist.org/ctd/d/2017-kia-sportage-lx/6718367693.html,waco,15375,2017,kia,"sportage lx","like new","6 cylinders",gas,35030,clean,automatic,KNDPM3ACXH7077555,fwd,full-size,SUV,silver,https://images.craigslist.org/00L0L_5VEvnH8NONY_600x450.jpg,31.437109,-97.247875
https://waco.craigslist.org/cto/d/2000-saturn/6700257113.html,waco,1650,2000,saturn,sl,,,gas,,clean,automatic,,,,,,https://images.craigslist.org/00D0D_6YXpfacwJYN_600x450.jpg,31.6403,-97.0963
https://waco.craigslist.org/cto/d/2007-mercedes-c230-amg/6713235790.html,waco,4400,2007,mercedes,c230,good,"6 cylinders",gas,,clean,automatic,,rwd,,,,https://images.craigslist.org/00M0M_HfvV1jTbe1_600x450.jpg,31.5525,-97.1396
https://waco.craigslist.org/cto/d/mercedes-benz-cl600-v12-turbo/6718359157.html,waco,9900,2003,,Benz,excellent,"12 cylinders",gas,99000,clean,automatic,,rwd,,,grey,https://images.craigslist.org/00u0u_8v4c41Yyyiq_600x450.jpg,31.5175,-97.1547
https://waco.craigslist.org/ctd/d/2011-land-rover-range-rover/6718362946.html,waco,22800,2011,rover,sport,,"8 cylinders",gas,67515,clean,automatic,SALSK2D48BA290442,4wd,,,white,https://images.craigslist.org/01616_llEjDrCqaMX_600x450.jpg,32.709924,-97.154824
https://waco.craigslist.org/cto/d/2005-chrysler-town-and-country/6712818151.html,waco,1800,2005,chrysler,"town and country",good,"6 cylinders",gas,167000,clean,automatic,,,,,,https://images.craigslist.org/00L0L_hClYSlPc5J0_600x450.jpg,31.6403,-97.0963
https://waco.craigslist.org/cto/d/2011-chevy-traverse/6709951529.html,waco,7950,2011,chevy,traverse,excellent,"6 cylinders",gas,124000,clean,automatic,,fwd,,,,https://images.craigslist.org/00w0w_bjpMa3ImeF5_600x450.jpg,31.6403,-97.0963
https://waco.craigslist.org/cto/d/2012-mini-cooper/6718320148.html,waco,10500,2012,mini,"cooper s",,"4 cylinders",gas,,clean,automatic,,,,,,https://images.craigslist.org/00m0m_ghurcMc5Sc3_600x450.jpg,31.5527,-97.1588
https://waco.craigslist.org/ctd/d/2015-buick-enclave-suv/6718300856.html,waco,26955,2015,buick,enclave,good,"6 cylinders",gas,35664,clean,automatic,,fwd,mid-size,SUV,grey,https://images.craigslist.org/01010_cc9pISZcrsP_600x450.jpg,31.505269,-97.181694
https://waco.craigslist.org/cto/d/2008-cadillac-dts/6718296395.html,waco,4595,2008,cadillac,dts,good,"8 cylinders",gas,225000,clean,automatic,,fwd,,sedan,,https://images.craigslist.org/00J0J_hC9o0MrszvC_600x450.jpg,31.485594,-98.145684
https://waco.craigslist.org/cto/d/dodge-dakota-2002/6706253728.html,waco,2900,2002,,"Dakota SLE",good,"6 cylinders",gas,177000,clean,automatic,,4wd,full-size,truck,silver,https://images.craigslist.org/00U0U_1HLBDAgCHya_600x450.jpg,31.6673,-97.3002
https://waco.craigslist.org/ctd/d/local-waco-dealer-2010-dodge/6718289156.html,waco,9800,2010,dodge,challenger,good,"6 cylinders",gas,88559,clean,automatic,2B3CJ4DV5AH321926,rwd,full-size,coupe,blue,https://images.craigslist.org/00r0r_gPkPqRPdD6d_600x450.jpg,31.579596,-97.300158
https://waco.craigslist.org/ctd/d/local-waco-dealer-2013-malibu/6718288668.html,waco,11900,2013,chevrolet,malibu,"like new","4 cylinders",gas,52289,clean,automatic,1G11F5RR1DF107684,fwd,full-size,sedan,silver,https://images.craigslist.org/00Q0Q_9hciWqOtGD4_600x450.jpg,31.579632,-97.300286
https://waco.craigslist.org/ctd/d/local-waco-dealer-2013-ford/6718288174.html,waco,10900,2013,ford,"fusion se",good,"4 cylinders",gas,44063,clean,automatic,3FA6P0H79DR215007,fwd,full-size,sedan,white,https://images.craigslist.org/00U0U_l2AYuR1kNsd_600x450.jpg,31.579523,-97.300243
https://waco.craigslist.org/ctd/d/local-waco-dealer-2014/6718287654.html,waco,7400,2014,chevrolet,cruze,good,"4 cylinders",gas,101938,clean,automatic,1G1PA5SH2E7446878,fwd,compact,sedan,black,https://images.craigslist.org/00909_4OVQNl0Hz1l_600x450.jpg,31.579632,-97.3002
https://waco.craigslist.org/ctd/d/local-waco-dealer-2011/6718286901.html,waco,4500,2011,chevrolet,"aveo lt",excellent,"4 cylinders",gas,109015,clean,automatic,KL1TD5DE7BB162176,fwd,compact,sedan,silver,https://images.craigslist.org/00A0A_1BnU9gaafLr_600x450.jpg,31.579669,-97.300329
https://waco.craigslist.org/cto/d/89-ford-escort/6718267778.html,waco,1000,1989,ford,escort,,,gas,,clean,automatic,,,,,,https://images.craigslist.org/00a0a_27KGykEnK8S_600x450.jpg,31.5002,-96.9476
https://waco.craigslist.org/cto/d/2008-ford-focus/6718178884.html,waco,3850,2008,ford,focus,good,"4 cylinders",gas,,clean,manual,,,,,,https://images.craigslist.org/00b0b_kZvf1IoMiSW_600x450.jpg,31.5051,-97.2311
https://waco.craigslist.org/ctd/d/2016-cadillac-escalade-local/6718262817.html,waco,59885,2016,cadillac,escalade,excellent,"8 cylinders",gas,19786,clean,automatic,,rwd,full-size,SUV,grey,https://images.craigslist.org/00303_b6Ua6UQIIRF_600x450.jpg,31.505151,-97.180836
https://waco.craigslist.org/cto/d/2016-volkswagen-jetta/6694164755.html,waco,10500,2016,volkswagen,jetta,excellent,"4 cylinders",gas,38000,clean,manual,,fwd,full-size,sedan,brown,https://images.craigslist.org/00505_fvEavcZUGQo_600x450.jpg,31.6403,-97.0963
https://waco.craigslist.org/cto/d/2010-convertible-bmw-reduced/6709973448.html,waco,16500,2010,bmw,"328i convertible",excellent,,gas,,clean,automatic,,,,,white,https://images.craigslist.org/00m0m_crYKnwwFEI4_600x450.jpg,31.6725,-97.1138
https://waco.craigslist.org/ctd/d/2016-dodge-ram-4500-crew/6718240057.html,waco,49900,2016,dodge,4500,excellent,"6 cylinders",gas,,clean,automatic,,4wd,full-size,truck,grey,https://images.craigslist.org/00h0h_liePvaostmQ_600x450.jpg,34.7714,-96.9763
https://waco.craigslist.org/ctd/d/2010-chevy-silverado-1500-ext/6718221278.html,waco,15995,2010,chevy,"silverado 1500",good,"8 cylinders",gas,80330,clean,automatic,,rwd,full-size,truck,white,https://images.craigslist.org/00h0h_hNq1pOoWf7W_600x450.jpg,31.505327,-97.181213
https://waco.craigslist.org/cto/d/1967-ford-f100-swb/6718192709.html,waco,3500,1967,ford,f100,fair,"6 cylinders",gas,,clean,manual,,rwd,full-size,truck,red,https://images.craigslist.org/01313_2eDOkYxWk2P_600x450.jpg,31.9713,-97.3463
https://waco.craigslist.org/cto/d/2003-mercedes-e320/6718154488.html,waco,4400,2003,mercedes-benz,e320,,,gas,,clean,automatic,,,,,,https://images.craigslist.org/00o0o_cQNvGG2grZt_600x450.jpg,31.6403,-97.0963
https://waco.craigslist.org/ctd/d/11-chrysler-town-country/6718181329.html,waco,20850,2011,chrysler,"town and country tourin",,,gas,104607,clean,automatic,2A4RR5DG0BR629018,,,,,https://images.craigslist.org/00606_5FnNcD7EwUn_600x450.jpg,32.871517,-96.983271
https://waco.craigslist.org/cto/d/88-dodge-dakota-for-parts/6700322736.html,waco,1,1988,dodge,dakota,,,gas,,clean,manual,,,,,,https://images.craigslist.org/00j0j_kzi4SQGfEfo_600x450.jpg,32.022195,-97.499886
https://waco.craigslist.org/cto/d/f150-v8-54l/6718165679.html,waco,3000,1997,,f150,good,,gas,,clean,automatic,,rwd,,truck,black,https://images.craigslist.org/01515_2SDXO1KdcLZ_600x450.jpg,31.639376,-97.087156
https://waco.craigslist.org/cto/d/2006-ford-60-diesel-350-dually/6700155277.html,waco,6500,2006,ford,f-350,,,diesel,,clean,automatic,,,,truck,white,https://images.craigslist.org/00Q0Q_8uBG1QQuYal_600x450.jpg,31.6403,-97.0963
https://waco.craigslist.org/cto/d/1985-chevy-silverado/6718155655.html,waco,15000,1985,chevy,silverado,,,gas,,clean,automatic,,,,,,https://images.craigslist.org/00101_9yPIl73s7rf_600x450.jpg,31.9713,-97.3463
https://waco.craigslist.org/cto/d/2001-ford-f150-4x4-lariat/6707234277.html,waco,1800,2001,ford,"f150 4x4",,,gas,,clean,automatic,,,,,,https://images.craigslist.org/00E0E_tjFNo1iwg6_600x450.jpg,32.0868,-96.4762
https://waco.craigslist.org/cto/d/2007-hyundai-sonata/6711251980.html,waco,700,2007,hyundai,"sonata se",good,"6 cylinders",gas,145000,clean,automatic,,fwd,mid-size,sedan,grey,https://images.craigslist.org/00G0G_jMjsYkDvz9v_600x450.jpg,31.8916,-97.0671
https://waco.craigslist.org/cto/d/2000-dodge-dakota-extended-cab/6718127449.html,waco,1200,2000,dodge,dakota,good,"6 cylinders",gas,150000,clean,automatic,,rwd,mid-size,truck,green,https://images.craigslist.org/00G0G_iyOzXQZ99DN_600x450.jpg,32.081277,-96.807592
https://waco.craigslist.org/cto/d/2005-bmw-z4/6718118183.html,waco,7500,2005,bmw,z4,,,gas,,clean,manual,,,,,,https://images.craigslist.org/00M0M_1bKlDqTrJ1w_600x450.jpg,31.5171,-97.1198
https://waco.craigslist.org/cto/d/2004-ford-excursion-king-ranch/6718109932.html,waco,18500,2004,ford,excursion,,,diesel,239000,clean,automatic,,,,,,https://images.craigslist.org/00000_cj5Gu2JRwMh_600x450.jpg,31.63061,-97.419102
https://waco.craigslist.org/cto/d/2007-hmm-yukon-denali/6718095220.html,waco,13000,2007,gmc,"",excellent,"8 cylinders",gas,,clean,automatic,,4wd,full-size,SUV,black,https://images.craigslist.org/00s0s_bfHouwnN4ed_600x450.jpg,31.5171,-97.1198
https://waco.craigslist.org/cto/d/08-ford-explorer-xlt-third-row/6703357787.html,waco,5950,2008,ford,"explorer xlt",excellent,"6 cylinders",gas,130,clean,automatic,,rwd,mid-size,,blue,https://images.craigslist.org/00B0B_bFI9IC3cijY_600x450.jpg,31.641318,-97.139697
https://waco.craigslist.org/cto/d/2002-ford-f250sd-v10-6-spd/6697518620.html,waco,7500,2002,ford,"",excellent,"10 cylinders",gas,164589,clean,manual,1ftnf20s82eb90699,rwd,full-size,pickup,red,https://images.craigslist.org/00v0v_d0uzqJ7bLVD_600x450.jpg,31.570602,-96.531544
https://waco.craigslist.org/ctd/d/2013-ford-escape-fwd-4dr-sel/6718065880.html,waco,8995,2013,ford,escape,excellent,"4 cylinders",gas,137500,clean,automatic,1FMCU0HX1DUB39390,fwd,mid-size,SUV,silver,https://images.craigslist.org/00Y0Y_6SRWgKr5qqP_600x450.jpg,31.5051,-97.2311
https://waco.craigslist.org/ctd/d/2005-kia-sorento-4dr-ex/6718065383.html,waco,3995,2005,kia,sorento,excellent,"6 cylinders",gas,170500,clean,automatic,KNDJD733455470503,rwd,mid-size,SUV,,https://images.craigslist.org/00R0R_bUvsgh8SWli_600x450.jpg,31.5051,-97.2311
https://waco.craigslist.org/ctd/d/2008-chevrolet-trailblazer/6718065002.html,waco,6995,2008,chevrolet,trailblazer,excellent,"6 cylinders",gas,133500,clean,automatic,1GNDS13S482146200,rwd,mid-size,SUV,black,https://images.craigslist.org/00404_Ac0aMiBOcj_600x450.jpg,31.5051,-97.2311
https://waco.craigslist.org/ctd/d/2007-ford-focus-4dr-sdn/6718064581.html,waco,3995,2007,ford,focus,excellent,"4 cylinders",gas,102800,clean,automatic,1FAFP34N17W102823,fwd,compact,sedan,,https://images.craigslist.org/01010_gluLbA2dv64_600x450.jpg,31.5051,-97.2311
https://waco.craigslist.org/ctd/d/2013-lexus-es-350-4dr/6718064162.html,waco,22995,2013,lexus,"es 350",excellent,"6 cylinders",gas,31500,clean,automatic,JTHBK1GG5D2052986,fwd,mid-size,sedan,white,https://images.craigslist.org/00c0c_ikZhKcSr83_600x450.jpg,31.5051,-97.2311
https://waco.craigslist.org/ctd/d/2005-ford-explorer-4dr-xlt-4wd/6718063692.html,waco,3995,2005,ford,explorer,excellent,"6 cylinders",gas,173000,clean,automatic,1FMDU73K25UB83487,4wd,,SUV,red,https://images.craigslist.org/00D0D_9niEafjzxky_600x450.jpg,31.5051,-97.2311
https://waco.craigslist.org/ctd/d/2008-ford-super-duty-250-srw/6718058743.html,waco,14288,2008,ford,"super duty f-250 srw",,"8 cylinders",,218556,clean,automatic,1FTSW20R38ED09607,rwd,,pickup,black,https://images.craigslist.org/00303_XdAK39r8fF_600x450.jpg,31.793728,-97.588001
https://waco.craigslist.org/ctd/d/2014-chevrolet-silverado-1500/6718058508.html,waco,19995,2014,chevrolet,"silverado 1500 lt","like new","8 cylinders",gas,78000,clean,automatic,,rwd,full-size,pickup,silver,https://images.craigslist.org/00P0P_5fV2BYGJZFi_600x450.jpg,31.615281,-97.108939
https://waco.craigslist.org/ctd/d/1982-gmc-cabarello/6718046716.html,waco,7500,1982,gmc,cabarello,excellent,"8 cylinders",gas,,clean,automatic,1GTCW80H6CR501944,rwd,compact,truck,brown,https://images.craigslist.org/00p0p_atlUoG3TSVo_600x450.jpg,31.6725,-97.1138
https://waco.craigslist.org/cto/d/mercedes-e350/6706090060.html,waco,17500,2013,,Mercedes/E350,excellent,"6 cylinders",gas,74464,clean,automatic,WDDHF5KB9DA746613,rwd,full-size,sedan,silver,https://images.craigslist.org/01717_73qWSo2L7Xr_600x450.jpg,31.472083,-96.924605
https://waco.craigslist.org/cto/d/mercedes-e350/6706092764.html,waco,17500,2013,,Mercedes/E350,excellent,"6 cylinders",gas,74464,clean,automatic,WDDHF5KB9DA746613,rwd,full-size,sedan,silver,https://images.craigslist.org/01717_73qWSo2L7Xr_600x450.jpg,31.472083,-96.924605
https://waco.craigslist.org/cto/d/2005-saturn-ion/6711606096.html,waco,2300,2005,saturn,ion,,"4 cylinders",gas,180000,clean,automatic,,fwd,,,,https://images.craigslist.org/00B0B_gvwlcmCQIhG_600x450.jpg,31.6403,-97.0963
https://waco.craigslist.org/cto/d/2000-ford-expedition/6710062019.html,waco,2200,2000,ford,"expedition eddie bauer",,,gas,,clean,automatic,,,,,,https://images.craigslist.org/00A0A_hs4XyPqUMPL_600x450.jpg,32.676778,-97.165318
https://waco.craigslist.org/cto/d/1927-roadster/6715579417.html,waco,19000,1927,,"1927 T Roadster",excellent,"8 cylinders",gas,2000,clean,automatic,,rwd,,,blue,https://images.craigslist.org/00505_fjBZZvzAlzB_600x450.jpg,29.579,-98.2778
https://waco.craigslist.org/ctd/d/2013-dodge-challenger-2dr-cpe/6717969842.html,waco,15995,2013,dodge,challenger,excellent,"6 cylinders",gas,92679,clean,automatic,2C3CDYAG8DH723855,rwd,mid-size,coupe,silver,https://images.craigslist.org/00s0s_cLDkdhmqCw_600x450.jpg,31.538069,-97.150588
https://waco.craigslist.org/cto/d/2005-chevy-tahoe/6717963120.html,waco,5500,2005,chevy,tahoe,,,gas,155000,clean,automatic,,rwd,,,,https://images.craigslist.org/00e0e_jHPAQSUcpUt_600x450.jpg,31.6403,-97.0963
https://waco.craigslist.org/cto/d/1973-jeep-cj5-v8/6717956627.html,waco,6500,1973,jeep,"cj 5",excellent,"8 cylinders",gas,35753,clean,manual,,4wd,full-size,SUV,green,https://images.craigslist.org/00z0z_33z3Qd93FRV_600x450.jpg,31.5357,-96.5234
https://waco.craigslist.org/cto/d/2013-camery-hybrid-xle/6716100860.html,waco,1,2013,toyota,camry,,,hybrid,70000,rebuilt,automatic,,,,,,https://images.craigslist.org/00101_f2bq79PCoYw_600x450.jpg,31.5765,-97.1786
https://waco.craigslist.org/cto/d/2000-international-4700-crew/6709120950.html,waco,38950,2000,,"4700 international",excellent,"6 cylinders",diesel,72000,clean,automatic,,rwd,full-size,truck,white,https://images.craigslist.org/00x0x_dZi2LLEN9Ql_600x450.jpg,34.5575,-114.3307
https://waco.craigslist.org/cto/d/jeep-wrangler/6717889792.html,waco,5300,1991,jeep,wrangler,good,,gas,,clean,manual,,4wd,,,black,https://images.craigslist.org/00S0S_a6txcbLlfdn_600x450.jpg,30.5145,-97.668
https://waco.craigslist.org/ctd/d/2014-ford-explorer-xlt-3rd/6717933934.html,waco,18295,2014,ford,"explorer xlt",excellent,"6 cylinders",gas,89217,clean,automatic,1FM5K7D8XEGA12790,fwd,,,orange,https://images.craigslist.org/00Y0Y_5qr1gFNtesA_600x450.jpg,31.49418,-97.22788
https://waco.craigslist.org/ctd/d/2015-toyota-prius-two-extra/6717932079.html,waco,13999,2015,toyota,"prius c",excellent,"4 cylinders",hybrid,42449,clean,automatic,JTDKDTB37F1106079,fwd,,,silver,https://images.craigslist.org/00000_eBxaZ1eR9a7_600x450.jpg,31.49418,-97.22788
https://waco.craigslist.org/cto/d/2001-mitsubishi-montero-sport/6717923417.html,waco,2500,2001,mitsubishi,"montero sport",,,gas,150000,clean,automatic,,,,,,https://images.craigslist.org/00d0d_67qZQHTAaCH_600x450.jpg,31.581731,-97.114548
https://waco.craigslist.org/cto/d/1997-cavalier/6717922342.html,waco,700,1997,chevy,"",good,"4 cylinders",gas,251000,clean,manual,,fwd,compact,coupe,brown,https://images.craigslist.org/00s0s_2v57zLKjEHr_600x450.jpg,32.1052,-97.3652
https://waco.craigslist.org/cto/d/sterling-at9500-daycab-mack/6717912364.html,waco,17900,2007,,"Sterling 9500",,,diesel,,clean,manual,,,,,,https://images.craigslist.org/00h0h_itzhBnsQnfS_600x450.jpg,31.456092,-97.170027
https://waco.craigslist.org/cto/d/85-chevy-elcamino-conquista/6713729304.html,waco,5495,1985,chevy,elcamino.,good,"8 cylinders",gas,,clean,automatic,,rwd,full-size,,,https://images.craigslist.org/00J0J_aAI1mwkCzhH_600x450.jpg,31.4582,-97.1966
https://waco.craigslist.org/cto/d/07-toyota-camry-le/6712112503.html,waco,4900,2007,toyota,"camry le",excellent,"4 cylinders",gas,187400,clean,automatic,,,,,,https://images.craigslist.org/00v0v_josgcSzdTZF_600x450.jpg,31.6673,-97.3002
https://waco.craigslist.org/ctd/d/2013-kia-optima-call/6717902898.html,waco,8982,2013,kia,"optima 4dr sdn lx",,"4 cylinders",,104143,clean,automatic,5XXGM4A71DG171558,fwd,,sedan,custom,https://images.craigslist.org/00k0k_84EnOeJnj3G_600x450.jpg,32.0,-97.0
https://waco.craigslist.org/ctd/d/2015-kia-forte-call/6717902846.html,waco,10982,2015,kia,"forte 4dr sdn auto lx",,"4 cylinders",,38805,clean,automatic,KNAFK4A66F5331236,fwd,,sedan,silver,https://images.craigslist.org/00b0b_8YKWanvIDu7_600x450.jpg,32.0,-97.0
https://waco.craigslist.org/cto/d/2005-chevy-malibu/6714986478.html,waco,1000,2005,chevy,malibu,good,"6 cylinders",gas,176,clean,automatic,,fwd,mid-size,sedan,custom,https://images.craigslist.org/00000_atbM8TYJPZZ_600x450.jpg,31.156,-96.6697
https://waco.craigslist.org/cto/d/2007-dodge-ram-1500/6717884967.html,waco,5500,2007,ram,1500,,"8 cylinders",gas,167000,clean,automatic,,rwd,,,,https://images.craigslist.org/00707_3vdy1Oe1DwU_600x450.jpg,31.6403,-97.0963
https://waco.craigslist.org/cto/d/2006-ford-crewcab-by-owner/6717878356.html,waco,8800,2006,ford,f350,excellent,"8 cylinders",diesel,250000,clean,automatic,,rwd,full-size,pickup,white,https://images.craigslist.org/00505_2Gw9GNctgl4_600x450.jpg,,
https://waco.craigslist.org/cto/d/80-chevy-3-4-ton/6694828655.html,waco,1500,1980,chevy,"3/4 ton",fair,"8 cylinders",gas,,clean,automatic,,rwd,full-size,pickup,brown,https://images.craigslist.org/00m0m_c3LQGBFmPfP_600x450.jpg,31.5171,-97.1198
https://waco.craigslist.org/cto/d/99-suburban/6694828355.html,waco,3000,1999,chevy,"suburban 1500",good,"8 cylinders",gas,,clean,automatic,,rwd,full-size,SUV,brown,https://images.craigslist.org/00S0S_8l5GRtsrdoI_600x450.jpg,31.5171,-97.1198
https://waco.craigslist.org/cto/d/2007-kia-sportage/6717863937.html,waco,3900,2007,kia,sportage,,,gas,,clean,automatic,,,,,,https://images.craigslist.org/00j0j_lWG4CIjCcc1_600x450.jpg,31.5051,-97.2311
https://waco.craigslist.org/ctd/d/2013-chevrolet-sonic-call/6717845354.html,waco,8982,2013,chevrolet,"sonic 5dr hb auto ltz",,"4 cylinders",,78452,clean,automatic,1G1JE6SH1D4179328,fwd,,sedan,black,https://images.craigslist.org/00X0X_frPlKRAuHrh_600x450.jpg,32.0,-97.0
https://waco.craigslist.org/cto/d/2007-gmc-2500hd-diesel/6717840442.html,waco,7500,2007,gmc,2500hd,,"8 cylinders",diesel,244000,clean,automatic,,rwd,,,,https://images.craigslist.org/00Y0Y_6YSdo7TBImo_600x450.jpg,31.6403,-97.0963
https://waco.craigslist.org/ctd/d/2008-toyota-tundra-trd-4x4/6717840695.html,waco,13990,2008,toyota,tundra,good,"8 cylinders",gas,158422,clean,automatic,,4wd,full-size,truck,brown,https://images.craigslist.org/00o0o_b92aTmWDvIS_600x450.jpg,31.9116,-98.6082
https://waco.craigslist.org/cto/d/isuzu-trooper/6717834872.html,waco,1200,2001,,"isuzu Trooper LS",fair,,gas,169000,clean,automatic,,,full-size,SUV,,https://images.craigslist.org/00H0H_az8cvfZCfAt_600x450.jpg,31.4873,-96.2387
https://waco.craigslist.org/ctd/d/2006-dodge-ram-2500-laramie/6717836086.html,waco,23990,2006,ram,2500,good,"6 cylinders",diesel,118992,clean,manual,,4wd,full-size,truck,grey,https://images.craigslist.org/00n0n_fr9vYhkPCLF_600x450.jpg,31.9116,-98.6082
https://waco.craigslist.org/cto/d/2004-lincoln-towncar/6712780491.html,waco,3500,2004,lincoln,towncar,good,"8 cylinders",gas,138000,clean,automatic,,rwd,,,white,https://images.craigslist.org/00j0j_2ZWiby5e8In_600x450.jpg,31.6403,-97.0963
https://waco.craigslist.org/cto/d/2016-nissan-titan-xd-platinum/6700243496.html,waco,39900,2016,nissan,"titan xd platinum reserve","like new","8 cylinders",diesel,50000,clean,automatic,,4wd,,,black,https://images.craigslist.org/00X0X_iKK9MRQF20P_600x450.jpg,31.5051,-97.2311
https://waco.craigslist.org/cto/d/2001-mazda-626/6705831290.html,waco,1600,2001,mazda,"626 lx",fair,"4 cylinders",gas,165000,clean,automatic,,fwd,,,,https://images.craigslist.org/00n0n_2rVJ2dmCakW_600x450.jpg,31.5458,-96.8381
https://waco.craigslist.org/cto/d/2001-buick-century/6705785398.html,waco,2100,2001,buick,"century custom",good,"6 cylinders",gas,106000,clean,automatic,,fwd,,,,https://images.craigslist.org/00G0G_k7QLEyAgayP_600x450.jpg,31.5458,-96.8381
https://waco.craigslist.org/cto/d/2010-honda-accord-coupe/6717820722.html,waco,6995,2010,honda,"accord 2-door coupe",good,"4 cylinders",gas,71485,clean,automatic,"Contact for info",fwd,mid-size,coupe,white,https://images.craigslist.org/00z0z_eSQ7mrKTNDD_600x450.jpg,31.4093,-97.2302
https://waco.craigslist.org/cto/d/customhemi/6707825474.html,waco,7400,2004,ram,"",excellent,,gas,143000,clean,automatic,,,,,,https://images.craigslist.org/00M0M_bveQB9p8NEB_600x450.jpg,31.5175,-97.1547
https://waco.craigslist.org/ctd/d/03-dodge-ram-quad-1500-slt/6717821153.html,waco,6500,2003,ram,1500,good,"8 cylinders",gas,178322,clean,automatic,,4wd,full-size,truck,brown,https://images.craigslist.org/00303_9qXqF3Zs0rn_600x450.jpg,31.9116,-98.6082
https://waco.craigslist.org/cto/d/buick-century/6706798540.html,waco,1900,2004,buick,centry,,,gas,,clean,automatic,,,,,,https://images.craigslist.org/01111_3SpXCtr8kOX_600x450.jpg,31.6725,-97.1138
https://waco.craigslist.org/cto/d/03-jeep-grand-cherokee/6701464219.html,waco,2000,2003,jeep,"grand cherokee 4wd laredo",,"6 cylinders",gas,195000,salvage,automatic,,4wd,,,,https://images.craigslist.org/00c0c_39BaDjU2KNE_600x450.jpg,31.535,-97.1899
https://waco.craigslist.org/cto/d/kia-sportage/6710228774.html,waco,1400,2001,kia,sportage,,,gas,,clean,automatic,,,,,,https://images.craigslist.org/00g0g_dJZK1xcWozq_600x450.jpg,31.535,-97.1899
https://amarillo.craigslist.org/cto/d/chevy-silverado-z71-crew-cab/6718626887.html,amarillo,26000,2012,chevrolet,1500,excellent,"8 cylinders",gas,,lien,automatic,,4wd,full-size,pickup,red,https://images.craigslist.org/00q0q_fhw8GD9AweD_600x450.jpg,35.666501,-101.396599
https://amarillo.craigslist.org/cto/d/1994-ford-ranger/6718625015.html,amarillo,2200,1994,ford,ranger,,,gas,,clean,manual,,,,,brown,https://images.craigslist.org/00F0F_fmPzl4A8Pjs_600x450.jpg,35.2779,-101.83
https://amarillo.craigslist.org/cto/d/chevy-silverado-z71-crew-cab/6718621124.html,amarillo,26000,2012,chevrolet,1500,excellent,"8 cylinders",gas,,clean,automatic,,4wd,full-size,pickup,red,https://images.craigslist.org/00q0q_fhw8GD9AweD_600x450.jpg,35.676402,-101.3919
https://amarillo.craigslist.org/cto/d/2014-ford-f250-xlt-4x4/6718611295.html,amarillo,19500,2014,ford,"f250 xlt",excellent,"8 cylinders",gas,167000,lien,automatic,,4wd,full-size,pickup,white,https://images.craigslist.org/00m0m_q0ThLupeUv_600x450.jpg,37.0154,-101.9012
https://amarillo.craigslist.org/cto/d/2007-dodge-ram-1500-lonestar/6718602276.html,amarillo,13800,2007,dodge,1500,,,gas,,clean,other,,,,,,https://images.craigslist.org/01111_junC203nXR4_600x450.jpg,35.098608,-101.738783
https://amarillo.craigslist.org/cto/d/07-mkx-awd/6718591898.html,amarillo,5500,2007,lincoln,mkx,"like new","6 cylinders",gas,,clean,automatic,,,,,,https://images.craigslist.org/00Y0Y_gm3B9c3d60G_600x450.jpg,35.1977,-101.8949
https://amarillo.craigslist.org/cto/d/2007-lincoln-mkx/6718591794.html,amarillo,5500,2007,lincoln,mkx,"like new","6 cylinders",gas,,clean,automatic,,4wd,,,,https://images.craigslist.org/00Y0Y_gm3B9c3d60G_600x450.jpg,35.1663,-101.8868
https://amarillo.craigslist.org/cto/d/2008-nissan-armada/6718579174.html,amarillo,6800,2008,nissan,armada,,,gas,,clean,automatic,,,,,,https://images.craigslist.org/00e0e_9s6bo2SnhzX_600x450.jpg,35.1939,-101.7975
https://amarillo.craigslist.org/cto/d/2012-chrysler-300c/6718571913.html,amarillo,10500,2012,chrysler,300,,,gas,,clean,automatic,,,,,,https://images.craigslist.org/00c0c_7FTL7lKlbdE_600x450.jpg,35.1939,-101.7975
https://amarillo.craigslist.org/cto/d/1966-mustang-new-stroker-289/6707238072.html,amarillo,7000,1996,ford,mustang,,,gas,,clean,automatic,,,,,,https://images.craigslist.org/00r0r_ed2O2lQqDOI_600x450.jpg,33.6598,-117.3485
https://amarillo.craigslist.org/cto/d/85-gmc-sierra-3000-obo/6718519694.html,amarillo,3000,1985,gmc,"1500 sierra",,"8 cylinders",gas,,clean,automatic,,rwd,,pickup,,https://images.craigslist.org/00h0h_7kDRXFB2bJS_600x450.jpg,35.1663,-101.8868
https://amarillo.craigslist.org/cto/d/07-chrysler-300/6718506192.html,amarillo,2300,2007,chrysler,300,excellent,,gas,,missing,automatic,,,,,,https://images.craigslist.org/01515_3flNdJQhFZB_600x450.jpg,35.2664,-102.0978
https://amarillo.craigslist.org/ctd/d/2007-toyota-yaris-automatic/6718499712.html,amarillo,3000,2007,toyota,yaris,excellent,"4 cylinders",gas,,clean,automatic,,fwd,compact,coupe,blue,https://images.craigslist.org/00s0s_j2kDOaD3Fz1_600x450.jpg,35.0642,-101.9743
https://amarillo.craigslist.org/cto/d/2012-ford-focus-sel/6704940300.html,amarillo,4750,2012,ford,focus,,"4 cylinders",gas,164583,clean,automatic,,fwd,,,,https://images.craigslist.org/00n0n_bO4QD7cjenO_600x450.jpg,35.258217,-101.83134
https://amarillo.craigslist.org/cto/d/2010-chevrolet-silverado-2500/6712311585.html,amarillo,8200,2010,chevrolet,"2500 silverado",,"8 cylinders",gas,167910,clean,automatic,1GC3KVBGXAF150565,4wd,,,,https://images.craigslist.org/01515_9CVer9zRgZ1_600x450.jpg,35.2779,-101.83
https://amarillo.craigslist.org/cto/d/1967-chevy-chevelle-396/6718482781.html,amarillo,30000,1967,chevy,chevelle,excellent,,gas,415,clean,manual,,,,,red,https://images.craigslist.org/00w0w_1QuOSMmTeqh_600x450.jpg,35.538,-100.9579
https://amarillo.craigslist.org/ctd/d/2007-toyota-fj-cruiser-4x4/6718495260.html,amarillo,13100,2007,toyota,"fj cruiser",excellent,"6 cylinders",gas,,clean,automatic,,4wd,full-size,SUV,black,https://images.craigslist.org/00M0M_lg1qpKmJTpS_600x450.jpg,35.0642,-101.9743
https://amarillo.craigslist.org/ctd/d/2006-toyota-avalon-priced-to/6718493999.html,amarillo,6500,2006,toyota,avalon,excellent,"6 cylinders",gas,,clean,automatic,,rwd,mid-size,sedan,,https://images.craigslist.org/00e0e_bj735HdAOiA_600x450.jpg,35.0642,-101.9743
https://amarillo.craigslist.org/ctd/d/2009-honda-ridgeline-rts-1/6718491972.html,amarillo,12500,2009,honda,ridgeline,excellent,"6 cylinders",gas,,clean,automatic,,4wd,mid-size,pickup,green,https://images.craigslist.org/00p0p_1dRCwC3BNsF_600x450.jpg,35.0642,-101.9743
https://amarillo.craigslist.org/cto/d/2008-chevy/6706731458.html,amarillo,15000,2008,chevy,2500hd,,,diesel,,clean,automatic,,,,,,https://images.craigslist.org/00U0U_1sPuFO6dHIi_600x450.jpg,35.098608,-101.738783
https://amarillo.craigslist.org/cto/d/2011-f250-lariat-powerstroke/6711236682.html,amarillo,33000,2011,ford,"f250 4x4",good,,diesel,117000,clean,automatic,1FT7W2BT5BEC40280,4wd,,,black,https://images.craigslist.org/01616_kCyYxXKv1AX_600x450.jpg,31.9896,-102.0626
https://amarillo.craigslist.org/cto/d/1985-chevy-cobo/6711456743.html,amarillo,5000,1985,chevy,c10,good,"8 cylinders",gas,,clean,automatic,,rwd,,,black,https://images.craigslist.org/00n0n_eSTKeQBOBBz_600x450.jpg,35.1939,-101.7975
https://amarillo.craigslist.org/cto/d/1984-porsche-944/6694736352.html,amarillo,1500,1984,,"Porsche 944",fair,"4 cylinders",gas,,clean,manual,,rwd,compact,hatchback,red,https://images.craigslist.org/00V0V_j5Xbpqq6aDD_600x450.jpg,35.2703,-101.943
https://amarillo.craigslist.org/ctd/d/2008-chevrolet-tahoe-1500/6718437708.html,amarillo,7500,2008,chevrolet,tahoe,excellent,"8 cylinders",gas,141366,clean,automatic,1GNFC13C98R132136,rwd,,SUV,,https://images.craigslist.org/00m0m_5eWgxTis0sr_600x450.jpg,35.216559,-101.829738
https://amarillo.craigslist.org/cto/d/2012-chevy-cruze/6716654481.html,amarillo,6350,2012,chevy,cruze,good,,gas,120,clean,automatic,,,,,black,https://images.craigslist.org/00h0h_8gRDMXOAUVR_600x450.jpg,35.1929,-101.835022
https://amarillo.craigslist.org/cto/d/2003-ford-f250-lariat-4x4-60l/6718430800.html,amarillo,18500,2003,ford,f250,excellent,"8 cylinders",diesel,155500,clean,automatic,1FTNW21P83ED87237,4wd,full-size,truck,white,https://images.craigslist.org/00606_e0MxLxV708G_600x450.jpg,35.0642,-101.9743
https://amarillo.craigslist.org/cto/6693560910.html,amarillo,1800,1966,ford,f-250250,fair,,gas,,clean,automatic,,,,,,https://images.craigslist.org/01515_b2PNLQbvZDl_600x450.jpg,,
https://amarillo.craigslist.org/ctd/d/2007-chevrolet-hhr-lt/6718425035.html,amarillo,4350,2007,chevrolet,hhr,excellent,"4 cylinders",gas,98190,clean,automatic,3GNDA23D07S534067,fwd,,SUV,,https://images.craigslist.org/00s0s_b8A4lZ8w20n_600x450.jpg,35.216559,-101.829738
https://amarillo.craigslist.org/ctd/d/2001-buick-regal-ls/6718412241.html,amarillo,4700,2001,buick,regal,excellent,"6 cylinders",gas,162354,clean,automatic,2G4WB55K011245135,fwd,,sedan,,https://images.craigslist.org/00E0E_9W3un2WJvcL_600x450.jpg,35.216559,-101.829738
https://amarillo.craigslist.org/cto/d/1988-ford-super-duty/6711002946.html,amarillo,800,1988,ford,"super duty",,,diesel,,missing,manual,,,,,,https://images.craigslist.org/00o0o_7kBqxYrq2Ib_600x450.jpg,35.118634,-101.836455
https://amarillo.craigslist.org/cto/d/07-suburban-1500/6718386013.html,amarillo,11626,2007,chevrolet,"suburban 1500",fair,"8 cylinders",gas,124600,clean,automatic,1GNFK16387J254854,4wd,full-size,SUV,grey,https://images.craigslist.org/01010_e5SdHtvV4id_600x450.jpg,35.1697,-101.9266
https://amarillo.craigslist.org/cto/d/rare-swedish-military-4x4/6718380337.html,amarillo,7200,1963,volvo,"laplander l3314",,"4 cylinders",gas,,clean,manual,,4wd,,,green,https://images.craigslist.org/00909_2vsvtoEK0v9_600x450.jpg,35.106649,-106.735692
https://amarillo.craigslist.org/cto/d/saturn-ion-2/6701592091.html,amarillo,3000,2007,saturn,"ion 2",excellent,"4 cylinders",gas,160000,clean,automatic,1G8AJ55F57Z183147,,,sedan,blue,https://images.craigslist.org/00y0y_2DAXqd1xWQu_600x450.jpg,35.1347,-106.5222
https://amarillo.craigslist.org/cto/d/honda-civic-si/6718361100.html,amarillo,5300,2007,honda,"civic si",excellent,,gas,156000,clean,manual,,,,sedan,red,https://images.craigslist.org/00O0O_8tKlO0nJnTo_600x450.jpg,35.8823,-101.968
https://amarillo.craigslist.org/cto/d/95-honda-del-sol/6718353126.html,amarillo,1800,1995,honda,"del sol",good,"4 cylinders",gas,,clean,manual,,fwd,compact,coupe,black,https://images.craigslist.org/00606_b8q2cwRpCEF_600x450.jpg,35.149146,-101.883819
https://amarillo.craigslist.org/cto/d/1999-dodge-2500/6718347247.html,amarillo,1000,1999,dodge,2500,,,gas,,clean,automatic,,,,,,https://images.craigslist.org/01414_lBPrKo53nWr_600x450.jpg,35.1977,-101.8949
https://amarillo.craigslist.org/cto/d/2011-ford-fusion/6718339801.html,amarillo,5500,2011,ford,fusion,,,gas,,rebuilt,automatic,,,,,,https://images.craigslist.org/00101_6CiMZFGfFCb_600x450.jpg,35.190104,-101.938362
https://amarillo.craigslist.org/cto/d/2006-ford-250/6718322468.html,amarillo,12000,2006,ford,f-250,good,"8 cylinders",gas,155000,lien,automatic,,4wd,full-size,pickup,white,https://images.craigslist.org/00H0H_2u7BHXI2H95_600x450.jpg,35.548303,-101.861768
https://amarillo.craigslist.org/cto/d/99-mitsubishi-montero-sport/6714383080.html,amarillo,2800,1999,mitsubishi,"montero sport",,,gas,,clean,automatic,,,,,,https://images.craigslist.org/00o0o_6GiFmlOzTw0_600x450.jpg,35.2309,-101.806
https://amarillo.craigslist.org/cto/d/x4-lariat-package/6710932357.html,amarillo,8500,2005,ford,f-150,,,gas,,clean,automatic,,,,,,https://images.craigslist.org/00n0n_l4uLlqjzeNA_600x450.jpg,35.105651,-101.357083
https://amarillo.craigslist.org/cto/d/1970-olds-toronado-gt/6702165436.html,amarillo,8500,1970,,"Olds toronado",,,gas,,clean,automatic,,,,,,https://images.craigslist.org/00101_kHOYFpnQ1Ix_600x450.jpg,37.926167,-102.659742
https://amarillo.craigslist.org/cto/d/2005-f350-bulletproof-fx4/6713528633.html,amarillo,13000,2005,ford,f-350,good,"8 cylinders",diesel,213000,clean,automatic,,4wd,full-size,pickup,,https://images.craigslist.org/00D0D_4MdK6D9acS1_600x450.jpg,28.168742,-96.38947
https://amarillo.craigslist.org/cto/d/2010-chevrolet-camaro-ss/6693536583.html,amarillo,17000,2010,chevy,"camaro ss","like new","8 cylinders",gas,,clean,automatic,,rwd,,coupe,,https://images.craigslist.org/00P0P_cbZ2sIBUE07_600x450.jpg,35.098608,-101.738783
https://amarillo.craigslist.org/cto/d/2015-cadillac-escalade-luxury/6708161153.html,amarillo,45000,2015,cadillac,"escalade luxury",,,gas,37762,rebuilt,automatic,,,,SUV,custom,https://images.craigslist.org/01717_eAU37W2BKil_600x450.jpg,35.4015,-101.8951
https://amarillo.craigslist.org/cto/d/oneowner-05jeep-grandcherokee/6711444765.html,amarillo,1000,2005,jeep,"grand cherokee","like new",,gas,,clean,automatic,,,,,,https://images.craigslist.org/01111_i9ikdIVvqBU_600x450.jpg,35.098608,-101.738783
https://amarillo.craigslist.org/cto/d/1979-chevy-impala/6718201175.html,amarillo,5500,1979,chevrolet,impala,excellent,"8 cylinders",gas,111000,clean,automatic,,rwd,compact,sedan,yellow,https://images.craigslist.org/00808_7K76VpoN5YI_600x450.jpg,34.9772,-101.9247
https://amarillo.craigslist.org/cto/d/2018-ford-focus-sel-like-new/6706739788.html,amarillo,11995,2018,ford,"focus sel","like new","4 cylinders",gas,55,rebuilt,automatic,,fwd,compact,sedan,black,https://images.craigslist.org/00a0a_e5zTQFbk58s_600x450.jpg,34.984601,-101.987629
https://amarillo.craigslist.org/cto/d/2013-ford-focus-st-20l-turbo/6702881967.html,amarillo,9995,2013,ford,"focus st",excellent,"4 cylinders",gas,61500,rebuilt,manual,,fwd,,,,https://images.craigslist.org/01313_a9O0e2hjrxA_600x450.jpg,34.984862,-101.988316
https://amarillo.craigslist.org/cto/d/2007-ford-150-lariat-2wd/6696179973.html,amarillo,7995,2007,ford,"f-150 lariat",good,"8 cylinders",gas,208600,clean,automatic,,rwd,,,green,https://images.craigslist.org/00I0I_gO7rWRa37Ot_600x450.jpg,34.984159,-101.988144
https://amarillo.craigslist.org/cto/d/2017-ford-focus-se-very-nice/6694261070.html,amarillo,8995,2017,ford,"focus se","like new","4 cylinders",gas,14900,rebuilt,automatic,,fwd,,,silver,https://images.craigslist.org/00P0P_jj8HkRtDhfp_600x450.jpg,34.9843,-101.987114
https://amarillo.craigslist.org/ctd/d/2016-dodge-ram-4500-crew/6718212231.html,amarillo,49900,2016,dodge,4500,"like new","6 cylinders",diesel,,clean,automatic,,4wd,full-size,truck,grey,https://images.craigslist.org/00h0h_liePvaostmQ_600x450.jpg,34.7714,-96.9763
https://amarillo.craigslist.org/cto/d/2005-dodge-ram-3500-crew-cab/6709351164.html,amarillo,14500,2005,ram,"3500 drw 4wd",good,"6 cylinders",diesel,,clean,automatic,,4wd,full-size,truck,white,https://images.craigslist.org/00A0A_arBUQn8cKkm_600x450.jpg,35.538,-100.9579
https://amarillo.craigslist.org/ctd/d/2012-gmc-sieraa-2500hd-60/6718199149.html,amarillo,25999,2012,gmc,"sierra 2500hd",good,"8 cylinders",gas,134000,clean,automatic,,4wd,full-size,,black,https://images.craigslist.org/00V0V_8xTWtjozAZj_600x450.jpg,33.1966,-96.6085
https://amarillo.craigslist.org/ctd/d/2012-chevrolet-k2500-ext-cab/6718193822.html,amarillo,10900,2012,chevrolet,2500,excellent,"8 cylinders",gas,,clean,automatic,,4wd,full-size,truck,white,https://images.craigslist.org/00z0z_2QFLPgeX1GK_600x450.jpg,34.7714,-96.9763
https://amarillo.craigslist.org/ctd/d/11-chrysler-town-country/6718192135.html,amarillo,20850,2011,chrysler,"town and country tourin",,,gas,104607,clean,automatic,2A4RR5DG0BR629018,,,,,https://images.craigslist.org/00606_5FnNcD7EwUn_600x450.jpg,32.871517,-96.983271
https://amarillo.craigslist.org/cto/d/1975-camaro/6718160937.html,amarillo,3000,1975,,"1975 Camaro",good,,gas,,missing,automatic,,,,other,blue,https://images.craigslist.org/00707_5HkJEZqxGpa_600x450.jpg,34.837,-102.405
https://amarillo.craigslist.org/cto/d/xc90/6698408808.html,amarillo,3000,2006,volvo,xc90,excellent,"5 cylinders",gas,183000,clean,automatic,,fwd,mid-size,SUV,black,https://images.craigslist.org/00O0O_1xYm98526C8_600x450.jpg,34.837,-102.405
https://amarillo.craigslist.org/cto/d/1995-pontiac-grand-prix-se/6713153873.html,amarillo,2300,1995,pontiac,"",,,gas,,clean,automatic,,,mid-size,,white,https://images.craigslist.org/01616_jZ3ncS3Tv2N_600x450.jpg,35.1545,-101.8641
https://amarillo.craigslist.org/cto/d/2003-buick/6718146213.html,amarillo,3700,2003,buick,"",,,gas,45000,rebuilt,automatic,,,,,red,https://images.craigslist.org/00101_8FTaSakt7u_600x450.jpg,35.208832,-102.207828
https://amarillo.craigslist.org/ctd/d/2012-chevrolet-k2500hd-long/6718149008.html,amarillo,13900,2012,chevrolet,k2500,excellent,"8 cylinders",gas,,clean,automatic,,4wd,full-size,truck,white,https://images.craigslist.org/00Z0Z_6eaNQzjbuzx_600x450.jpg,34.7714,-96.9763
https://amarillo.craigslist.org/cto/d/2003-century/6716001503.html,amarillo,3000,2003,buick,century,excellent,"6 cylinders",gas,,clean,automatic,,fwd,mid-size,sedan,,https://images.craigslist.org/00o0o_awRM0UxSut5_600x450.jpg,35.208832,-102.208328
https://amarillo.craigslist.org/cto/d/project-truck-1993-gmc/6710487867.html,amarillo,875,1993,gmc,"",fair,"8 cylinders",gas,123000,clean,automatic,,rwd,full-size,pickup,green,https://images.craigslist.org/00v0v_5LORaLLtJNS_600x450.jpg,35.208891,-102.207205
https://amarillo.craigslist.org/cto/d/2005-saab-arcmonte-carlo/6718135191.html,amarillo,3500,2005,,Saab,good,,gas,,clean,manual,,,,,,https://images.craigslist.org/00e0e_bYyQzt45GmI_600x450.jpg,35.163319,-101.866693
https://amarillo.craigslist.org/cto/d/2006-chevy-colorado/6713401777.html,amarillo,4800,2006,chevy,colorado,good,"4 cylinders",gas,141220,clean,automatic,1GCCS148868303938,,,,white,https://images.craigslist.org/00202_c0iBm4xZ2T1_600x450.jpg,35.218629,-101.847751
https://amarillo.craigslist.org/ctd/d/2007-ford-expedition/6718084085.html,amarillo,7500,2007,ford,"expedition eddie bauer",good,"8 cylinders",gas,116900,clean,automatic,1fmfu17517la73422,rwd,full-size,SUV,,https://images.craigslist.org/00Z0Z_gfiSLeQKhu0_600x450.jpg,35.182799,-101.838068
https://amarillo.craigslist.org/cto/d/2000-jeep-cherokee-sport/6711478216.html,amarillo,3000,2000,jeep,"cherokee sport",good,"6 cylinders",gas,217552,clean,automatic,,4wd,,offroad,white,https://images.craigslist.org/00y0y_lThDO9tq0Vx_600x450.jpg,35.1545,-101.8641
https://amarillo.craigslist.org/ctd/d/2008-nissan-xterra/6718079340.html,amarillo,5900,2008,nissan,xterra,good,"6 cylinders",gas,159800,rebuilt,automatic,,rwd,mid-size,SUV,black,https://images.craigslist.org/00n0n_49r1UOA0rST_600x450.jpg,35.182799,-101.838068
https://amarillo.craigslist.org/ctd/d/2011-ford-150-fx4/6718072042.html,amarillo,18900,2011,ford,"f150 fx4",excellent,"8 cylinders",gas,67600,rebuilt,automatic,,4wd,full-size,pickup,red,https://images.craigslist.org/00404_iCh5T7zyfVP_600x450.jpg,35.182799,-101.838068
https://amarillo.craigslist.org/cto/d/2009-subaru-forester/6698176940.html,amarillo,7495,2009,subaru,forester,good,"4 cylinders",gas,202000,clean,automatic,Jf2sh63699h756771,4wd,mid-size,SUV,white,https://images.craigslist.org/00s0s_iI3nRq4P0QI_600x450.jpg,35.1783,-101.857349
https://amarillo.craigslist.org/cto/d/1987-chevy-monti-carlo/6718015272.html,amarillo,1000,1987,chevy,"monte carlo",fair,"8 cylinders",gas,,clean,automatic,,rwd,full-size,sedan,,https://images.craigslist.org/00t0t_4u7u8Cwq3ge_600x450.jpg,35.2779,-101.83
https://amarillo.craigslist.org/cto/d/06-gmc-sierra-v8/6703414519.html,amarillo,7500,2006,gmc,"sierra 1500",excellent,"8 cylinders",gas,,clean,automatic,,,,,,https://images.craigslist.org/00y0y_cr93rfeFtHw_600x450.jpg,35.1751,-101.7976
https://amarillo.craigslist.org/cto/d/1997-ford-expedition/6708791822.html,amarillo,2750,1997,ford,"expedition xlt",excellent,"8 cylinders",gas,170000,clean,automatic,,,,,,https://images.craigslist.org/00D0D_icQcBlwXZvD_600x450.jpg,35.1939,-101.7975
https://amarillo.craigslist.org/cto/d/2008-chrysler-300/6710484563.html,amarillo,4900,2008,chrysler,300,"like new","6 cylinders",gas,,clean,automatic,,,,,grey,https://images.craigslist.org/00M0M_3psyhefyiTb_600x450.jpg,35.1939,-101.7975
https://amarillo.craigslist.org/cto/d/1962-mercury-montery-sedan/6712004060.html,amarillo,11500,1962,mercury,monterey,excellent,"8 cylinders",gas,33000,clean,manual,2j62w507402,rwd,full-size,sedan,white,https://images.craigslist.org/00f0f_lIAq1LJ9xgP_600x450.jpg,34.498728,-103.283784
https://amarillo.craigslist.org/cto/d/ford-truck-4-door-5-loaded/6717934032.html,amarillo,12000,2015,ford,truck,,,gas,,clean,automatic,,,,,,https://images.craigslist.org/01313_1PGHW0yuJXQ_600x450.jpg,35.1663,-101.8868
https://amarillo.craigslist.org/cto/d/97-toyota-tercel/6715879390.html,amarillo,1200,1997,,"Totota tercel",,,gas,,clean,automatic,,,,,,https://images.craigslist.org/00e0e_hcXKXAYlD4n_600x450.jpg,35.2309,-101.806
https://amarillo.craigslist.org/cto/d/2012-jeep-grand-cherokee/6717898530.html,amarillo,14500,2012,jeep,"grand cherokee laredo",good,"6 cylinders",gas,131000,lien,automatic,,rwd,full-size,SUV,white,https://images.craigslist.org/00l0l_covgTy4MOTv_600x450.jpg,35.098608,-101.738783
https://amarillo.craigslist.org/ctd/d/2018-honda-civic-type-touring/6717868670.html,amarillo,39995,2018,honda,"civic type r",excellent,"4 cylinders",gas,17,clean,manual,SHHFK8G77JU203930,fwd,compact,sedan,black,https://images.craigslist.org/00B0B_49CHGgqkrB5_600x450.jpg,35.603972,-97.496952
https://amarillo.craigslist.org/cto/d/showroom-condition-97-chevy/6713729004.html,amarillo,24500,1997,gmc,sierra,"like new","8 cylinders",gas,17443,clean,automatic,,4wd,,,brown,https://images.craigslist.org/00404_63t59dxesBo_600x450.jpg,35.4319,-100.2568
https://amarillo.craigslist.org/cto/d/vendo-2007-coronado/6717857934.html,amarillo,14500,2007,,freighliner,,,diesel,75000,clean,manual,,,,,,https://images.craigslist.org/00R0R_kAwPb2eI8rR_600x450.jpg,35.1859,-111.662
https://amarillo.craigslist.org/cto/d/90-ford-bronco-river-toy/6704574921.html,amarillo,1700,1990,ford,bronco,,"8 cylinders",gas,,clean,automatic,,,,,,https://images.craigslist.org/00S0S_bOV88AOfdjn_600x450.jpg,35.2309,-101.806
https://amarillo.craigslist.org/cto/d/2012-nissan-altima/6716310981.html,amarillo,5000,2012,nissan,"altima 2.5",,,gas,,rebuilt,automatic,,,,,,https://images.craigslist.org/00a0a_4J5yUN4E4jF_600x450.jpg,33.633361,-101.923374
https://amarillo.craigslist.org/cto/d/2016-kia-rio/6716317802.html,amarillo,6500,2016,kia,rio,,"4 cylinders",gas,40000,clean,automatic,,,,,,https://images.craigslist.org/00y0y_bx0sM7A87Qg_600x450.jpg,33.633361,-101.923374
https://amarillo.craigslist.org/cto/d/2016-hyundai-sonata/6716321538.html,amarillo,9000,2016,hyundai,sonata,,"4 cylinders",gas,,clean,automatic,,,,,,https://images.craigslist.org/00m0m_byafY0KWzwH_600x450.jpg,33.633361,-101.923374
https://amarillo.craigslist.org/cto/d/2013-kia-forte/6716335123.html,amarillo,5500,2013,kia,"forte ex",,"4 cylinders",gas,,clean,automatic,,,,sedan,,https://images.craigslist.org/00h0h_akxTQj9CCEr_600x450.jpg,33.633361,-101.923374
https://amarillo.craigslist.org/cto/d/2007-gmc-sierra-4x4/6708519010.html,amarillo,8500,2007,gmc,"1500 sierra",,,gas,,salvage,automatic,,,,,,https://images.craigslist.org/00f0f_cxFsWNlocyh_600x450.jpg,35.2703,-101.943
https://amarillo.craigslist.org/ctd/d/2014-nissan-murano-sl-skuewsuv/6717784702.html,amarillo,19902,2014,nissan,murano,,"6 cylinders",gas,29372,clean,automatic,JN8AZ1MU7EW420621,fwd,mid-size,SUV,grey,https://images.craigslist.org/00101_93hn1KXQOUI_600x450.jpg,35.1751,-101.7976
https://amarillo.craigslist.org/cto/d/2000-chevy-silverado/6714529272.html,amarillo,2700,2000,chevrolet,silverado,fair,"8 cylinders",gas,195000,clean,automatic,,rwd,full-size,truck,grey,https://images.craigslist.org/00707_72aDSjldv9M_600x450.jpg,34.9772,-101.9247
https://amarillo.craigslist.org/cto/d/2008-ford-explorer-great-car/6716075109.html,amarillo,2000,2008,ford,explorer,,,gas,,clean,automatic,,,,,,https://images.craigslist.org/00D0D_JNflTjbUqE_600x450.jpg,35.538,-100.9579
https://amarillo.craigslist.org/cto/d/2009-chevy-crew-cab-4x/6713360996.html,amarillo,1,2009,chevrolet,1500,excellent,"8 cylinders",gas,157300,clean,automatic,,4wd,full-size,pickup,silver,https://images.craigslist.org/00E0E_zYoFyy6hHl_600x450.jpg,33.5159,-101.9344
https://amarillo.craigslist.org/ctd/d/2014-nissan-titan-pro-4x/6717721203.html,amarillo,29902,2014,nissan,titan,,"8 cylinders",gas,39546,clean,automatic,1N6BA0ECXEN509495,4wd,full-size,pickup,custom,https://images.craigslist.org/00H0H_jvzJbi9hcfE_600x450.jpg,35.1751,-101.7976
https://amarillo.craigslist.org/cto/d/2001-jeep-grand-cherokee/6717717657.html,amarillo,2500,2001,jeep,"cherokee laredo",,,gas,,clean,automatic,,,,,,https://images.craigslist.org/00J0J_3Mv85i2kAbU_600x450.jpg,35.2309,-101.806
https://amarillo.craigslist.org/ctd/d/2013-volkswagen-gti-autobahn/6717716711.html,amarillo,13901,2013,volkswagen,gti,,"4 cylinders",gas,73085,clean,automatic,WVWHV7AJ7DW084583,fwd,,hatchback,white,https://images.craigslist.org/00808_khVX6nnWifT_600x450.jpg,35.1751,-101.7976
https://amarillo.craigslist.org/cto/d/2003-bmw-330i-sedan/6717692113.html,amarillo,3200,2003,bmw,330i,,,gas,,clean,automatic,,,,,,https://images.craigslist.org/00g0g_bLGRdr47v5w_600x450.jpg,35.170346,-101.815882
https://amarillo.craigslist.org/cto/d/2002-trailblazer/6717615754.html,amarillo,2500,2002,chevy,trailblazer,,,gas,,clean,automatic,,,,,black,https://images.craigslist.org/00N0N_1dumFTucDW1_600x450.jpg,35.3808,-101.4304
https://amarillo.craigslist.org/cto/d/2008-dodge-ram/6713311229.html,amarillo,5450,2008,ram,"1500 quad cab",good,,gas,,rebuilt,automatic,,,,pickup,,https://images.craigslist.org/00q0q_iLjXBNCnIag_600x450.jpg,35.221162,-101.791784
https://amarillo.craigslist.org/cto/d/2004-grand-jeep-cherokee/6717548877.html,amarillo,3500,2004,jeep,cherokee,excellent,"8 cylinders",gas,150000,clean,automatic,,rwd,full-size,SUV,blue,https://images.craigslist.org/00101_euLnFlrRPgR_600x450.jpg,35.1663,-101.8868
https://amarillo.craigslist.org/cto/d/00-toyota-tundra/6717441997.html,amarillo,2300,2000,toyota,tundra,,"8 cylinders",gas,,clean,automatic,,rwd,,,,https://images.craigslist.org/00Y0Y_emATPqsSH0P_600x450.jpg,35.2309,-101.806
https://amarillo.craigslist.org/cto/d/1988-ford-ranger/6717515704.html,amarillo,1500,1988,ford,"ranger xlt",good,"4 cylinders",gas,,clean,manual,,rwd,,truck,white,https://images.craigslist.org/00e0e_hH7VesQjjjE_600x450.jpg,35.1939,-101.7975
https://amarillo.craigslist.org/cto/d/2015-chevrolet-silverado-z71/6717501749.html,amarillo,19000,2015,chevrolet,"1500 silverado",good,"8 cylinders",gas,,clean,automatic,,4wd,full-size,truck,white,https://images.craigslist.org/00f0f_cYMIKR13hs2_600x450.jpg,29.7594,-95.3594
https://amarillo.craigslist.org/cto/d/2013-f150-ecoboost/6717500154.html,amarillo,18500,2013,ford,"","like new","6 cylinders",gas,59000,clean,automatic,,rwd,full-size,truck,red,https://images.craigslist.org/01616_iicDfAMAlM_600x450.jpg,35.538,-100.9579
https://amarillo.craigslist.org/cto/d/2012-lexus-gx460-4xmiles/6702981088.html,amarillo,21900,2012,lexus,gx460,,,gas,,clean,automatic,,,,,,https://images.craigslist.org/00S0S_iN6A6CU1foq_600x450.jpg,35.1663,-101.8868
https://pueblo.craigslist.org/cto/d/2006-dodge-ram-1500-v8-slt/6718625589.html,pueblo,6700,2006,ram,"1500 quad cab",good,"8 cylinders",gas,180000,clean,automatic,,rwd,full-size,truck,blue,https://images.craigslist.org/01010_iRzawBkrzaA_600x450.jpg,38.387,-104.7792
https://pueblo.craigslist.org/cto/d/2012-jeep-grand-cherokee/6710211605.html,pueblo,14900,2012,jeep,"grand cherokee laredo",excellent,"6 cylinders",gas,106540,clean,automatic,,4wd,mid-size,SUV,white,https://images.craigslist.org/00y0y_kRlXcQ0BaAQ_600x450.jpg,42.134094,-123.664943
https://pueblo.craigslist.org/cto/d/350/6718623104.html,pueblo,11000,1997,ford,f-350,,"8 cylinders",diesel,288000,clean,automatic,,4wd,,,,https://images.craigslist.org/00K0K_7tKBSxUUoYJ_600x450.jpg,37.164242,-106.278326
https://pueblo.craigslist.org/cto/d/chevrolet-cruze/6715695054.html,pueblo,12999,2014,chevrolet,cruze,,,gas,,clean,automatic,,,,,,https://images.craigslist.org/00e0e_3YynppeLby5_600x450.jpg,35.742359,-105.841044
https://pueblo.craigslist.org/cto/d/2004-ford-mustang-40th/6718586941.html,pueblo,3800,2004,ford,"",good,"6 cylinders",gas,,clean,manual,,rwd,mid-size,coupe,black,https://images.craigslist.org/00s0s_aZBk0oxwaJV_600x450.jpg,38.256302,-104.63703
https://pueblo.craigslist.org/cto/d/81-cutlass/6698737582.html,pueblo,1000,1981,,Oldsmobile,,,gas,,clean,automatic,,,,,,https://images.craigslist.org/00b0b_aNtTYJmN5cx_600x450.jpg,38.2447,-104.5318
https://pueblo.craigslist.org/cto/d/2001-audi-a4-quattro/6712206045.html,pueblo,2500,2001,audi,"a4 1.8t quattro",excellent,"4 cylinders",gas,187,clean,manual,,4wd,compact,sedan,silver,https://images.craigslist.org/00w0w_kurqZuAk2fj_600x450.jpg,38.358361,-104.267696
https://pueblo.craigslist.org/cto/d/1990-dodge-ram-3500-cummins/6693577938.html,pueblo,7500,1990,ram,"3500 cummims","like new","6 cylinders",diesel,137,clean,automatic,,rwd,full-size,truck,grey,https://images.craigslist.org/00606_kyH3VK679Bj_600x450.jpg,38.2843,-104.6234
https://pueblo.craigslist.org/cto/d/1999-chevy-tahoe-4x4/6709841859.html,pueblo,3500,1999,chevy,tahoe,good,"8 cylinders",gas,285000,clean,automatic,,4wd,full-size,SUV,black,https://images.craigslist.org/00P0P_4ylhkN9PAyA_600x450.jpg,37.629457,-104.779833
https://pueblo.craigslist.org/cto/d/2005-chevy-tahoe-lt/6709865353.html,pueblo,4000,2005,chevy,"tahoe lt",excellent,"8 cylinders",gas,235000,clean,automatic,,rwd,full-size,SUV,blue,https://images.craigslist.org/00606_da3clJMhlxF_600x450.jpg,37.6465,-104.7798
https://pueblo.craigslist.org/cto/d/horsepower-porschezr17-azenis/6718533425.html,pueblo,11000,1983,,"porsche targa",excellent,"6 cylinders",gas,,clean,manual,,,,,,https://images.craigslist.org/00L0L_1cgc6Rhlc71_600x450.jpg,38.041194,-104.716475
https://pueblo.craigslist.org/ctd/d/2015-hyundai-santa-fe-sport/6718506946.html,pueblo,18591,2015,hyundai,"santa fe sport",,"4 cylinders",gas,58135,clean,automatic,5XYZUDLB5FG303455,4wd,,SUV,white,https://images.craigslist.org/00s0s_oQUXhZDRjC_600x450.jpg,38.939555,-104.731597
https://pueblo.craigslist.org/cto/d/1972-cj5-jeep-v8/6718483902.html,pueblo,3900,1972,jeep,"",good,"8 cylinders",gas,,clean,manual,,4wd,,offroad,orange,https://images.craigslist.org/00M0M_2JmM1LW1fEg_600x450.jpg,37.9441,-104.8412
https://pueblo.craigslist.org/ctd/d/2007-mercury-grand-marquis-ls/6718485481.html,pueblo,7995,2007,mercury,"grand marquis",,"8 cylinders",gas,73290,clean,automatic,2MHHM75V57X627262,rwd,,sedan,,https://images.craigslist.org/00909_8rqdjAOPBno_600x450.jpg,38.813752,-104.822393
https://pueblo.craigslist.org/cto/d/2003-kia-sedona-mini-van/6718481665.html,pueblo,2000,2003,kia,"sedona van",excellent,"6 cylinders",gas,140000,clean,automatic,,fwd,full-size,mini-van,white,https://images.craigslist.org/00O0O_a5k6qTQZJ5N_600x450.jpg,38.307506,-104.749733
https://pueblo.craigslist.org/cto/d/2005-chrysler-300c-hemi-hail/6718477304.html,pueblo,5000,2005,chrysler,"300c hemi",,,gas,200809,clean,automatic,,,,sedan,,https://images.craigslist.org/00303_aj0oyBTvFIu_600x450.jpg,38.2447,-104.5318
https://pueblo.craigslist.org/cto/d/2004-jetta/6718451812.html,pueblo,2750,2004,,"volkswagon jetta",good,,gas,,clean,manual,,,,,,https://images.craigslist.org/00l0l_FG4W0Ohokm_600x450.jpg,38.387,-104.7792
https://pueblo.craigslist.org/ctd/d/2007-chevrolet-chevy/6718448906.html,pueblo,21999,2007,chevrolet,silverado,,,diesel,149410,clean,automatic,1GCHK33D67F163546,4wd,,pickup,,https://images.craigslist.org/00K0K_4rrT408Ccpz_600x450.jpg,40.159885,-105.103035
https://pueblo.craigslist.org/cto/d/toyota-camry-se-low-miles/6718441073.html,pueblo,1400,2007,toyota,"camry se",,,gas,,clean,automatic,,fwd,full-size,,black,https://images.craigslist.org/00Q0Q_gJ6bBetvwxP_600x450.jpg,37.4703,-105.8786
https://pueblo.craigslist.org/cto/d/53-merc/6695383534.html,pueblo,1700,1953,mercury,"",,,gas,,clean,other,,,,,,https://images.craigslist.org/00Q0Q_dZh2hUhDXHy_600x450.jpg,38.197762,-104.841675
https://pueblo.craigslist.org/cto/d/41-ford-sedan/6695383225.html,pueblo,2800,1941,ford,"",fair,,gas,,clean,other,,,,,,https://images.craigslist.org/00P0P_bIfSoFw54Jg_600x450.jpg,38.197762,-104.841675
https://pueblo.craigslist.org/cto/d/53-merc/6695382578.html,pueblo,1700,1953,mercury,"",,,gas,,clean,other,,,,,,https://images.craigslist.org/00Q0Q_dZh2hUhDXHy_600x450.jpg,38.197762,-104.841675
https://pueblo.craigslist.org/cto/d/2000-f150-4x4/6718402466.html,pueblo,2800,2000,,"f150 4x4",fair,"8 cylinders",gas,,missing,automatic,,4wd,,,,https://images.craigslist.org/00303_lmJSIqQZXmq_600x450.jpg,39.1205,-104.9148
https://pueblo.craigslist.org/cto/d/low-mileage-06-grand-marquis/6718420492.html,pueblo,5200,2006,mercury,"grand marquis ls",,,gas,41000,clean,automatic,,,,,,https://images.craigslist.org/01313_4zgGgXnlsy7_600x450.jpg,38.041194,-104.716475
https://pueblo.craigslist.org/cto/d/volvo-v70-xc-wagon/6718419426.html,pueblo,2400,2002,volvo,"v70 xc",,,gas,,clean,automatic,,,,,,https://images.craigslist.org/00x0x_cM23dOfGp3I_600x450.jpg,38.2447,-104.5318
https://pueblo.craigslist.org/cto/d/2001-ford-ranger-edge-pick-up/6718407450.html,pueblo,4000,2001,ford,ranger,excellent,"6 cylinders",gas,223000,clean,manual,,rwd,,pickup,red,https://images.craigslist.org/00r0r_kKQZAI4nikB_600x450.jpg,38.041194,-104.716475
https://pueblo.craigslist.org/ctd/d/2009-chevrolet-chevy/6718407531.html,pueblo,13999,2009,chevrolet,silverado,,,gas,174900,clean,automatic,2GCEK233891140302,4wd,,pickup,,https://images.craigslist.org/01515_kZm2LmS8A7P_600x450.jpg,40.159885,-105.103035
https://pueblo.craigslist.org/ctd/d/2011-kia-optima-ex-turbo-over/6718406676.html,pueblo,10999,2011,kia,optima,,,gas,92892,clean,automatic,KNAGN4A65B5085513,,,sedan,black,https://images.craigslist.org/00O0O_8yILVRCdoHd_600x450.jpg,40.18216,-105.10286
https://pueblo.craigslist.org/cto/d/audi-a4-30-quattro-2004-blue/6718373014.html,pueblo,6500,2004,audi,"a4 3.0",excellent,"6 cylinders",gas,113000,clean,automatic,,,mid-size,coupe,blue,https://images.craigslist.org/00Z0Z_a3KlD87CSw7_600x450.jpg,38.2879,-104.5848
https://pueblo.craigslist.org/cto/d/1973-mercedes-350slc/6718371265.html,pueblo,1900,1973,mercedes,"350 slc",good,"8 cylinders",gas,180000,rebuilt,automatic,,rwd,compact,coupe,brown,https://images.craigslist.org/00909_5XtRLNVE6JP_600x450.jpg,38.538465,-105.386081
https://pueblo.craigslist.org/cto/d/2000-ford-f150/6693979339.html,pueblo,2500,2000,ford,f-150,,,gas,,clean,automatic,,,,,,https://images.craigslist.org/00X0X_e758OVThhXo_600x450.jpg,38.197762,-104.841675
https://pueblo.craigslist.org/ctd/d/2006-dodge-ram-2500-slt-over/6718353186.html,pueblo,22999,2006,ram,"",,,diesel,168273,clean,automatic,1D7KS28C66J137577,4wd,,pickup,,https://images.craigslist.org/00x0x_5iM5AHJigcX_600x450.jpg,40.159885,-105.103035
https://pueblo.craigslist.org/cto/d/2004-club-precedent-golf-cart/6718310528.html,pueblo,1950,2004,,"2004 Club Precedent",good,other,electric,,clean,automatic,,rwd,,other,custom,https://images.craigslist.org/00808_cSanUpsgDdk_600x450.jpg,38.041194,-104.716475
https://pueblo.craigslist.org/cto/d/2009-ford-mustang-gt-roush/6718322339.html,pueblo,18000,2009,ford,"mustang gt",excellent,"8 cylinders",gas,44000,lien,manual,,rwd,compact,coupe,red,https://images.craigslist.org/00i0i_gX6CjjAlEpM_600x450.jpg,38.940843,-104.622219
https://pueblo.craigslist.org/ctd/d/2016-toyota-4runner-trd-pro/6718306641.html,pueblo,39999,2016,toyota,4-runner,,,gas,59286,clean,automatic,JTEBU5JR1G5331962,4wd,,wagon,black,https://images.craigslist.org/00w0w_3nQEsiWI2mq_600x450.jpg,40.18216,-105.10286
https://pueblo.craigslist.org/ctd/d/2008-gmc-sierra-2500hd-slt/6718297187.html,pueblo,13999,2008,gmc,sierra,,,gas,206472,clean,automatic,1GTHK23KX8F168372,4wd,,pickup,,https://images.craigslist.org/00H0H_2Xb0CAFaBUH_600x450.jpg,40.159885,-105.103035
https://pueblo.craigslist.org/cto/d/2001-nissan-pathfinder/6718247548.html,pueblo,2500,2001,nissan,pathfinder,good,"6 cylinders",gas,196001,clean,manual,,4wd,mid-size,SUV,black,https://images.craigslist.org/00t0t_3qfkNi35gzi_600x450.jpg,38.2879,-104.5848
https://pueblo.craigslist.org/ctd/d/2014-gmc-sierra-1500-sle-over/6718237535.html,pueblo,29999,2014,gmc,sierra,,,gas,52485,clean,automatic,3GTU2UEC5EG356730,4wd,,pickup,black,https://images.craigslist.org/00505_7dfy9yrqmnV_600x450.jpg,40.159885,-105.103035
https://pueblo.craigslist.org/cto/d/2000-toyota-rav-4/6718228026.html,pueblo,2650,2000,toyota,"rav 4",good,"4 cylinders",gas,176300,clean,manual,,4wd,sub-compact,SUV,white,https://images.craigslist.org/00C0C_dbBVB4GMTgc_600x450.jpg,38.0837,-104.9724
https://pueblo.craigslist.org/cto/d/2005-nissan-frontier-4x4-king/6713018010.html,pueblo,5900,2005,nissan,frontier,,,gas,,clean,automatic,,,,,,https://images.craigslist.org/00d0d_dHwjtkYP6ht_600x450.jpg,38.347518,-104.714884
https://pueblo.craigslist.org/cto/d/frontier-nissan-2004x4/6711374942.html,pueblo,4300,2000,nissan,"",,,gas,,clean,manual,,,,,,https://images.craigslist.org/00Q0Q_bQm5uMiiaZv_600x450.jpg,38.327729,-104.723736
https://pueblo.craigslist.org/cto/d/1994-lincoln-mark-viiireduced/6706576284.html,pueblo,3000,1994,lincoln,"",excellent,"8 cylinders",gas,102570,clean,automatic,,rwd,full-size,sedan,blue,https://images.craigslist.org/00G0G_6pT6qSMZRQT_600x450.jpg,38.2843,-104.6234
https://pueblo.craigslist.org/cto/d/1998-chevy-s10-blazer/6718200378.html,pueblo,500,1998,chevy,"s10 blazer",good,"6 cylinders",gas,,missing,automatic,,fwd,,SUV,white,https://images.craigslist.org/00707_2yxeEmX7Xfq_600x450.jpg,37.178633,-104.516117
https://pueblo.craigslist.org/ctd/d/2005-nissan-armada-le-over/6718196244.html,pueblo,6999,2005,nissan,armada,,,gas,250437,clean,automatic,5N1AA08BX5N712643,4wd,,wagon,black,https://images.craigslist.org/00U0U_7a8yGPYECtX_600x450.jpg,40.18216,-105.10286
https://pueblo.craigslist.org/cto/d/toyota-mr2-spyder-convertible/6718062124.html,pueblo,8900,2002,toyota,"mr2 spyder",excellent,"4 cylinders",gas,107000,clean,automatic,,,compact,convertible,blue,https://images.craigslist.org/00u0u_i5pxcLekRh3_600x450.jpg,38.852,-104.7735
https://pueblo.craigslist.org/cto/d/2011-ford-raptor/6718178157.html,pueblo,30000,2011,ford,"f150 svt",,,gas,,clean,automatic,,,,,,https://images.craigslist.org/00s0s_aNCl5Ap9CeO_600x450.jpg,37.574008,-106.150057
https://pueblo.craigslist.org/cto/d/2017-ford-expedition-limited/6718167316.html,pueblo,38500,2017,ford,"expedition limited","like new","6 cylinders",gas,36000,lien,automatic,,4wd,full-size,SUV,grey,https://images.craigslist.org/01414_hdy6HN3jIVS_600x450.jpg,38.078922,-104.698334
https://pueblo.craigslist.org/cto/d/custom-built-ford-f150-lariat/6704663135.html,pueblo,16900,2004,ford,"f150 lariat 4x4",excellent,"8 cylinders",gas,147000,clean,automatic,,4wd,full-size,truck,black,https://images.craigslist.org/00o0o_4w4EyItUEsr_600x450.jpg,38.852,-104.7735
https://pueblo.craigslist.org/ctd/d/1996-dodge-ram-2500-laramie/6718171870.html,pueblo,11999,1996,ram,"",,,gas,95826,clean,manual,3B7KF23W6TM101029,4wd,mid-size,pickup,,https://images.craigslist.org/00A0A_3kGWzd6o2bZ_600x450.jpg,40.159885,-105.103035
https://pueblo.craigslist.org/cto/d/1957-ford-thunderbird/6695489249.html,pueblo,20000,1957,ford,thunderbird,good,"8 cylinders",gas,,clean,automatic,,rwd,mid-size,convertible,white,https://images.craigslist.org/00808_gXscek4QYCl_600x450.jpg,37.938069,-103.783827
https://pueblo.craigslist.org/cto/d/2006-honda-pilot-one-owner/6716529083.html,pueblo,3950,2006,honda,pilot,good,"6 cylinders",gas,229827,clean,automatic,,4wd,,SUV,white,https://images.craigslist.org/00n0n_iDwh4LFXfL5_600x450.jpg,38.2879,-104.5848
https://pueblo.craigslist.org/cto/d/1989-ford-f150-short-bed-4x4/6716549484.html,pueblo,2900,1989,ford,f150,,,gas,,clean,automatic,,,,,,https://images.craigslist.org/00i0i_hCF6IZpSWq8_600x450.jpg,38.5259,-105.9978
https://pueblo.craigslist.org/ctd/d/2006-dodge-ram-2500-slt-over/6718105444.html,pueblo,18999,2006,ram,"",,,diesel,226175,clean,automatic,3D7KS29C66G215520,4wd,,pickup,,https://images.craigslist.org/00606_3Rja6rN99gl_600x450.jpg,40.159885,-105.103035
https://pueblo.craigslist.org/cto/d/1991-mitsubishi-3000-gt/6718095157.html,pueblo,4500,1991,mitsubishi,"3000 gt",good,,gas,,clean,manual,,,,,blue,https://images.craigslist.org/00R0R_5tjjLEch39d_600x450.jpg,38.2447,-104.5318
https://pueblo.craigslist.org/cto/d/beautiful-04-dodge-dakota/6698884469.html,pueblo,4200,2004,dodge,"dakota sport",excellent,,gas,,clean,automatic,,,,,black,https://images.craigslist.org/00y0y_bLRJdg9ImnB_600x450.jpg,38.279502,-104.63663
https://pueblo.craigslist.org/cto/d/2004-ford-f450-4x4-60-power/6716026969.html,pueblo,6000,2004,ford,f450,,,diesel,,clean,automatic,,,,,,https://images.craigslist.org/00m0m_6NKRMst38Bp_600x450.jpg,38.436857,-104.617504
https://pueblo.craigslist.org/cto/d/2006-saab-93/6716073029.html,pueblo,2400,2006,,"sabb 9-3",,,gas,,clean,manual,,,,,,https://images.craigslist.org/00909_h277jfcap22_600x450.jpg,38.2879,-104.5848
https://pueblo.craigslist.org/cto/d/1994-nissan-sentra/6716149485.html,pueblo,1100,1994,nissan,"",,,gas,,clean,automatic,,,,,,https://images.craigslist.org/00R0R_gdgBIVQYGIq_600x450.jpg,38.2879,-104.5848
https://pueblo.craigslist.org/cto/d/xlt-low-miles/6716113689.html,pueblo,3200,2003,ford,f150,,,gas,,clean,automatic,,,,,,https://images.craigslist.org/00F0F_dHX7VaoLpSo_600x450.jpg,38.413773,-105.259104
https://pueblo.craigslist.org/cto/d/2006-ford-ranger-sport/6718059301.html,pueblo,5500,2006,ford,ranger,good,"6 cylinders",gas,,clean,automatic,,rwd,,,red,https://images.craigslist.org/00P0P_cgJ3xZcGtFD_600x450.jpg,38.7902,-104.8199
https://pueblo.craigslist.org/ctd/d/2002-bmw-z3-25i-over-500/6718074366.html,pueblo,9999,2002,bmw,z3,,,gas,83524,clean,automatic,4USCN33442LM05109,,,convertible,,https://images.craigslist.org/00r0r_kkEa8bhXx50_600x450.jpg,40.18216,-105.10286
https://pueblo.craigslist.org/cto/d/lexus-lx470-4wd-4x4-full-size/6703672782.html,pueblo,12500,2002,lexus,"lx 470",excellent,"8 cylinders",gas,170,clean,automatic,,4wd,full-size,SUV,white,https://images.craigslist.org/00x0x_fnFQRb7IlLk_600x450.jpg,38.852,-104.7735
https://pueblo.craigslist.org/cto/d/2009-f350-superduty/6705788545.html,pueblo,21950,2009,ford,f350,excellent,"8 cylinders",diesel,155,clean,automatic,,4wd,full-size,truck,grey,https://images.craigslist.org/01010_b7CZsUvK3Lu_600x450.jpg,39.024091,-104.811888
https://pueblo.craigslist.org/ctd/d/2017-hyundai-tucson-sport/6718058182.html,pueblo,23495,2017,hyundai,tucson,,"4 cylinders",gas,32742,clean,automatic,KM8J3CA25HU413349,4wd,,SUV,grey,https://images.craigslist.org/00r0r_cKgqUIVLgbH_600x450.jpg,38.813752,-104.822393
https://pueblo.craigslist.org/ctd/d/2015-honda-accord-ex-sedan/6718051789.html,pueblo,17306,2015,honda,accord,,"6 cylinders",gas,83021,clean,automatic,1HGCR3F87FA032417,fwd,,sedan,white,https://images.craigslist.org/00000_4RfJGKrPy1m_600x450.jpg,38.939555,-104.731597
https://pueblo.craigslist.org/cto/d/chrysler-2005/6712023617.html,pueblo,1850,2005,chrysler,"",excellent,"4 cylinders",gas,,clean,manual,,fwd,,,,https://images.craigslist.org/00y0y_aLIT8uELjDq_600x450.jpg,38.9129,-104.7734
https://pueblo.craigslist.org/cto/d/1999-saturn-sl1/6718043824.html,pueblo,2000,1999,saturn,sl1,,,gas,,clean,manual,,,,,,https://images.craigslist.org/00B0B_43PBD608uTi_600x450.jpg,37.13284,-95.78558
https://pueblo.craigslist.org/ctd/d/2000-honda-odyssey-ex/6718041407.html,pueblo,4471,2000,honda,"odyssey ex",good,,gas,114024,clean,automatic,2HKRL1871YH543412,,,mini-van,white,https://images.craigslist.org/00Y0Y_8kM4rsZcHHL_600x450.jpg,38.304065,-104.719279
https://pueblo.craigslist.org/ctd/d/2002-dodge-ram-2500-st-over/6718038074.html,pueblo,10999,2002,ram,"",,,gas,87489,clean,automatic,3B7KF23Z72M268850,4wd,,pickup,,https://images.craigslist.org/00n0n_1mZd8Rq2Nmn_600x450.jpg,40.159885,-105.103035
https://pueblo.craigslist.org/cto/d/2006-cobalt/6716006574.html,pueblo,2900,2006,chevy,cobalt,,,gas,,clean,automatic,,,,,,https://images.craigslist.org/00J0J_2LgMIWNqYmG_600x450.jpg,38.01694,-104.740562
https://pueblo.craigslist.org/ctd/d/2012-chevrolet-tahoe-lt/6717981732.html,pueblo,18808,2012,chevrolet,tahoe,,"8 cylinders",gas,139451,clean,automatic,1GNSKBE03CR246927,4wd,,SUV,silver,https://images.craigslist.org/00x0x_56hH9ECsNri_600x450.jpg,38.813752,-104.822393
https://pueblo.craigslist.org/cto/d/98-civic-hx/6717974132.html,pueblo,1234,1998,,"Civic hx",fair,,gas,,clean,manual,,,,,,https://images.craigslist.org/00e0e_c4rXCKoZ45H_600x450.jpg,38.4336,-105.0113
https://pueblo.craigslist.org/ctd/d/2013-toyota-tundra-over-500/6717968182.html,pueblo,15999,2013,toyota,tundra,,,gas,193934,clean,automatic,5TFUW5F11DX302519,4wd,,pickup,,https://images.craigslist.org/00V0V_jker5e9hjp_600x450.jpg,40.159885,-105.103035
https://pueblo.craigslist.org/cto/d/1974-bronco/6702777566.html,pueblo,6000,1974,ford,bronco,good,"8 cylinders",gas,,clean,automatic,,4wd,,,,https://images.craigslist.org/00808_9Mf45i58P95_600x450.jpg,38.240955,-104.579644
https://pueblo.craigslist.org/ctd/d/2014-ford-focus-se-over-500/6717950177.html,pueblo,7999,2014,ford,focus,,,gas,102665,clean,,1FADP3F28EL111091,,compact,sedan,,https://images.craigslist.org/00e0e_jJi8GjEaiM1_600x450.jpg,40.18216,-105.10286
https://pueblo.craigslist.org/cto/d/2002-buick-lesabre/6712524599.html,pueblo,1500,2002,buick,lesabre,,,gas,,clean,automatic,,,,,,https://images.craigslist.org/00A0A_fF6gGZxe4KR_600x450.jpg,38.2843,-104.6234
https://pueblo.craigslist.org/cto/d/1994-camaro/6717857235.html,pueblo,1500,1994,,"1994 camaro",,,gas,,clean,automatic,,,,,,https://images.craigslist.org/00Z0Z_b8uj3oTJA6S_600x450.jpg,39.2511,-107.2044
https://pueblo.craigslist.org/cto/d/xlt-2wd/6717922203.html,pueblo,17500,2000,ford,f550,,"8 cylinders",diesel,160000,clean,automatic,,,,,,https://images.craigslist.org/00D0D_8FAhBe6DeYN_600x450.jpg,38.385,-105.1232
https://pueblo.craigslist.org/cto/d/02-chevy-avalanche-4x4/6717903367.html,pueblo,5600,2002,chevrolet,avalanche,good,"8 cylinders",gas,,clean,automatic,,4wd,,truck,,https://images.craigslist.org/00505_9wMWJPxLiLB_600x450.jpg,38.436857,-104.617504
https://pueblo.craigslist.org/ctd/d/2008-chevrolet-chevy/6717899763.html,pueblo,13999,2008,chevrolet,"silverado 1500",,,gas,142656,clean,automatic,3GCEK133X8G159952,4wd,,truck,black,https://images.craigslist.org/00f0f_dhDwbPRboTA_600x450.jpg,40.159885,-105.103035
https://pueblo.craigslist.org/cto/d/2001-nissan-altima-gxe/6717890605.html,pueblo,300,2001,nissan,"altima gxe",fair,"4 cylinders",gas,230000,clean,automatic,1N4DL01DX1C169698,fwd,mid-size,sedan,silver,https://images.craigslist.org/00v0v_cXrPMU8rZv7_600x450.jpg,38.392704,-105.120904
https://pueblo.craigslist.org/cto/d/toyota-camry/6714282139.html,pueblo,1750,1999,toyota,camry,good,"6 cylinders",gas,193000,clean,automatic,,fwd,mid-size,sedan,white,https://images.craigslist.org/00808_8cAgf0gG0jW_600x450.jpg,38.2447,-104.5318
https://pueblo.craigslist.org/cto/d/1980-ford-cab-and-chassis/6714751142.html,pueblo,2950,1980,ford,"",good,"8 cylinders",diesel,76056,clean,manual,K6ONVJD1457,rwd,full-size,truck,white,https://images.craigslist.org/00u0u_jqcIPoCtTFo_600x450.jpg,38.421185,-105.047844
https://pueblo.craigslist.org/cto/d/12-dump-bed-1984-chevy-custom/6714735233.html,pueblo,1500,1984,chevy,"custom deluxe 30",fair,,gas,76807,clean,manual,1GBJC34H7FV102213,rwd,full-size,truck,custom,https://images.craigslist.org/00o0o_fvD3AlWUPb_600x450.jpg,38.421185,-105.047844
https://pueblo.craigslist.org/cto/d/2000-dodge-dakota-4x4/6707095448.html,pueblo,3825,2000,dodge,dakota,good,"8 cylinders",gas,194094,clean,automatic,1B7HG2AZ4YS626044,4wd,mid-size,truck,grey,https://images.craigslist.org/00N0N_9qyiSTnmXsu_600x450.jpg,38.421185,-105.047844
https://pueblo.craigslist.org/cto/d/02-bmw-525i/6708798625.html,pueblo,3250,2002,bmw,525i,good,"6 cylinders",gas,175000,clean,automatic,WBADT43402GZ97796,rwd,mid-size,sedan,blue,https://images.craigslist.org/00U0U_7Z2JYV97dks_600x450.jpg,38.421185,-105.047844
https://pueblo.craigslist.org/cto/d/1953-buick-super/6711658544.html,pueblo,3750,1953,buick,super,,,gas,,clean,other,,,,,,https://images.craigslist.org/00G0G_gaPkn0XJzQV_600x450.jpg,38.182569,-103.834877
https://pueblo.craigslist.org/cto/d/71-chevy-c10/6711662557.html,pueblo,7500,1971,chevy,truck,,,gas,,clean,automatic,,,,,,https://images.craigslist.org/00N0N_1WWcGRpgHDr_600x450.jpg,38.1109,-103.8766
https://pueblo.craigslist.org/cto/d/1956-chevy-pu/6709847120.html,pueblo,8000,1956,chevy,1500,,,gas,,clean,manual,,,,,,https://images.craigslist.org/00w0w_fmQ8RDtnlKo_600x450.jpg,38.538465,-105.386081
https://pueblo.craigslist.org/cto/d/2007-pt-cruiser-nice-car-low/6707854738.html,pueblo,1500,2007,,"crystler pt cruiser",good,"4 cylinders",gas,147000,clean,manual,,fwd,,,,https://images.craigslist.org/00G0G_hrPaXsrcsAd_600x450.jpg,38.041194,-104.716475
https://pueblo.craigslist.org/cto/d/61-lincoln-continental-sell/6717807781.html,pueblo,4500,1961,lincoln,continental,,,gas,,clean,automatic,,,,,,https://images.craigslist.org/00D0D_aS1r6h1Mzxl_600x450.jpg,38.2843,-104.6234
https://pueblo.craigslist.org/cto/d/2001-f150-f250/6704613763.html,pueblo,1,2001,,"7700 series",excellent,"8 cylinders",gas,159000,clean,automatic,,4wd,,,,https://images.craigslist.org/00r0r_d1tszKCO8kw_600x450.jpg,38.453891,-105.016937
https://pueblo.craigslist.org/cto/d/1969-c10-fleetside/6717726027.html,pueblo,6500,1969,,"cheverolet c10",,"6 cylinders",gas,,clean,manual,,rwd,,truck,,https://images.craigslist.org/00D0D_lyNohzQHWjY_600x450.jpg,37.6465,-104.7798
https://pueblo.craigslist.org/cto/d/mustang-hatch/6717693725.html,pueblo,1500,1988,ford,mustang,fair,"8 cylinders",gas,77000,clean,automatic,,rwd,,hatchback,black,https://images.craigslist.org/00r0r_escLDtbo9lI_600x450.jpg,38.385,-105.1232
https://pueblo.craigslist.org/cto/d/1929-chevy-three-window-coupe/6717688400.html,pueblo,2800,1929,chevy,coupe,,,gas,,missing,other,,,,coupe,,https://images.craigslist.org/00B0B_k2CyRfbaofD_600x450.jpg,35.5949,-105.2272
https://pueblo.craigslist.org/cto/d/2005-z71-chevy/6697405125.html,pueblo,11500,2005,chevrolet,"1500 z71",good,"8 cylinders",gas,135000,lien,automatic,,,,,,https://images.craigslist.org/00q0q_cNe4B4pSUm2_600x450.jpg,37.1755,-105.9278
https://pueblo.craigslist.org/cto/d/j30-accord/6717676101.html,pueblo,2500,2000,honda,"accord ex",good,"6 cylinders",gas,,rebuilt,automatic,,,,,,https://images.craigslist.org/00505_4TRRgBr2Yqp_600x450.jpg,38.2879,-104.5848
https://utica.craigslist.org/cto/d/800-crane-truck/6706939696.html,utica,8000,1983,ford,"f 800",,,gas,,clean,manual,,,,,,https://images.craigslist.org/00T0T_9VKLt00sWa7_600x450.jpg,43.3366,-75.6027
https://utica.craigslist.org/cto/d/1998-audi-a4-quattro/6718591660.html,utica,4000,1998,audi,a4,,,gas,,clean,automatic,,,,,,https://images.craigslist.org/01616_kz4fYMNfGp1_600x450.jpg,42.8402,-74.9716
https://utica.craigslist.org/cto/d/1974-cadillac-eldorado-coupe/6697466386.html,utica,6500,1974,cadillac,eldorado,,,gas,74000,clean,automatic,,,,,,https://images.craigslist.org/00505_jS9gRg1nvGw_600x450.jpg,43.0307,-74.9876
https://utica.craigslist.org/cto/d/chevy-express-van-with-tow/6718571071.html,utica,5000,2009,chevy,"express 3500",,,gas,,clean,automatic,,,,,,https://images.craigslist.org/00X0X_kq7UjcF9Vme_600x450.jpg,43.044,-75.1072
https://utica.craigslist.org/cto/d/2008-chrysler-town-and-country/6715073016.html,utica,2900,2008,chrysler,"town & country",,,gas,151000,clean,automatic,,,,,,https://images.craigslist.org/00R0R_1fMwdKgSpqX_600x450.jpg,43.0871,-75.2315
https://utica.craigslist.org/cto/d/2003-dodge-ram-2500/6718557755.html,utica,11000,2003,dodge,2500,excellent,"8 cylinders",gas,130000,clean,automatic,,4wd,,truck,green,https://images.craigslist.org/01212_eXQNeov8tuX_600x450.jpg,42.9332,-75.3815
https://utica.craigslist.org/cto/d/toyota-rav-4-limited/6718555396.html,utica,8700,2008,toyota,"rav 4 limited",excellent,"4 cylinders",gas,136500,clean,automatic,Jtmbd31v885173272,4wd,mid-size,SUV,white,https://images.craigslist.org/01616_6UQnFmhy1kg_600x450.jpg,43.0073,-75.2626
https://utica.craigslist.org/cto/d/2016-bmw-x3/6718549390.html,utica,31200,2016,bmw,x3,excellent,"4 cylinders",gas,34504,clean,automatic,,4wd,mid-size,SUV,silver,https://images.craigslist.org/00707_5S5qZL4qAhJ_600x450.jpg,43.3385,-75.1616
https://utica.craigslist.org/cto/d/2005-acura-tl/6693210729.html,utica,2600,2005,acura,tl,,"6 cylinders",gas,,clean,automatic,,,,other,black,https://images.craigslist.org/00606_cFTE1R2YzWr_600x450.jpg,43.0871,-75.2315
https://utica.craigslist.org/cto/d/2016-bmx-x3/6713515194.html,utica,32000,2016,bmw,x3,"like new","4 cylinders",gas,27475,clean,automatic,,4wd,mid-size,SUV,blue,https://images.craigslist.org/00101_8uSRFYY6kpK_600x450.jpg,43.3385,-75.1616
https://utica.craigslist.org/cto/d/2003-hummer-h2-one-owner/6704513738.html,utica,12500,2003,,"h2 hummer",,,gas,,clean,automatic,,,,,,https://images.craigslist.org/00B0B_awDHmZFo89w_600x450.jpg,43.024885,-74.987617
https://utica.craigslist.org/cto/d/2005-jeep-luberty/6713681556.html,utica,3499,2005,jeep,"",good,"6 cylinders",gas,,clean,automatic,,4wd,,truck,red,https://images.craigslist.org/00x0x_a0qwjhzC1mK_600x450.jpg,43.024885,-74.987617
https://utica.craigslist.org/cto/d/honda-odyssey/6718521489.html,utica,2700,2008,honda,odyssey,,,gas,178000,clean,automatic,,,,,,https://images.craigslist.org/00d0d_eplcmElucEF_600x450.jpg,43.0654,-75.2906
https://utica.craigslist.org/cto/d/dodge-caravan-excellent/6698757162.html,utica,1450,1996,dodge,caravan,,,gas,,clean,automatic,,,,,,https://images.craigslist.org/00303_gPJKRXUxY2S_600x450.jpg,43.0654,-75.2906
https://utica.craigslist.org/cto/d/1977-pontiac-grand-prix-sj/6713343324.html,utica,11000,1977,pontiac,"grand prix sj",excellent,"8 cylinders",gas,44000,clean,automatic,,rwd,full-size,,blue,https://images.craigslist.org/00A0A_hNVqSyPPP38_600x450.jpg,42.9904,-75.9703
https://utica.craigslist.org/cto/d/2000-mercury-villager-sport/6718495795.html,utica,1795,2000,mercury,"villager sport",,"6 cylinders",gas,222374,clean,automatic,,fwd,,mini-van,red,https://images.craigslist.org/00n0n_3QwOuibGUby_600x450.jpg,43.0878,-75.7602
https://utica.craigslist.org/cto/d/1978-ford-4x4-dump-truck/6701802732.html,utica,3800,1978,ford,"dump truck",good,"8 cylinders",gas,95343,clean,manual,,4wd,,truck,blue,https://images.craigslist.org/00n0n_533HojEWHS5_600x450.jpg,43.0753,-75.7069
https://utica.craigslist.org/cto/d/2004-chevy-silverado/6714180332.html,utica,6400,2004,chevy,silverado,,"8 cylinders",gas,,clean,automatic,,4wd,,,,https://images.craigslist.org/00s0s_2wcPXeUOpNg_600x450.jpg,43.1,-75.2937
https://utica.craigslist.org/cto/d/1969-chevrolet-28-camaro/6715092391.html,utica,19800,1969,chevrolet,"",,,gas,,clean,manual,,,,,,https://images.craigslist.org/00808_1ChiNC7Xez9_600x450.jpg,42.9818,-75.4383
https://utica.craigslist.org/cto/d/2007-dodge-dakota/6718468130.html,utica,5500,2007,dodge,"dakota st",good,"6 cylinders",gas,130000,clean,automatic,,4wd,mid-size,pickup,white,https://images.craigslist.org/01515_6QDotkiK4qs_600x450.jpg,43.17204,-75.290792
https://utica.craigslist.org/cto/d/2005-honda-civic-ex-special/6718465200.html,utica,3000,2005,honda,"civic ex",good,"4 cylinders",gas,166877,clean,automatic,,fwd,,hatchback,silver,https://images.craigslist.org/00H0H_aCk9cuK12Th_600x450.jpg,43.2193,-75.4498
https://utica.craigslist.org/cto/d/2000-gmc-sierraone-owner/6718451932.html,utica,2995,2000,gmc,"sierra 1500 z-71",fair,"8 cylinders",gas,125859,clean,automatic,,4wd,full-size,truck,grey,https://images.craigslist.org/01212_k5ZFSKPJK46_600x450.jpg,43.006494,-75.003171
https://utica.craigslist.org/cto/d/2012-ford-fusion-sel-low/6713860977.html,utica,6900,2012,ford,fusion,excellent,,gas,48,rebuilt,automatic,,fwd,,,,https://images.craigslist.org/00m0m_6EDUpunrs3j_600x450.jpg,43.1067,-75.2314
https://utica.craigslist.org/cto/d/2007-pt-cruiser-one-owner/6718431562.html,utica,2799,2007,chrysler,"pt cruiser",good,"4 cylinders",gas,,clean,automatic,3A4FY48B17T509652,fwd,compact,hatchback,,https://images.craigslist.org/00h0h_4VEZ0GDUAJk_600x450.jpg,43.139398,-76.214598
https://utica.craigslist.org/cto/d/2007-suzuki-sx4-awd-rust-free/6716837309.html,utica,390,2007,,"suzuki sx4 awd",,"4 cylinders",gas,147354,clean,automatic,,,,,,https://images.craigslist.org/00909_hvYi2PM4hOM_600x450.jpg,43.2193,-75.4498
https://utica.craigslist.org/cto/d/ford-f350-lariet-60-liter/6707284290.html,utica,14000,2004,ford,f-350,good,"8 cylinders",diesel,121644,clean,automatic,1FTSX31P24EA31986,4wd,full-size,truck,black,https://images.craigslist.org/00N0N_ioP3pJijpkI_600x450.jpg,42.8237,-75.4367
https://utica.craigslist.org/cto/d/toyota-tundra-limited/6718401929.html,utica,6500,2003,toyota,"tundra limited",excellent,"8 cylinders",gas,165400,clean,automatic,5TBBT48193S341752,4wd,full-size,pickup,white,https://images.craigslist.org/00n0n_97oh5DE9uYX_600x450.jpg,42.83771,-74.874573
https://utica.craigslist.org/cto/d/2002-lexus-es-300/6704165491.html,utica,1800,2002,lexus,"es 300",excellent,"6 cylinders",gas,320000,clean,automatic,,fwd,mid-size,sedan,silver,https://images.craigslist.org/00G0G_h75qzIY9ypr_600x450.jpg,43.2193,-75.4498
https://utica.craigslist.org/cto/d/toyota-matrix-xr-corolla/6706429386.html,utica,5980,2008,toyota,"corolla matrix xr",good,"4 cylinders",gas,,rebuilt,automatic,,fwd,,,,https://images.craigslist.org/00p0p_eSZYayfb3QA_600x450.jpg,43.095226,-75.306213
https://utica.craigslist.org/cto/d/honda-civic-si/6706445530.html,utica,6650,2008,honda,"civic si sport",,,gas,,rebuilt,manual,,,,,,https://images.craigslist.org/00y0y_gNl7TxeENII_600x450.jpg,43.094727,-75.305798
https://utica.craigslist.org/cto/d/project-car-runs-and-drives/6718385180.html,utica,1000,1991,ford,thunderbird,good,"6 cylinders",gas,113469,clean,automatic,,rwd,mid-size,coupe,black,https://images.craigslist.org/00L0L_asKOvrH7uWk_600x450.jpg,43.3148,-75.5055
https://utica.craigslist.org/cto/d/fisher-minute-mount-blade/6696580084.html,utica,1275,2010,,FISHER,,,other,,clean,other,,,,,,https://images.craigslist.org/00B0B_edkIwIwgt9R_600x450.jpg,43.0226,-75.2656
https://utica.craigslist.org/cto/d/1931-ford-model-coupe/6718353943.html,utica,10500,1931,ford,"model a coupe",good,"4 cylinders",gas,,clean,manual,,rwd,full-size,coupe,black,https://images.craigslist.org/00d0d_lUrcnG8GXpb_600x450.jpg,42.633282,-74.679565
https://utica.craigslist.org/ctd/d/2015-buick-enclave-everybody/6718355540.html,utica,17995,2015,buick,enclave,"like new","6 cylinders",gas,114128,clean,automatic,5GAKVBKD3FJ182660,4wd,full-size,SUV,white,https://images.craigslist.org/00606_ijBT9bm1N8B_600x450.jpg,43.076513,-76.162231
https://utica.craigslist.org/cto/d/2005-kia-optima-excellent/6707173385.html,utica,2775,2005,kia,optima,,,gas,71900,clean,automatic,,,,,,https://images.craigslist.org/00T0T_g6Ts66PA0YR_600x450.jpg,43.1116,-75.2756
https://utica.craigslist.org/ctd/d/2006-chevrolet-silverado-1500/6718337503.html,utica,8500,2006,chevrolet,"silverado 1500",good,"8 cylinders",gas,139854,clean,automatic,2GCEC13T761238630,rwd,full-size,truck,blue,https://images.craigslist.org/00808_l2VLyosN7qv_600x450.jpg,43.162643,-75.417513
https://utica.craigslist.org/ctd/d/2006-ford-550-regular-cab-4wd/6718337506.html,utica,18500,2006,ford,f-550,good,"8 cylinders",diesel,68550,clean,automatic,1FDAF57P76EB73217,4wd,full-size,truck,red,https://images.craigslist.org/00V0V_6JwVrjNAOEc_600x450.jpg,43.162643,-75.417513
https://utica.craigslist.org/ctd/d/2007-gmc-sierra-2500hd-sle1/6718337512.html,utica,10990,2007,gmc,"sierra 2500hd",good,,gas,132739,clean,automatic,1GTHK24K77E530547,4wd,full-size,truck,grey,https://images.craigslist.org/00Z0Z_rSDUkEwGVa_600x450.jpg,43.162643,-75.417513
https://utica.craigslist.org/ctd/d/2005-chevrolet-silverado/6718337519.html,utica,11800,2005,chevrolet,"silverado 2500hd",good,"8 cylinders",gas,96005,clean,automatic,1GCHK29U45E210805,4wd,full-size,truck,red,https://images.craigslist.org/00u0u_jj1JLwGX8jt_600x450.jpg,43.162643,-75.417513
https://utica.craigslist.org/cto/d/1999-ford-mustang-cobra/6718326822.html,utica,7500,1999,ford,"mustang convertible",excellent,"8 cylinders",gas,150000,clean,manual,,rwd,,,,https://images.craigslist.org/00m0m_eYslruEDxTW_600x450.jpg,42.9801,-75.251
https://utica.craigslist.org/cto/d/2003-chevy-2500-hd/6718309630.html,utica,5500,2003,chevy,silverado,,,gas,,clean,automatic,,,,,,https://images.craigslist.org/00U0U_ehQt4a4WT7B_600x450.jpg,43.0427,-76.6449
https://utica.craigslist.org/cto/d/2006-ford-escape-limited-4x4/6718304015.html,utica,2995,2006,ford,"escape xlt",good,"6 cylinders",gas,120000,clean,automatic,,4wd,,,,https://images.craigslist.org/00A0A_7zKx9PmXO7D_600x450.jpg,43.0397,-76.0722
https://utica.craigslist.org/cto/d/2005-chevy-suburban-for-sale/6718281700.html,utica,5800,2005,chevrolet,"1500 suburban",good,"6 cylinders",gas,,clean,automatic,,4wd,full-size,SUV,black,https://images.craigslist.org/00j0j_bfbAo9PIIvb_600x450.jpg,42.8951,-74.8276
https://utica.craigslist.org/cto/d/2002-toyota-avalon-xl/6718265084.html,utica,1500,2002,toyota,"avalon xls",,,gas,,clean,automatic,,,,,,https://images.craigslist.org/00v0v_dPsJ5QBVGPM_600x450.jpg,43.2193,-75.4498
https://utica.craigslist.org/cto/d/2005-white-toyota-avalon-xls/6718261765.html,utica,4500,2005,toyota,"avalon xls",good,,gas,,clean,automatic,,,,,white,https://images.craigslist.org/00A0A_dmJm5JLyPkX_600x450.jpg,43.2193,-75.4498
https://utica.craigslist.org/cto/d/trade-custom-police/6716514879.html,utica,5,2010,ford,"crown victoria police",,,gas,,clean,automatic,,,,,,https://images.craigslist.org/00D0D_iZj8IDH3uWF_600x450.jpg,43.8467,-76.2352
https://utica.craigslist.org/cto/d/2008-toyota-highlander/6718242633.html,utica,10500,2008,toyota,highlander,excellent,"6 cylinders",gas,97755,clean,automatic,JTEDS41A682012563,fwd,full-size,SUV,black,https://images.craigslist.org/00r0r_4JSoRDSp9kc_600x450.jpg,42.908049,-75.517055
https://utica.craigslist.org/cto/d/2005-honda-crv-4x4-se/6697442472.html,utica,6550,2005,honda,"crv 'se 4x4","like new","4 cylinders",gas,,clean,automatic,,4wd,mid-size,SUV,grey,https://images.craigslist.org/00l0l_6C3NpFKg15d_600x450.jpg,43.1158,-75.3095
https://utica.craigslist.org/cto/d/2007-toyota-camry-se-sedan/6710154794.html,utica,5795,2007,toyota,"camry se","like new",,gas,130000,clean,automatic,4T1BE46K07U155740,fwd,full-size,sedan,red,https://images.craigslist.org/01515_hJuG6PJrlPS_600x450.jpg,43.114922,-75.309869
https://utica.craigslist.org/cto/d/toyota-avalon-ltd/6715205522.html,utica,8950,2009,toyota,"",,,gas,,clean,automatic,,,,,,https://images.craigslist.org/00v0v_cDo9NXtJakR_600x450.jpg,43.5562,-76.1252
https://utica.craigslist.org/cto/d/2002-saturn-vue-awd/6718223772.html,utica,1500,2002,saturn,"vue awd v6",fair,"6 cylinders",gas,168500,clean,automatic,,4wd,mid-size,SUV,custom,https://images.craigslist.org/00c0c_21pfqswtmHe_600x450.jpg,42.9863,-75.594
https://utica.craigslist.org/cto/d/2004-volkswagen-passat-wagon/6710752402.html,utica,3200,2004,volkswagen,passat,excellent,"4 cylinders",gas,,clean,automatic,,fwd,full-size,wagon,green,https://images.craigslist.org/00303_iyoz7SOKPxJ_600x450.jpg,43.0871,-75.2315
https://utica.craigslist.org/cto/d/2003-dodge-durango-slt/6718189657.html,utica,3850,2003,dodge,"durango slt",,,gas,149000,clean,automatic,,4wd,full-size,SUV,red,https://images.craigslist.org/01212_cOJA5KuSEMW_600x450.jpg,43.196166,-75.444145
https://utica.craigslist.org/ctd/d/2012-ford-escape-xlt-30l-4wd/6718197865.html,utica,9590,2012,ford,escape,excellent,"6 cylinders",gas,98302,clean,automatic,1FMCU9DG1CKC70906,4wd,mid-size,SUV,red,https://images.craigslist.org/00k0k_5tMvubLpKpV_600x450.jpg,43.154309,-75.931578
https://utica.craigslist.org/cto/d/trade-4-classic-car-truck/6698141509.html,utica,3800,2008,ford,"",,,gas,,clean,automatic,,,,,,https://images.craigslist.org/00a0a_dVl1dCYfdka_600x450.jpg,43.0878,-75.7602
https://utica.craigslist.org/cto/d/2008-lexus-es-350-luxury/6711695599.html,utica,8800,2008,lexus,es350,,"6 cylinders",gas,160532,clean,automatic,,fwd,,,,https://images.craigslist.org/00y0y_32CIIrx1wrl_600x450.jpg,43.2193,-75.4498
https://utica.craigslist.org/cto/d/2008-chrysler-sebring/6718099482.html,utica,4,2008,chrysler,"",,,diesel,,clean,automatic,,,,,,https://images.craigslist.org/00j0j_j4Wi28aZZGF_600x450.jpg,43.1017,-75.4533
https://utica.craigslist.org/cto/d/2008-chrysler-sebring/6718145226.html,utica,4,2008,chrysler,sebring,"like new","4 cylinders",gas,,clean,automatic,,fwd,mid-size,sedan,white,https://images.craigslist.org/00z0z_ctl7W3AxyXc_600x450.jpg,43.1017,-75.4533
https://utica.craigslist.org/cto/d/2004-chevy-tahoe/6718142444.html,utica,2995,2004,chevy,tahoe,good,"8 cylinders",gas,,clean,automatic,,4wd,,truck,red,https://images.craigslist.org/01515_fBin1Tocio8_600x450.jpg,43.0654,-75.2906
https://utica.craigslist.org/cto/d/2008-chrysler-sebring/6718121391.html,utica,4200,2008,chrysler,sebring,,,gas,,clean,other,,,,,,https://images.craigslist.org/00n0n_klkFcqhy5eP_600x450.jpg,43.1017,-75.4533
https://utica.craigslist.org/cto/d/2004-gmc-sierra-2500hd/6694173269.html,utica,7500,2004,gmc,"sierra 2500hd slt",good,"8 cylinders",gas,140000,clean,automatic,1GTHK29U84E243045,4wd,,truck,red,https://images.craigslist.org/00l0l_duLcAQIKBXI_600x450.jpg,43.2193,-75.4498
https://utica.craigslist.org/cto/d/1981-vw-rabbit-pickup/6718097827.html,utica,1300,1981,volkswagen,"rabbit pickup",fair,"4 cylinders",gas,,clean,manual,,fwd,compact,pickup,grey,https://images.craigslist.org/00D0D_fVoyQpFwN7c_600x450.jpg,42.7516,-75.169
https://utica.craigslist.org/cto/d/2003-buick-lesabre/6718093195.html,utica,2500,2003,buick,lesabre,good,"6 cylinders",gas,,clean,automatic,,fwd,,sedan,silver,https://images.craigslist.org/00C0C_lWBJLBQxnBD_600x450.jpg,43.4597,-75.5127
https://utica.craigslist.org/cto/d/bmw-x5/6718075427.html,utica,8500,2008,bmw,"x5 3.0si",excellent,"6 cylinders",gas,120000,clean,automatic,,,mid-size,SUV,black,https://images.craigslist.org/00O0O_aYfG1LyuIcA_600x450.jpg,43.1067,-75.2314
https://utica.craigslist.org/cto/d/winter-rat-2000-jeep-cherokee/6718072225.html,utica,1400,2000,jeep,cherokee,good,"6 cylinders",gas,225000,clean,automatic,,4wd,mid-size,SUV,silver,https://images.craigslist.org/00U0U_gTGiKhYl63P_600x450.jpg,42.7516,-75.169
https://utica.craigslist.org/cto/d/2007-hyundai-tucson/6712560215.html,utica,4200,2007,,"Hyaundai Tucson",,,gas,,clean,automatic,,,,,,https://images.craigslist.org/00i0i_9701rYh20f7_600x450.jpg,43.2193,-75.4498
https://utica.craigslist.org/cto/d/2000-silverado-1500/6712339867.html,utica,1350,2000,chevrolet,1500,,"6 cylinders",gas,174000,clean,manual,,rwd,full-size,,,https://images.craigslist.org/00R0R_hFPY4UQWMQH_600x450.jpg,42.632822,-75.325356
https://utica.craigslist.org/cto/d/gmc-sierra-2500hd-duramax-4x4/6692807803.html,utica,14500,2007,gmc,sierra,,"8 cylinders",diesel,249543,clean,automatic,,4wd,,,,https://images.craigslist.org/00000_1G4PMNFd4cP_600x450.jpg,43.095591,-75.340121
https://utica.craigslist.org/cto/d/2005-mitsubishi-galant/6708310730.html,utica,3200,2005,mitsubishi,"",,,gas,,rebuilt,automatic,,,,,,https://images.craigslist.org/00909_G9WZb4JiN1_600x450.jpg,43.0654,-75.2906
https://utica.craigslist.org/cto/d/2012-subaru-outback/6714150872.html,utica,6999,2012,subaru,outback,,,gas,,clean,automatic,,,,,,https://images.craigslist.org/00F0F_gyKP5wkd49H_600x450.jpg,43.152869,-75.368786
https://utica.craigslist.org/cto/d/2011-vw-cc/6714243406.html,utica,7999,2011,vw,cc,,,gas,,clean,automatic,,,,,,https://images.craigslist.org/00c0c_ahJRvrh2ZbP_600x450.jpg,43.152869,-75.369987
https://utica.craigslist.org/cto/d/94-bronco/6718030932.html,utica,1500,1994,ford,bronco,good,"8 cylinders",gas,,clean,automatic,,4wd,,,red,https://images.craigslist.org/00P0P_lTzkxaZdMcP_600x450.jpg,43.1042,-74.7643
https://utica.craigslist.org/cto/d/bmw-x5-2013/6716399616.html,utica,15999,2013,bmw,x5,,,gas,,rebuilt,automatic,,,,,,https://images.craigslist.org/00U0U_5qiPtjjuGIi_600x450.jpg,43.1067,-75.2314
https://utica.craigslist.org/cto/d/1969-chevrolet-el-camino/6711476007.html,utica,700,1969,chevrolet,"el camino",fair,"8 cylinders",gas,,clean,manual,,rwd,compact,,,https://images.craigslist.org/00M0M_2o7vNZNDFZB_600x450.jpg,42.9108,-75.6487
https://utica.craigslist.org/cto/d/93-taurus-151k/6718010079.html,utica,625,1993,ford,taurus,,"6 cylinders",gas,151,clean,automatic,,,,,,https://images.craigslist.org/00Z0Z_90QeBTq4x7Z_600x450.jpg,,
https://utica.craigslist.org/cto/d/2005-volvo-s40-t5-awd/6718005915.html,utica,2500,2005,volvo,"s40 t5 awd",,,gas,92000,clean,automatic,,,,,,https://images.craigslist.org/00H0H_4kC3c6QYGLD_600x450.jpg,43.0654,-75.2906
https://utica.craigslist.org/cto/d/gmc-sierra-1500/6717994769.html,utica,1900,1999,gmc,"sierra 1500",fair,"8 cylinders",gas,129600,clean,automatic,,4wd,,truck,black,https://images.craigslist.org/00D0D_45oDfqYTumA_600x450.jpg,43.0871,-75.2315
https://utica.craigslist.org/cto/d/2014-volkswagen-tiguan-sel/6717971835.html,utica,15000,2014,volkswagen,tiguan,"like new","4 cylinders",gas,82000,clean,automatic,,4wd,mid-size,SUV,white,https://images.craigslist.org/00r0r_g5fGlBBIto6_600x450.jpg,43.3148,-75.5055
https://utica.craigslist.org/cto/d/2012-honda-civic-ex-sun-roof/6707389448.html,utica,10199,2012,honda,"civic coupe ex",excellent,"4 cylinders",gas,64380,clean,automatic,,fwd,compact,hatchback,black,https://images.craigslist.org/00O0O_4tso1Pzg6Gu_600x450.jpg,43.091301,-75.659783
https://utica.craigslist.org/cto/d/chrysler-300m-clean-car-low/6715886433.html,utica,5995,1999,chrysler,300m,excellent,"6 cylinders",gas,44000,clean,automatic,,fwd,full-size,sedan,grey,https://images.craigslist.org/01414_cEUnOqEeyCx_600x450.jpg,43.091301,-75.659783
https://utica.craigslist.org/cto/d/toyota-tacoma/6717956835.html,utica,3100,2002,toyota,"tacoma 4x4",good,"4 cylinders",gas,149000,clean,manual,,4wd,,truck,white,https://images.craigslist.org/00J0J_dBL6zDvvqhV_600x450.jpg,42.9818,-75.4383
https://utica.craigslist.org/ctd/d/2004-chevy-colorado-reg-cab/6717957554.html,utica,4995,2004,chevy,colorado,,"5 cylinders",gas,,clean,automatic,,4wd,,,red,https://images.craigslist.org/00E0E_hMp7t37DLqj_600x450.jpg,43.1067,-75.2314
https://utica.craigslist.org/cto/d/toyota-tacoma/6713255213.html,utica,2200,2002,toyota,"tacoma 4x4",,,gas,252000,clean,automatic,,,,,,https://images.craigslist.org/00K0K_d5HaMGpXZZW_600x450.jpg,43.0073,-75.2626
https://utica.craigslist.org/cto/d/2007-subaru-impreza-wrx-sti/6717918610.html,utica,18000,2007,subaru,"impreza wrx sti",,,gas,,lien,manual,,,,,,https://images.craigslist.org/00X0X_wU2QeLkEmY_600x450.jpg,43.1,-75.2937
https://utica.craigslist.org/cto/d/2004-chrysler-sebring/6700000922.html,utica,2650,2004,chrysler,"sebring lxi",,"6 cylinders",gas,112000,clean,automatic,,fwd,full-size,convertible,white,https://images.craigslist.org/00R0R_kaCsmNZP2tU_600x450.jpg,43.196041,-75.443974
https://utica.craigslist.org/cto/d/2006-gmc-envoy-xl/6706152923.html,utica,4850,2006,gmc,"envoy xl",excellent,"6 cylinders",gas,109000,clean,automatic,,4wd,full-size,SUV,white,https://images.craigslist.org/00707_MdMoHhKS7q_600x450.jpg,43.196291,-75.443802
https://utica.craigslist.org/ctd/d/2013-chevrolet-crew-cab/6717906593.html,utica,26488,2013,chevrolet,"1500 silverado",,,gas,,clean,automatic,,,,,,https://images.craigslist.org/01212_Y4kxdO9Hea_600x450.jpg,43.122023,-75.294507
https://utica.craigslist.org/ctd/d/2008-ford-f350-supercab/6717898373.html,utica,12800,2008,ford,f350,,"8 cylinders",diesel,,clean,automatic,,4wd,,,,https://images.craigslist.org/00f0f_hn3e1yR85iS_600x450.jpg,43.1067,-75.2314
https://utica.craigslist.org/cto/d/2009-mitsubishi-lancer-es/6711877157.html,utica,3950,2008,mitsubishi,lancer,,,gas,153145,clean,automatic,,,,,,https://images.craigslist.org/00P0P_1soCgadlmba_600x450.jpg,43.2193,-75.4498
https://utica.craigslist.org/ctd/d/2013-volkswagen-passat-sel/6717896889.html,utica,10900,2013,volkswagen,"passat sel","like new","5 cylinders",gas,73876,clean,automatic,1VWCP7A32DC088416,fwd,full-size,SUV,black,https://images.craigslist.org/00X0X_1RIfPPbBHz6_600x450.jpg,42.995529,-75.255876
https://utica.craigslist.org/cto/d/2007-saturn-aura-xe/6716363572.html,utica,2250,2007,saturn,"aura xe",,,gas,,clean,automatic,,,,,,https://images.craigslist.org/00c0c_92klO2FS6ux_600x450.jpg,43.1158,-75.3095
https://utica.craigslist.org/cto/d/2008-saturn-vue-gas-saving-suv/6711718808.html,utica,3800,2008,saturn,"",,,gas,166435,clean,automatic,,fwd,,,,https://images.craigslist.org/01010_kCl67hjisVi_600x450.jpg,43.2193,-75.4498
https://utica.craigslist.org/cto/d/2012-maxima-sv-1-owner/6717784685.html,utica,8500,2012,nissan,"",,,gas,,clean,automatic,,,,,,https://images.craigslist.org/00A0A_3tLhX6X1CkQ_600x450.jpg,43.1067,-75.2314
https://utica.craigslist.org/cto/d/2001-audi-tt-quattro/6705282462.html,utica,3995,2001,audi,"",good,,gas,160,clean,manual,,4wd,compact,coupe,silver,https://images.craigslist.org/00x0x_jKiM6QBDqgj_600x450.jpg,43.064723,-76.060145
https://utica.craigslist.org/cto/d/2015-volkswagon-jettamiles/6713448776.html,utica,8495,2015,volkswagen,jetta,excellent,"4 cylinders",gas,68000,clean,automatic,3VWD17AJ6FM311594,fwd,mid-size,sedan,white,https://images.craigslist.org/00T0T_huRvAy5XVtE_600x450.jpg,43.0871,-75.2315
https://utica.craigslist.org/cto/d/2007-ford-focus-seruns/6713450982.html,utica,2695,2007,ford,"focus se",excellent,"4 cylinders",gas,115590,clean,automatic,1FAHP36N97W139009,fwd,mid-size,wagon,custom,https://images.craigslist.org/00V0V_d33Y1qga34X_600x450.jpg,43.0871,-75.2315
https://utica.craigslist.org/cto/d/2006-chrysler-sebring/6715485440.html,utica,2995,2006,chrysler,"sebring convertible",good,"6 cylinders",gas,72000,clean,automatic,1C3EL65R26N211854,fwd,mid-size,convertible,black,https://images.craigslist.org/00404_9xcgwvf1rK5_600x450.jpg,43.0871,-75.2315
https://utica.craigslist.org/cto/d/2004-chrysler-pacifica/6717829145.html,utica,1300,2004,chrysler,"pacifica awd",,,gas,,clean,automatic,,,,,,https://images.craigslist.org/00101_3yA1hvtHVho_600x450.jpg,43.0871,-75.2315
https://utica.craigslist.org/cto/d/2014-nissan-altima-25s-91k/6717825819.html,utica,6750,2014,nissan,"altima 2.5 s",excellent,"4 cylinders",gas,91000,salvage,automatic,1N4AL3AP1EC156116,fwd,,sedan,white,https://images.craigslist.org/00h0h_d6TaXHB2PVH_600x450.jpg,43.044,-75.1072
https://utica.craigslist.org/cto/d/2018-nissan-rogue-sv-awd/6699729156.html,utica,20495,2018,nissan,rogue,"like new","4 cylinders",gas,22000,clean,automatic,,4wd,full-size,SUV,grey,https://images.craigslist.org/00q0q_eTTgqUJnupg_600x450.jpg,43.1017,-75.4533
https://utica.craigslist.org/cto/d/2018-kia-forte-lx/6697493285.html,utica,14495,2018,kia,forte,"like new",,gas,25000,clean,automatic,,fwd,full-size,,,https://images.craigslist.org/00N0N_ikEfOHfdwij_600x450.jpg,43.1017,-75.4533
https://utica.craigslist.org/cto/d/2017-mazda-3-isport-like-new/6701526074.html,utica,13995,2017,mazda,3,"like new","4 cylinders",gas,33000,clean,automatic,,fwd,mid-size,sedan,black,https://images.craigslist.org/00J0J_h68VezsWRMO_600x450.jpg,43.1017,-75.4533
https://utica.craigslist.org/cto/d/2017-nissan-sentra-sr-premium/6710963513.html,utica,14495,2017,nissan,"sentra sr","like new","4 cylinders",gas,37000,clean,automatic,,fwd,mid-size,sedan,grey,https://images.craigslist.org/00b0b_8doroUugsVb_600x450.jpg,43.1017,-75.4533
https://utica.craigslist.org/cto/d/2017-ford-mustang-gt-premium/6694538987.html,utica,28995,2017,ford,"mustang gt premium","like new","8 cylinders",gas,36000,clean,automatic,,rwd,,coupe,black,https://images.craigslist.org/00o0o_2FISgm8cuWc_600x450.jpg,43.1017,-75.4533
https://utica.craigslist.org/cto/d/2016-jeep-compass-4wd-high/6711024147.html,utica,17495,2016,jeep,compass,"like new","4 cylinders",gas,13800,clean,automatic,,4wd,full-size,SUV,black,https://images.craigslist.org/00h0h_gWqzsIUpR5Z_600x450.jpg,43.0871,-75.2315
https://utica.craigslist.org/cto/d/2003-subaru-forester-ready-to/6696657091.html,utica,1500,2003,subaru,forester,fair,"4 cylinders",gas,253000,clean,automatic,,4wd,,,blue,https://images.craigslist.org/00505_gMndWN5elF5_600x450.jpg,43.1017,-75.4533
https://utica.craigslist.org/cto/d/2017-chevrolet-malibu-lt-like/6711267302.html,utica,14750,2017,chevrolet,"malibu lt","like new","4 cylinders",gas,35000,clean,automatic,,fwd,full-size,sedan,silver,https://images.craigslist.org/00X0X_c6ZUS2gOTf9_600x450.jpg,43.1017,-75.4533
https://southjersey.craigslist.org/cto/d/chevy-trailblazer/6718641588.html,southjersey,3500,2005,chevy,trailblazer,excellent,"6 cylinders",gas,116000,clean,automatic,,4wd,mid-size,SUV,white,https://images.craigslist.org/00g0g_7EAS44PJY4f_600x450.jpg,39.7215,-74.8609
https://southjersey.craigslist.org/cto/d/04-acura-tsx-3200-takes-it/6718640862.html,southjersey,3200,2004,acura,tsx,,,gas,143,clean,automatic,,,,,,https://images.craigslist.org/00f0f_37T3Lpst8vf_600x450.jpg,40.897,-74.1573
https://southjersey.craigslist.org/cto/d/91-yamaha-fzr1000-sale-or/6718640003.html,southjersey,1300,1991,,1991,,,gas,,clean,manual,,,,,,https://images.craigslist.org/00606_bPQgTAlKmu2_600x450.jpg,39.8776,-75.112197
https://southjersey.craigslist.org/cto/d/2012-vw-gti/6718635363.html,southjersey,11500,2012,vw,"gti mk6",excellent,"4 cylinders",gas,50000,clean,manual,,fwd,,,,https://images.craigslist.org/01313_kXvzayt8C22_600x450.jpg,40.5839,-74.4147
https://southjersey.craigslist.org/cto/d/subaru-forester/6712711821.html,southjersey,4,1998,subaru,forester,,,gas,187000,clean,automatic,,,,,,https://images.craigslist.org/00h0h_ljhaZ3tnH4h_600x450.jpg,39.3673,-75.0293
https://southjersey.craigslist.org/cto/d/for-sale/6718633118.html,southjersey,12500,2004,chevrolet,"",good,"8 cylinders",gas,142000,clean,automatic,,4wd,mid-size,truck,grey,https://images.craigslist.org/00I0I_cx8RCwPtfLP_600x450.jpg,39.6491,-75.5155
https://southjersey.craigslist.org/cto/d/chevy-04-monte-ss-supercharged/6718633146.html,southjersey,5700,2004,chevrolet,"monte carlo ss",excellent,"6 cylinders",gas,127500,clean,automatic,,fwd,mid-size,coupe,black,https://images.craigslist.org/00707_3891d2oaRxi_600x450.jpg,39.1564,-75.4955
https://southjersey.craigslist.org/cto/d/2014-nissan-rogue/6718631752.html,southjersey,14000,2014,nissan,"rogue select",excellent,other,gas,58600,lien,automatic,JN8AS5MV2EW704095,4wd,mid-size,other,black,https://images.craigslist.org/00303_gcWnGBVYjQI_600x450.jpg,39.76,-74.8665
https://southjersey.craigslist.org/cto/d/2010-mercedes-e350-coupe/6697357725.html,southjersey,19900,2010,mercedes,e350,,,gas,26000,clean,automatic,,,,,,https://images.craigslist.org/00M0M_2oFuh7sBLf5_600x450.jpg,39.7529,-75.3362
https://southjersey.craigslist.org/cto/d/2001-acura-tl-32-navigation/6718630345.html,southjersey,3000,2001,acura,"tl 3.2 4dr sedan",good,"6 cylinders",gas,202000,clean,automatic,19UUA567X1A015232,fwd,compact,sedan,grey,https://images.craigslist.org/00f0f_10CpE4Vx4dm_600x450.jpg,39.658068,-75.093784
https://southjersey.craigslist.org/cto/d/2010-mercedes-e350-coupe/6697405656.html,southjersey,19900,2010,mercedes,e350,,,gas,26000,clean,automatic,,,,,,https://images.craigslist.org/00M0M_2oFuh7sBLf5_600x450.jpg,39.7529,-75.3362
https://southjersey.craigslist.org/cto/d/2002-ford-taurus-ses/6703376524.html,southjersey,1995,2002,ford,tauras,,"6 cylinders",gas,120,clean,automatic,,fwd,,,,https://images.craigslist.org/00J0J_jyHIljx38k2_600x450.jpg,40.4332,-74.1996
https://southjersey.craigslist.org/cto/d/2007-bmw-328xi-navigation/6718629117.html,southjersey,6700,2007,bmw,328xi,"like new","6 cylinders",gas,131000,clean,manual,,4wd,full-size,coupe,white,https://images.craigslist.org/00Q0Q_8lvYBhDA0Qf_600x450.jpg,39.8604,-74.6693
https://southjersey.craigslist.org/cto/d/1999-dodge-neon-t-white-coupe/6718622100.html,southjersey,2500,1999,dodge,"neon r/t",excellent,"4 cylinders",gas,,clean,manual,,fwd,,,white,https://images.craigslist.org/00M0M_gD73FGKTGrr_600x450.jpg,40.121,-74.3017
https://southjersey.craigslist.org/cto/d/1992-ford-mustang-50-5-speed/6718615226.html,southjersey,950,1992,ford,mustang,good,,gas,,clean,manual,,rwd,,,,https://images.craigslist.org/00a0a_765gbD7ovLV_600x450.jpg,40.068,-74.8454
https://southjersey.craigslist.org/cto/d/04-bmw-325i/6718609919.html,southjersey,3500,2004,bmw,325i,,,gas,,clean,automatic,,,,,,https://images.craigslist.org/00x0x_lDS4S1CT7yK_600x450.jpg,39.9074,-75.0008
https://southjersey.craigslist.org/cto/d/1990-ford-f250-diesel-73-4x4/6712612662.html,southjersey,4750,1990,ford,f-250,good,"8 cylinders",diesel,193000,clean,manual,,4wd,,pickup,black,https://images.craigslist.org/01515_f9ZdvPQ3gX4_600x450.jpg,39.3741,-74.6118
https://southjersey.craigslist.org/cto/d/2005-freightliner-m2/6711709981.html,southjersey,16500,2005,,"freightliner business class m2",,,diesel,,clean,automatic,,,,,,https://images.craigslist.org/00b0b_ck4g6A2hdaC_600x450.jpg,40.9343,-74.1166
https://southjersey.craigslist.org/cto/d/towwing-piggy-back-fivewel/6716315029.html,southjersey,160,2014,volvo,"",,,diesel,,clean,manual,,,,,,https://images.craigslist.org/00f0f_7FonTTMwb1S_600x450.jpg,40.7082,-74.1891
https://southjersey.craigslist.org/cto/d/1991-pathfinder-ex-v6-4x4/6718603610.html,southjersey,1600,1991,nissan,"pathfinder ex 4x4",excellent,"6 cylinders",gas,153000,clean,automatic,JN8HD17Y6MW029468,4wd,full-size,SUV,red,https://images.craigslist.org/00F0F_3WMWm6V4DOJ_600x450.jpg,39.5691,-75.163
https://southjersey.craigslist.org/cto/d/nice-infiniti-fx35-for-sale/6718602535.html,southjersey,2000,2007,infiniti,fx35,excellent,"6 cylinders",gas,129000,clean,automatic,,rwd,full-size,SUV,white,https://images.craigslist.org/01616_eoJRA2kBOji_600x450.jpg,40.6379,-74.3682
https://southjersey.craigslist.org/cto/d/2013-audi-s5-6mt-sports-diff/6715347856.html,southjersey,28000,2013,audi,s5,"like new","6 cylinders",gas,64500,clean,manual,,4wd,,coupe,blue,https://images.craigslist.org/00p0p_4e19KNP7D3K_600x450.jpg,39.4818,-75.0091
https://southjersey.craigslist.org/cto/d/1998-jeep-cherokee-sport/6715894320.html,southjersey,4500,1998,jeep,cherokee,,,gas,,clean,automatic,,,,,,https://images.craigslist.org/00E0E_kw31z1GMSOY_600x450.jpg,39.705,-74.2604
https://southjersey.craigslist.org/cto/d/isuzu-ascender/6715300284.html,southjersey,4299,2008,,"isuzu ascender",,,gas,,clean,automatic,,,,,,https://images.craigslist.org/00V0V_hNIBJjrvOY7_600x450.jpg,39.35849,-74.441865
https://southjersey.craigslist.org/cto/d/lincoln-town-car-2003very/6715290117.html,southjersey,2699,2003,lincoln,"town car",,,gas,,clean,automatic,,,,,,https://images.craigslist.org/00Y0Y_3Cyeh06piky_600x450.jpg,39.35849,-74.441865
https://southjersey.craigslist.org/cto/d/chevy-trailblazer-lt/6707259724.html,southjersey,3699,2003,chevy,trailblazer,,,gas,,clean,automatic,,,,,,https://images.craigslist.org/00f0f_l43uFnMnRCP_600x450.jpg,39.3664,-74.4317
https://southjersey.craigslist.org/cto/d/2006-ford-150-supercrew-4x4/6700866048.html,southjersey,8400,2006,ford,f150,,"8 cylinders",gas,124451,clean,automatic,,4wd,,,,https://images.craigslist.org/00L0L_dsITR53WtXh_600x450.jpg,39.3673,-75.0293
https://southjersey.craigslist.org/cto/d/2006-honda-pilot/6697723873.html,southjersey,4400,2006,honda,pilot,,,gas,100000,salvage,automatic,,,,,,https://images.craigslist.org/00S0S_2vNacgJst5l_600x450.jpg,39.9227,-75.1812
https://southjersey.craigslist.org/cto/d/2010-dodge-ram/6704385148.html,southjersey,159000,2010,ram,"1500 4x4",good,"8 cylinders",gas,,clean,automatic,,4wd,full-size,pickup,silver,https://images.craigslist.org/00w0w_5MpysuKm91X_600x450.jpg,40.078719,-74.865988
https://southjersey.craigslist.org/cto/d/2006-buick-rainier-suv/6707985661.html,southjersey,5500,2006,buick,rainier,,,gas,,rebuilt,automatic,,,,,,https://images.craigslist.org/00W0W_1iKCasFNQ8g_600x450.jpg,39.9308,-75.0175
https://southjersey.craigslist.org/cto/d/mazda-3/6711651084.html,southjersey,2000,2005,mazda,3,excellent,"4 cylinders",gas,137412,clean,manual,,,,sedan,grey,https://images.craigslist.org/00303_jich6PIas0C_600x450.jpg,2.642893,-114.036249
https://southjersey.craigslist.org/cto/d/custom-chopper-trade-for/6712388323.html,southjersey,1,2001,,Ultra,,,gas,,clean,manual,,,,,,https://images.craigslist.org/00808_4qOWkk7nLI0_600x450.jpg,39.3741,-74.6118
https://southjersey.craigslist.org/cto/d/honda-accord-ex-manual/6718584630.html,southjersey,4900,2008,honda,accord,,,gas,,clean,manual,,,,,,https://images.craigslist.org/00n0n_k7anHsZuuBw_600x450.jpg,40.622587,-74.278755
https://southjersey.craigslist.org/cto/d/1991-corvette-557xx-miles/6697607181.html,southjersey,7500,1991,chevy,corvette,good,"8 cylinders",gas,55700,clean,manual,,rwd,mid-size,coupe,red,https://images.craigslist.org/00T0T_cOYQNsorXIf_600x450.jpg,40.024516,-74.932631
https://southjersey.craigslist.org/cto/d/cargo-van/6718588339.html,southjersey,2000,1994,ford,"e150 econoline",good,"6 cylinders",gas,,clean,automatic,,rwd,full-size,van,silver,https://images.craigslist.org/00j0j_5R9Zjoizkmd_600x450.jpg,39.9048,-75.2946
https://southjersey.craigslist.org/cto/d/2011-nissan-altima/6718585728.html,southjersey,8495,2011,nissan,altima,"like new","4 cylinders",gas,73942,clean,automatic,,fwd,full-size,sedan,blue,https://images.craigslist.org/01313_qAPi2gbc0I_600x450.jpg,40.002,-74.9952
https://southjersey.craigslist.org/cto/d/2005-bmw-325i/6711133628.html,southjersey,1250,2005,bmw,"3 series 325i",fair,"5 cylinders",gas,178000,clean,automatic,37435NJ90228,,,sedan,grey,https://images.craigslist.org/00101_9eOU4madydr_600x450.jpg,40.041037,-74.865458
https://southjersey.craigslist.org/cto/d/2010-nissan-sentra-se/6718578239.html,southjersey,5500,2010,nissan,sentra,excellent,"6 cylinders",gas,,clean,automatic,,fwd,full-size,sedan,black,https://images.craigslist.org/00X0X_htIYBIMLUXH_600x450.jpg,39.45759,-75.00296
https://southjersey.craigslist.org/cto/d/2002-dodge-ram-2500-laramie/6718572012.html,southjersey,6790,2002,ram,"2500 laramie slt",good,"8 cylinders",gas,140000,clean,automatic,,4wd,full-size,pickup,red,https://images.craigslist.org/00J0J_8RLsRt8zdWL_600x450.jpg,39.8044,-75.4649
https://southjersey.craigslist.org/cto/d/2000-honda-civic/6718571782.html,southjersey,1900,2000,honda,"civic ex",,,gas,125,clean,automatic,,,,,,https://images.craigslist.org/00v0v_712eZRgt6ez_600x450.jpg,39.5929,-75.6515
https://southjersey.craigslist.org/cto/d/2003-toyota-camry4/6718563969.html,southjersey,1900,2003,toyota,camry,,,gas,,clean,automatic,,,,,,https://images.craigslist.org/00707_e3THhlPoP4Z_600x450.jpg,39.891325,-74.891613
https://southjersey.craigslist.org/cto/d/honda-accord-lx-withmiles/6714450661.html,southjersey,8300,2011,honda,"accord lx",,,gas,,clean,automatic,,,,,,https://images.craigslist.org/00h0h_LBec73nxVb_600x450.jpg,37.13284,-95.78558
https://southjersey.craigslist.org/cto/d/1955-chevy-belair/6718562099.html,southjersey,35000,1955,chevrolet,belair,excellent,"8 cylinders",gas,,clean,manual,,rwd,full-size,,red,https://images.craigslist.org/00404_2W9VVJRSoNz_600x450.jpg,40.5823,-74.2313
https://southjersey.craigslist.org/cto/d/2011-truck-trailer/6718557342.html,southjersey,9500,2011,,"International Maxxforce",excellent,"10 cylinders",diesel,315000,clean,manual,,4wd,,truck,white,https://images.craigslist.org/00R0R_dMXsDLPN24a_600x450.jpg,40.6565,-74.2215
https://southjersey.craigslist.org/cto/d/2012-f250-4x4-lariat-crew-cab/6701589257.html,southjersey,29500,2012,ford,"f250 super duty","like new","8 cylinders",gas,97425,clean,automatic,,4wd,full-size,truck,white,https://images.craigslist.org/00k0k_dK2zUICDlJQ_600x450.jpg,39.8637,-74.8223
https://southjersey.craigslist.org/cto/d/toyota-camry/6718553167.html,southjersey,1500,1999,toyota,camery,fair,"6 cylinders",gas,199000,clean,automatic,,fwd,mid-size,sedan,red,https://images.craigslist.org/00Q0Q_eynglciFPX1_600x450.jpg,39.760779,-75.400871
https://southjersey.craigslist.org/cto/d/2002-chrysler-town-country-lx/6718551218.html,southjersey,500,2002,chrysler,"town & country",fair,,gas,149603,clean,automatic,,,,mini-van,,https://images.craigslist.org/00o0o_6ZAEIzwZI2z_600x450.jpg,39.9157,-75.0634
https://southjersey.craigslist.org/cto/d/2001-mustang-gt/6701423714.html,southjersey,1800,2001,,"2001 mustang gt",good,,gas,,clean,manual,,rwd,,coupe,black,https://images.craigslist.org/00q0q_lwytBHeSuBy_600x450.jpg,39.8805,-74.9706
https://southjersey.craigslist.org/cto/d/2014-ford-fusion-se/6715188638.html,southjersey,10000,2014,ford,fusion,"like new","4 cylinders",gas,60591,clean,automatic,3fa6poh70er228634,fwd,,sedan,grey,https://images.craigslist.org/00f0f_i1pLGAS1lMV_600x450.jpg,41.2448,-75.5037
https://southjersey.craigslist.org/cto/d/cadillac-cts-sport-2007/6704867148.html,southjersey,4000,2007,cadillac,cts,"like new",,gas,,clean,automatic,,,mid-size,sedan,silver,https://images.craigslist.org/00F0F_kVz6bHOUKqv_600x450.jpg,39.982271,-74.78322
https://southjersey.craigslist.org/cto/d/cadillac-cts-sport-2007/6701485611.html,southjersey,4000,2007,cadillac,cts,"like new",,gas,,clean,automatic,,,mid-size,sedan,silver,https://images.craigslist.org/00F0F_kVz6bHOUKqv_600x450.jpg,39.975087,-74.781889
https://southjersey.craigslist.org/cto/d/2003-jeep-liberty-limited/6709340768.html,southjersey,3690,2003,jeep,"liberty limited edition 4x4",good,"6 cylinders",gas,127000,clean,automatic,,4wd,mid-size,SUV,blue,https://images.craigslist.org/00o0o_ZDsAhQt3dy_600x450.jpg,39.8044,-75.4649
https://southjersey.craigslist.org/cto/d/2005-ford-explorer-xlt-4x4/6698219877.html,southjersey,3490,2005,ford,"explorer xlt",good,"6 cylinders",gas,142000,clean,automatic,,4wd,full-size,SUV,,https://images.craigslist.org/00L0L_8NkMfanaKl4_600x450.jpg,39.8044,-75.4649
https://southjersey.craigslist.org/cto/d/2012-kia-soul-90k-miles-base/6718537691.html,southjersey,6000,2012,kia,soul,good,"4 cylinders",gas,89900,clean,automatic,,fwd,compact,hatchback,black,https://images.craigslist.org/00505_9ZeVwEZd0sD_600x450.jpg,39.705,-74.2604
https://southjersey.craigslist.org/cto/d/1995-nissan-240sx-6500-price/6718536970.html,southjersey,6500,1995,nissan,240sx,,,gas,167000,clean,manual,,,,,,https://images.craigslist.org/00H0H_3m04CQl7GvI_600x450.jpg,39.83337,-75.001878
https://southjersey.craigslist.org/cto/d/78-classic-jeep-cj-7-custom/6706353402.html,southjersey,15000,1978,jeep,cj-7,excellent,,gas,69800,clean,automatic,,4wd,mid-size,offroad,yellow,https://images.craigslist.org/00n0n_fIb3TmLApKZ_600x450.jpg,39.9074,-75.0008
https://southjersey.craigslist.org/cto/d/1951-ford-1-4x4-custom-all/6706351472.html,southjersey,22500,1951,ford,"f-1 pick up truck",excellent,"8 cylinders",gas,,clean,manual,,4wd,full-size,pickup,blue,https://images.craigslist.org/00e0e_cA4whCIxpf7_600x450.jpg,39.9683,-74.9533
https://southjersey.craigslist.org/cto/d/1988-ford-800-dump-truck-24k/6706350021.html,southjersey,7900,1988,ford,f-800,good,"8 cylinders",gas,24000,clean,manual,,rwd,,truck,yellow,https://images.craigslist.org/00m0m_2PRxWKOqbPv_600x450.jpg,39.9511,-74.9946
https://southjersey.craigslist.org/cto/d/76-ford-350-rare-mint/6715981223.html,southjersey,12500,1976,ford,"f-350 sd","like new","8 cylinders",gas,,clean,automatic,,rwd,full-size,truck,black,https://images.craigslist.org/00z0z_i5jrGTjLLia_600x450.jpg,39.9511,-74.9946
https://southjersey.craigslist.org/cto/d/1988-ford-800-dump-truck-24k/6710012229.html,southjersey,7900,1988,ford,f-800,good,"8 cylinders",gas,24000,clean,manual,,rwd,,truck,yellow,https://images.craigslist.org/00m0m_2PRxWKOqbPv_600x450.jpg,39.9511,-74.9946
https://southjersey.craigslist.org/cto/d/2001-chevy-impala/6718529985.html,southjersey,1200,2001,chevy,"impala ls",good,"6 cylinders",gas,201000,clean,automatic,,fwd,,,,https://images.craigslist.org/00505_6Af4ASptBAt_600x450.jpg,39.7993,-75.1536
https://southjersey.craigslist.org/cto/d/2002-hyundai-xg350/6699475119.html,southjersey,1900,2002,hyundai,xg350,good,"6 cylinders",gas,134000,clean,automatic,,fwd,full-size,sedan,silver,https://images.craigslist.org/00q0q_3mvpz8DzK8i_600x450.jpg,39.470472,-74.981312
https://southjersey.craigslist.org/cto/d/2011-honda-civic/6718529081.html,southjersey,3700,2011,honda,"civic sedan",,,gas,,clean,automatic,,,,,,https://images.craigslist.org/00Q0Q_42tQOYBSxNr_600x450.jpg,40.167,-74.6488
https://southjersey.craigslist.org/cto/d/corvette-2004-z06-black-on/6716900639.html,southjersey,14000,2004,,"cheverolet corvette",excellent,"8 cylinders",gas,160,clean,manual,,rwd,,coupe,black,https://images.craigslist.org/00202_kPnlY4fXWS9_600x450.jpg,39.9147,-74.1905
https://southjersey.craigslist.org/cto/d/1986-mustang-roller/6712500702.html,southjersey,6200,1986,,Mustang,,,gas,,clean,other,,,,,,https://images.craigslist.org/00R0R_5PnknNVv8ic_600x450.jpg,39.7354,-74.9864
https://southjersey.craigslist.org/cto/d/2002-envoy-xl/6718528732.html,southjersey,3600,2002,gmc,"envoy xl",excellent,,gas,,clean,automatic,,,,,,https://images.craigslist.org/00d0d_2HEuCDRBFzb_600x450.jpg,40.167,-74.6488
https://southjersey.craigslist.org/cto/d/2008-chevy-silverado-1500/6718522180.html,southjersey,7800,2008,,"Silverado crew extended",good,"8 cylinders",gas,175000,clean,automatic,Chevy,4wd,full-size,truck,blue,https://images.craigslist.org/00v0v_fV8ZJW0EGye_600x450.jpg,39.747163,-75.137558
https://southjersey.craigslist.org/cto/d/89k-miles-buick-skylark/6718520802.html,southjersey,900,1995,buick,skylark,,,gas,,clean,automatic,,,,,,https://images.craigslist.org/00101_kZyG5uAP8Lp_600x450.jpg,39.550165,-75.020749
https://southjersey.craigslist.org/cto/d/2013-kia-optima-lx/6710167717.html,southjersey,9990,2013,kia,"optima lx",excellent,"4 cylinders",gas,84000,clean,automatic,,fwd,,sedan,grey,https://images.craigslist.org/00E0E_l9eYgux5ayL_600x450.jpg,39.9478,-74.9036
https://southjersey.craigslist.org/cto/d/2007-chevrolet-malibu-ls/6718451926.html,southjersey,2900,2007,,"SEDAN 4-DR",,,gas,97000,clean,automatic,1G1ZS58F27F111138,,,,,https://images.craigslist.org/00f0f_kHwEmJbN7jx_600x450.jpg,39.9074,-75.0008
https://southjersey.craigslist.org/cto/d/2007-f150/6718519668.html,southjersey,5500,2007,ford,"f-150 xl",excellent,"6 cylinders",gas,129000,clean,automatic,,fwd,full-size,truck,white,https://images.craigslist.org/00h0h_85jpaNmR809_600x450.jpg,39.7473,-75.0899
https://southjersey.craigslist.org/cto/d/2007-honda-accord-se-6-sedan/6718455012.html,southjersey,3900,2007,,"SEDAN 4-DR",,,gas,142000,clean,automatic,1HGCM66487A088753,,,,,https://images.craigslist.org/01010_d1bHehZPHHw_600x450.jpg,39.9308,-75.0175
https://southjersey.craigslist.org/cto/d/1964-bel-air/6718515355.html,southjersey,15000,1964,chevy,"",,,gas,,clean,manual,,,,,,https://images.craigslist.org/01717_11Jpzd04GgQ_600x450.jpg,40.398,-74.3236
https://southjersey.craigslist.org/cto/d/2011-ramx4-crew-cab/6695597309.html,southjersey,10500,2011,ram,2500,,,gas,,clean,automatic,,4wd,,,,https://images.craigslist.org/00C0C_lzNLozrWCmL_600x450.jpg,40.1109,-74.9378
https://southjersey.craigslist.org/cto/d/not-your-average-2016-vw-golf/6718513220.html,southjersey,40000,2016,vw,"golf r",excellent,"4 cylinders",gas,32000,clean,manual,,,,hatchback,blue,https://images.craigslist.org/00A0A_cMY87WJd0YT_600x450.jpg,39.9478,-74.9036
https://southjersey.craigslist.org/cto/d/1973-lincoln-continental/6718512401.html,southjersey,15000,1973,lincoln,"town car",excellent,"8 cylinders",gas,46000,clean,automatic,,rwd,full-size,coupe,custom,https://images.craigslist.org/00u0u_31v8FeRrvvl_600x450.jpg,39.3741,-74.6118
https://southjersey.craigslist.org/cto/d/2004-honda-cr-ex-awd/6718510424.html,southjersey,5500,2004,honda,cr-v,excellent,"4 cylinders",gas,128345,clean,automatic,,4wd,compact,SUV,blue,https://images.craigslist.org/00K0K_iuUqtz43qMr_600x450.jpg,39.9351,-75.1117
https://southjersey.craigslist.org/cto/d/2006-chrysler-300-srt8/6718510201.html,southjersey,11000,2006,chrysler,300,excellent,"8 cylinders",gas,,clean,automatic,,rwd,full-size,,black,https://images.craigslist.org/01212_9a6DSL9yjK6_600x450.jpg,39.891,-75.0724
https://southjersey.craigslist.org/cto/d/2008-suzuki-sx4-premium-awd/6702816818.html,southjersey,1600,2008,,"SUZUKI SX4",,,gas,,clean,automatic,,,,,,https://images.craigslist.org/00202_cqjAf7sFN24_600x450.jpg,40.7465,-74.2575
https://southjersey.craigslist.org/cto/d/2000-mercedes-ml-430/6715882168.html,southjersey,700,2000,mercedes,ml430,good,,gas,,missing,automatic,,,,,,https://images.craigslist.org/00h0h_iJwmGc4R8HD_600x450.jpg,39.7473,-75.0899
https://southjersey.craigslist.org/cto/d/2009-mercedes-e350/6718503504.html,southjersey,6000,2009,mercedes,"",good,"6 cylinders",gas,117900,clean,automatic,,4wd,,sedan,silver,https://images.craigslist.org/00I0I_a3uuTyUWmN5_600x450.jpg,39.8788,-75.0664
https://southjersey.craigslist.org/cto/d/1993-ford-bronco/6718503459.html,southjersey,7900,1993,ford,bronco,,,gas,,clean,automatic,,,,,,https://images.craigslist.org/00Z0Z_XzDyoaiNqE_600x450.jpg,39.4818,-75.0091
https://southjersey.craigslist.org/cto/d/2008-ford-f250-crew-cab/6703566976.html,southjersey,22500,2008,ford,"f-250 super duty",excellent,,diesel,143684,clean,automatic,1FTSW21R78EB90118,,,,,https://images.craigslist.org/00M0M_QuUEw6vysr_600x450.jpg,39.719467,-75.605438
https://southjersey.craigslist.org/cto/d/2006-mazda-3-touring/6718501298.html,southjersey,1000,2006,mazda,3,good,"4 cylinders",gas,168583,clean,automatic,,fwd,full-size,sedan,red,https://images.craigslist.org/01515_9IntC7ME5Xe_600x450.jpg,40.2655,-74.8168
https://southjersey.craigslist.org/cto/d/1999-mercury-tracer-ls/6718497776.html,southjersey,800,1999,mercury,"tracer ls",,,gas,,clean,automatic,,,,,,https://images.craigslist.org/00a0a_ekmD8avSxX0_600x450.jpg,39.9579,-75.2681
https://southjersey.craigslist.org/cto/d/1999-ford-escort/6711225148.html,southjersey,2100,1999,ford,escort,,,gas,,clean,automatic,,,,,,https://images.craigslist.org/00E0E_cN0YQPslj6L_600x450.jpg,39.3876,-74.5149
https://southjersey.craigslist.org/cto/d/2000-suzuki-esteem/6718488558.html,southjersey,500,2000,,"Suzuki esteem",good,"4 cylinders",gas,,clean,automatic,,fwd,compact,sedan,blue,https://images.craigslist.org/00T0T_ivN1o81s9bY_600x450.jpg,39.959697,-74.818954
https://southjersey.craigslist.org/cto/d/2006-honda-accord/6718488510.html,southjersey,5600,2006,honda,"accord 4-door sedan",good,"6 cylinders",gas,120000,clean,automatic,,,,,,https://images.craigslist.org/00X0X_7VUqHrnIxxF_600x450.jpg,39.4818,-75.0091
https://southjersey.craigslist.org/cto/d/2004-ford-explorer-only-130k/6718459641.html,southjersey,2900,2004,ford,explorer,,,gas,130000,clean,automatic,,,,,,https://images.craigslist.org/00000_hXnzy83aUGs_600x450.jpg,40.0903,-75.041
https://southjersey.craigslist.org/cto/d/2003-toyota-sequoia-limited/6718458606.html,southjersey,3900,2003,toyota,"sequoia limited",,,gas,,clean,automatic,,,,,,https://images.craigslist.org/01717_8KOpzdkYuVo_600x450.jpg,40.4284,-74.4064
https://southjersey.craigslist.org/cto/d/1999-cadillac-escalade/6703232251.html,southjersey,5575,1999,cadillac,escalade,excellent,,gas,120000,clean,automatic,,,full-size,SUV,white,https://images.craigslist.org/00h0h_VgYEGYwXTE_600x450.jpg,39.738402,-75.041127
https://southjersey.craigslist.org/cto/d/2001-lexus-ls-430-ultra/6718483297.html,southjersey,6800,2001,lexus,"ls 430 4dr sedan",,"8 cylinders",gas,162286,clean,automatic,,rwd,full-size,sedan,white,https://images.craigslist.org/00a0a_7aPK7YngpBo_600x450.jpg,39.9774,-75.3106
https://southjersey.craigslist.org/cto/d/2018-kia-forte/6714191477.html,southjersey,350,2018,kia,forte,"like new","4 cylinders",gas,,lien,automatic,,fwd,,,blue,https://images.craigslist.org/00I0I_fBHpZPD7zEx_600x450.jpg,39.5239,-74.9377
https://jackson.craigslist.org/cto/d/2011-ford-fusion/6715519423.html,jackson,4500,2011,ford,fusion,,"4 cylinders",gas,165000,rebuilt,automatic,,,,,white,https://images.craigslist.org/00k0k_jtA1BZVR1Sw_600x450.jpg,32.2435,-90.2612
https://jackson.craigslist.org/cto/d/1986-chevy-c10-silverado/6702435654.html,jackson,22850,1986,chevy,"",,,gas,,clean,automatic,,,,,,https://images.craigslist.org/00D0D_41bdTgtE116_600x450.jpg,34.648825,-92.521578
https://jackson.craigslist.org/cto/d/clean-2014-hyundai-sonata-se/6718638382.html,jackson,10900,2016,hyundai,sonata,,,gas,,clean,automatic,,,,,,https://images.craigslist.org/00404_73VOhm77BRl_600x450.jpg,32.3886,-89.9584
https://jackson.craigslist.org/cto/d/2007-ford-sport-trac-limited/6718610623.html,jackson,8900,2007,ford,"sport trac",excellent,"6 cylinders",gas,151000,clean,automatic,,rwd,mid-size,truck,grey,https://images.craigslist.org/00F0F_kAsMD6Bk7Q0_600x450.jpg,32.283307,-90.01133
https://jackson.craigslist.org/cto/d/2001-ford-150-needs-to-be/6718628841.html,jackson,1000,2001,ford,f-150,,,gas,,clean,automatic,,,,,,https://images.craigslist.org/00l0l_32DBvJK7C8R_600x450.jpg,32.206649,-90.285877
https://jackson.craigslist.org/cto/d/2011-ford-fusion-se/6718613147.html,jackson,1800,2011,ford,"fusion se",,,gas,,clean,automatic,,,,,,https://images.craigslist.org/00Y0Y_fOXn01yGYMD_600x450.jpg,32.3051,-90.227698
https://jackson.craigslist.org/cto/d/2009-toyota-tacoma/6718609500.html,jackson,8650,2009,toyota,tacoma,excellent,"4 cylinders",gas,150000,clean,automatic,,rwd,compact,pickup,white,https://images.craigslist.org/00v0v_1jv9SNf3rHM_600x450.jpg,32.3299,-90.0915
https://jackson.craigslist.org/cto/d/2005-ford-mustang/6718607783.html,jackson,4500,2005,ford,"mustang convertible",good,,gas,,clean,automatic,,,,,,https://images.craigslist.org/00U0U_49n6oD2AN1J_600x450.jpg,32.2435,-90.2612
https://jackson.craigslist.org/cto/d/04-chevrolet-silverado-lt-z71/6718590132.html,jackson,9600,2004,chevrolet,"silverado lt z71",excellent,"8 cylinders",gas,200789,clean,automatic,,4wd,full-size,truck,grey,https://images.craigslist.org/00R0R_10tw5ue9pd6_600x450.jpg,32.282872,-90.010986
https://jackson.craigslist.org/cto/d/2014-chevrolet-silverado-4x4/6718601114.html,jackson,25900,2014,chevrolet,"silverado high country",excellent,"8 cylinders",gas,141000,clean,automatic,,4wd,full-size,pickup,white,https://images.craigslist.org/00b0b_knF0ynW6hdw_600x450.jpg,32.282872,-90.010815
https://jackson.craigslist.org/cto/d/chevy-4x4/6718592133.html,jackson,3900,1999,chevy,"",fair,"8 cylinders",gas,,clean,automatic,,4wd,full-size,pickup,white,https://images.craigslist.org/00A0A_jrkmJjNSj9B_600x450.jpg,32.212026,-89.888615
https://jackson.craigslist.org/cto/d/2007-pontiac-g5/6718590977.html,jackson,2450,2007,pontiac,g5,,,gas,,clean,automatic,,,,,,https://images.craigslist.org/00U0U_54qsY3lS2Xk_600x450.jpg,32.304958,-90.227559
https://jackson.craigslist.org/cto/d/2005-chrysler-300-touring/6718584290.html,jackson,3150,2005,chrysler,"300 touring",,,gas,,clean,automatic,,,,,,https://images.craigslist.org/01414_lsbkEHHQamM_600x450.jpg,32.305102,-90.227695
https://jackson.craigslist.org/cto/d/2011-chevrolet-camaro/6718578654.html,jackson,11000,2011,chevrolet,"camaro lt",excellent,"6 cylinders",gas,129000,clean,automatic,,rwd,compact,coupe,red,https://images.craigslist.org/00x0x_ckPJLv3K05E_600x450.jpg,32.841496,-90.396875
https://jackson.craigslist.org/cto/d/2002-cadillac-deville/6718566159.html,jackson,2000,2002,cadillac,deville,good,,gas,190000,clean,automatic,,,,,silver,https://images.craigslist.org/01414_6VXYyaA8TO1_600x450.jpg,32.1961,-90.4753
https://jackson.craigslist.org/cto/d/2006-chrysler-300-limited/6718565419.html,jackson,3200,2006,chrysler,"300 limited",,,gas,,clean,automatic,,,,,silver,https://images.craigslist.org/00h0h_hEgGq2COJcu_600x450.jpg,32.305115,-90.227645
https://jackson.craigslist.org/cto/d/2004-nissan-altima-35/6718561696.html,jackson,2200,2004,nissan,"altima 3.5 se",good,"6 cylinders",gas,238600,clean,automatic,1N4BL11D04C169002,fwd,full-size,sedan,silver,https://images.craigslist.org/00a0a_acTQLTC0Tyq_600x450.jpg,32.3886,-89.9584
https://jackson.craigslist.org/cto/d/chevrolet-camaro-rs-2lt/6693511020.html,jackson,26000,2016,chevrolet,camaro,excellent,"6 cylinders",gas,17900,clean,automatic,1G1FD1RS0G0144014,rwd,,coupe,white,https://images.craigslist.org/00d0d_9mUXGFCQzz2_600x450.jpg,32.420399,-90.110035
https://jackson.craigslist.org/cto/d/i-bmw/6718549785.html,jackson,1000,2001,bmw,525i,good,,gas,170000,clean,automatic,,,,,,https://images.craigslist.org/00A0A_8WubC85Rqum_600x450.jpg,32.083481,-90.306759
https://jackson.craigslist.org/cto/d/abs-brakes2006-acura-mdx-air/6718510850.html,jackson,1500,2006,,"Automatic Transmission",excellent,,gas,,clean,automatic,,,full-size,,,https://images.craigslist.org/00x0x_6EJBp0UUD5Y_600x450.jpg,32.393391,-90.301349
https://jackson.craigslist.org/cto/d/2011-ford-flex/6718543077.html,jackson,8800,2011,ford,flex,good,"6 cylinders",gas,165000,clean,automatic,,,,SUV,,https://images.craigslist.org/00g0g_7jjB9QfPC2R_600x450.jpg,32.539149,-90.12472
https://jackson.craigslist.org/ctd/d/2017-nissan-frontier-king-cab/6718538270.html,jackson,17900,2017,nissan,frontier,excellent,"4 cylinders",gas,19364,clean,automatic,1N6BD0CTXHN770673,rwd,full-size,truck,red,https://images.craigslist.org/00M0M_jhmNrlHuGkr_600x450.jpg,33.066044,-89.593906
https://jackson.craigslist.org/ctd/d/2017-chevrolet-silverado/6718538277.html,jackson,32900,2017,chevrolet,"silverado 2500hd",excellent,"8 cylinders",gas,84249,clean,automatic,1GC1KVEG9HF146469,4wd,full-size,truck,silver,https://images.craigslist.org/00m0m_dTJdcy3dE2c_600x450.jpg,33.066044,-89.593906
https://jackson.craigslist.org/ctd/d/2012-gmc-sierra-1500-crew-cab/6718538271.html,jackson,20900,2012,gmc,"sierra 1500",excellent,"8 cylinders",gas,97280,clean,automatic,3GTP1VE05CG244700,rwd,full-size,truck,grey,https://images.craigslist.org/01111_54AOXqv2mit_600x450.jpg,33.066044,-89.593906
https://jackson.craigslist.org/ctd/d/2014-ford-150-xlt-supercrew/6718538238.html,jackson,23800,2014,ford,f-150,excellent,"8 cylinders",gas,93580,clean,automatic,1FTFW1EF6EKD54337,4wd,full-size,truck,white,https://images.craigslist.org/00v0v_1FrFL9TksES_600x450.jpg,33.066044,-89.593906
https://jackson.craigslist.org/ctd/d/2015-ford-150-crew-cab-4x4/6718538220.html,jackson,26900,2015,ford,f-150,excellent,"6 cylinders",gas,94380,clean,automatic,1FTEW1EP1FKD11725,4wd,full-size,truck,grey,https://images.craigslist.org/00H0H_74oICI9mY8T_600x450.jpg,33.066044,-89.593906
https://jackson.craigslist.org/ctd/d/2015-ford-150-supercab-4x4/6718538165.html,jackson,22900,2015,ford,f-150,excellent,"8 cylinders",gas,99108,clean,automatic,1FTFX1EF9FKD44903,4wd,full-size,truck,white,https://images.craigslist.org/00h0h_8U3vMbsJqAb_600x450.jpg,33.066044,-89.593906
https://jackson.craigslist.org/ctd/d/2015-mercedes-benz-class-c300/6718538169.html,jackson,24900,2015,mercedes-benz,c-class,excellent,"4 cylinders",gas,36705,clean,automatic,55SWF4JBXFU068752,rwd,,sedan,white,https://images.craigslist.org/00z0z_RiWx4qH4So_600x450.jpg,33.066044,-89.593906
https://jackson.craigslist.org/ctd/d/2015-ram-1500-big-horn-crew/6718538170.html,jackson,28900,2015,ram,1500,excellent,"6 cylinders",diesel,72760,clean,automatic,1C6RR7LM2FS694957,4wd,full-size,truck,grey,https://images.craigslist.org/00e0e_6e6FvZcGRb6_600x450.jpg,33.066044,-89.593906
https://jackson.craigslist.org/ctd/d/2016-ford-350-sd-f350-4x4/6718538173.html,jackson,28900,2016,ford,"f-350 sd",excellent,"8 cylinders",gas,108838,clean,automatic,1FD8X3H62GEA12796,4wd,full-size,truck,white,https://images.craigslist.org/00202_kOSVAUsRdTH_600x450.jpg,33.066044,-89.593906
https://jackson.craigslist.org/cto/d/2011-mustang-premium-coupe/6718523633.html,jackson,11500,2011,ford,"mustang premium coupe",excellent,"6 cylinders",gas,101322,clean,automatic,,rwd,mid-size,coupe,blue,https://images.craigslist.org/00101_cg3ZegHxk6c_600x450.jpg,32.200573,-90.94284
https://jackson.craigslist.org/cto/d/vw-beetle-1970-classic-2-cars/6710936105.html,jackson,600,1970,,"volkswagon beetle",,"4 cylinders",gas,1,missing,manual,,4wd,sub-compact,,,https://images.craigslist.org/00606_kr8ctdF4VVi_600x450.jpg,32.256147,-90.132686
https://jackson.craigslist.org/cto/d/2005-dodge-ram-3500/6718519611.html,jackson,15950,2005,ram,3500,,,diesel,,clean,automatic,,,,,,https://images.craigslist.org/00s0s_9s5p4Veisfk_600x450.jpg,31.4563,-90.4732
https://jackson.craigslist.org/cto/d/fs-2001-nissan-sentra-se-20/6705328895.html,jackson,2395,2001,nissan,sentra,good,"4 cylinders",gas,,clean,manual,,fwd,compact,sedan,silver,https://images.craigslist.org/00R0R_jmtJxtrgviG_600x450.jpg,32.432498,-90.113897
https://jackson.craigslist.org/cto/d/silverado-chevrolet/6714915323.html,jackson,9999,2007,chevrolet,"1500 silverado",good,,gas,,clean,automatic,,,,,,https://images.craigslist.org/01616_h6gjVbJWsJ7_600x450.jpg,32.47503,-90.108833
https://jackson.craigslist.org/cto/d/nissan-altima-2006/6702725398.html,jackson,4500,2006,nissan,altima,,,gas,,clean,automatic,,,,,,https://images.craigslist.org/00S0S_1Stqh7rzhpf_600x450.jpg,32.44389,-90.144539
https://jackson.craigslist.org/cto/d/2005-nissan-murano/6718500250.html,jackson,6300,2005,nissan,"murano s",,,gas,,clean,automatic,,,,,,https://images.craigslist.org/00J0J_9DfbsKby7B3_600x450.jpg,32.4671,-90.1087
https://jackson.craigslist.org/cto/d/1997-chev-lumina/6714893239.html,jackson,2950,1997,chevrolet,lumina,good,"6 cylinders",gas,165500,clean,automatic,2gtwl52m9v9155084,fwd,mid-size,sedan,grey,https://images.craigslist.org/00B0B_5uPml2qnE4c_600x450.jpg,32.1961,-90.4753
https://jackson.craigslist.org/cto/d/2000-chevrolet-silverado-lt/6710075088.html,jackson,5800,2000,chevrolet,"1500 silverado",good,"8 cylinders",gas,170000,clean,automatic,,4wd,full-size,truck,red,https://images.craigslist.org/00J0J_8azMOzSQQl7_600x450.jpg,32.212026,-89.888615
https://jackson.craigslist.org/cto/d/2007-nissan-murano-slmiles/6711129228.html,jackson,1800,2007,nissan,murano,excellent,"6 cylinders",gas,,clean,automatic,,4wd,full-size,SUV,white,https://images.craigslist.org/00n0n_doo6EIQLobf_600x450.jpg,32.4671,-90.1087
https://jackson.craigslist.org/cto/d/chevy-3500-dually/6712925151.html,jackson,2400,1994,chevy,3500,,,diesel,,clean,automatic,,,,,,https://images.craigslist.org/01515_1QZDQHhCZD_600x450.jpg,32.1535,-90.1312
https://jackson.craigslist.org/cto/d/2006-gmc-sierra/6718478605.html,jackson,9000,2006,gmc,"1500 sierra",good,"8 cylinders",gas,,clean,automatic,,4wd,full-size,truck,grey,https://images.craigslist.org/01111_coQzjLBXq1Z_600x450.jpg,32.1535,-90.1312
https://jackson.craigslist.org/cto/d/1991-toyota-pickup/6718468854.html,jackson,1500,1991,toyota,pickup,,,gas,,clean,automatic,,,,,,https://images.craigslist.org/00W0W_f3vw6yXAAuj_600x450.jpg,32.1147,-90.3241
https://jackson.craigslist.org/cto/d/ready-2-sale-grand-marquis/6708592709.html,jackson,3500,2004,mercury,"grand marquis",excellent,,gas,119000,clean,automatic,,,full-size,sedan,white,https://images.craigslist.org/01616_3Sp9fd73QWw_600x450.jpg,32.3184,-90.2446
https://jackson.craigslist.org/cto/d/ready-2-sale-lincoln-town-car/6708596141.html,jackson,3500,2001,lincoln,"town car",excellent,,gas,106000,clean,automatic,,,full-size,sedan,white,https://images.craigslist.org/00N0N_5btVrezJm8a_600x450.jpg,32.3184,-90.2446
https://jackson.craigslist.org/ctd/d/2006-honda-accord-lx/6718456622.html,jackson,4500,2006,honda,accord,,,gas,151000,clean,automatic,,,,,,https://images.craigslist.org/00t0t_lfMHGcoMOUd_600x450.jpg,32.393391,-90.301349
https://jackson.craigslist.org/ctd/d/2008-ford-escape-xlt/6718422854.html,jackson,4800,2008,ford,escape,excellent,"4 cylinders",gas,161000,clean,automatic,,fwd,,,white,https://images.craigslist.org/01212_dJL9UUo5gVe_600x450.jpg,32.1961,-90.4753
https://jackson.craigslist.org/ctd/d/2006-lexus-rx-400h-awd-1/6718422375.html,jackson,8995,2006,lexus,"rx 400h",excellent,"6 cylinders",gas,181000,clean,automatic,,4wd,,SUV,,https://images.craigslist.org/00S0S_gu91tOoogHB_600x450.jpg,32.1961,-90.4753
https://jackson.craigslist.org/cto/d/2000-nissan-maxima/6718419013.html,jackson,2350,2000,nissan,maxima,good,"6 cylinders",gas,199750,clean,automatic,,,,,black,https://images.craigslist.org/00Y0Y_bgcrBOflzm4_600x450.jpg,32.2435,-90.2612
https://jackson.craigslist.org/ctd/d/2016-ford-focus-se-down/6718421810.html,jackson,8995,2016,ford,focus,"like new","3 cylinders",gas,96000,clean,automatic,1FADP3KE0GL301213,fwd,,hatchback,grey,https://images.craigslist.org/00q0q_2AZGJOQHfeT_600x450.jpg,32.1961,-90.4753
https://jackson.craigslist.org/ctd/d/2013-chevrolet-impala-ltz-64k/6718420703.html,jackson,10359,2013,chevrolet,"impala ltz","like new","6 cylinders",gas,64000,clean,automatic,,fwd,full-size,sedan,grey,https://images.craigslist.org/00g0g_gpeuhaFXhIu_600x450.jpg,32.1961,-90.4753
https://jackson.craigslist.org/cto/d/infinti-q50-floor-mats/6718408227.html,jackson,75,2014,,2014-2016,,,gas,,clean,other,,,,,,https://images.craigslist.org/01313_3XeyxTh7Bn5_600x450.jpg,32.4671,-90.1087
https://jackson.craigslist.org/cto/d/2012-chrysler-200/6708863277.html,jackson,5200,2012,chrysler,200,,,gas,,rebuilt,automatic,,,,,,https://images.craigslist.org/00g0g_QjJxCJq5MS_600x450.jpg,33.5159,-90.1726
https://jackson.craigslist.org/cto/d/2000-jeep-compass/6718393409.html,jackson,3000,2000,jeep,cherokee,good,"8 cylinders",gas,189000,clean,automatic,,4wd,full-size,truck,grey,https://images.craigslist.org/00A0A_lsQatGn6Pz7_600x450.jpg,31.5492,-91.3642
https://jackson.craigslist.org/cto/d/cleansuv-always-well/6718280366.html,jackson,1000,2003,toyota,rav4,"like new","4 cylinders",gas,,clean,automatic,,4wd,full-size,SUV,blue,https://images.craigslist.org/00t0t_idgZDwaxA2O_600x450.jpg,32.3739,-90.1293
https://jackson.craigslist.org/cto/d/2005-lexus-gx470-with-135k/6718385075.html,jackson,7450,2005,lexus,"",,,gas,,clean,automatic,,,,,,https://images.craigslist.org/00t0t_jUqDUipQEY6_600x450.jpg,32.3868,-92.0722
https://jackson.craigslist.org/cto/d/2006-honda-pilot-lx/6702308233.html,jackson,5800,2006,honda,pilot,excellent,"6 cylinders",gas,263000,clean,automatic,,fwd,mid-size,SUV,silver,https://images.craigslist.org/00t0t_4tGK2N7cfx1_600x450.jpg,32.212026,-89.888615
https://jackson.craigslist.org/cto/d/04-chevy-impala/6718379340.html,jackson,800,2004,chevy,impala,good,,gas,,clean,automatic,,,,,,https://images.craigslist.org/00707_iI0ZeQCg5Xv_600x450.jpg,32.25579,-90.267363
https://jackson.craigslist.org/cto/d/1999-bmw-328i/6707862461.html,jackson,2800,1999,bmw,"3-series 328i",good,"6 cylinders",gas,133000,clean,manual,,rwd,mid-size,sedan,red,https://images.craigslist.org/00b0b_iEwn7vufeS2_600x450.jpg,32.363231,-89.462408
https://jackson.craigslist.org/cto/d/2001-nissan-xterra/6707868584.html,jackson,3000,2001,nissan,"xterra xe",good,"6 cylinders",gas,227000,clean,automatic,,rwd,full-size,SUV,black,https://images.craigslist.org/00e0e_hq03oJwbqIt_600x450.jpg,32.363243,-89.462164
https://jackson.craigslist.org/cto/d/2013-chevy-malibu-ltz/6703887377.html,jackson,7500,2013,chevrolet,"malibu ltz",good,"4 cylinders",gas,148000,clean,automatic,,fwd,mid-size,sedan,brown,https://images.craigslist.org/00D0D_9lZhVR547kI_600x450.jpg,32.363198,-89.462207
https://jackson.craigslist.org/ctd/d/2016-chevrolet-silverado-1500/6718355695.html,jackson,28900,2016,chevrolet,"silverado 1500",excellent,"8 cylinders",gas,93968,clean,automatic,3GCUKREC4GG289764,4wd,full-size,truck,black,https://images.craigslist.org/01414_fJ6OV6n6sJ9_600x450.jpg,33.066044,-89.593906
https://jackson.craigslist.org/cto/d/2005-lexus-es330/6718342927.html,jackson,4500,2005,lexus,"",good,"6 cylinders",gas,123000,salvage,automatic,JTHBA30G155105451,,full-size,sedan,silver,https://images.craigslist.org/00707_9WNomDsmhKb_600x450.jpg,32.288546,-90.148087
https://jackson.craigslist.org/cto/d/super-nice-2017-chevrolet/6718341221.html,jackson,16995,2017,chevrolet,"malibu ls","like new","4 cylinders",gas,54563,clean,automatic,,fwd,,sedan,black,https://images.craigslist.org/00o0o_hCbKZqLvc3Y_600x450.jpg,32.3739,-90.1293
https://jackson.craigslist.org/cto/d/2006-jeep-commander/6700343058.html,jackson,5900,2006,jeep,commander,,,gas,168800,clean,automatic,,,,,,https://images.craigslist.org/00e0e_bxi33jLJe8r_600x450.jpg,32.1888,-90.2595
https://jackson.craigslist.org/cto/d/gmc-sierra/6716305478.html,jackson,7600,2013,gmc,sierra,,,gas,,clean,automatic,,,,,,https://images.craigslist.org/00y0y_1GbaM42FEig_600x450.jpg,32.3081,-90.2021
https://jackson.craigslist.org/cto/d/2014-nissan-altima-40k-miles/6695021422.html,jackson,8499,2014,nissan,altima,"like new","4 cylinders",gas,41215,clean,automatic,,,,sedan,silver,https://images.craigslist.org/01212_jk9nfZ31HB1_600x450.jpg,,
https://jackson.craigslist.org/cto/d/2016-ford-fiesta-st-33k-miles/6700014939.html,jackson,7299,2016,ford,"fiesta hatchback","like new","4 cylinders",gas,37485,clean,automatic,,fwd,,hatchback,black,https://images.craigslist.org/00606_gAcnbTvKyUg_600x450.jpg,32.246897,-90.214319
https://jackson.craigslist.org/cto/d/2002-gmc-yukon/6718298760.html,jackson,2000,2002,gmc,"1500 yukon",,,gas,,clean,automatic,,rwd,full-size,SUV,brown,https://images.craigslist.org/00303_4kQk45DX0OA_600x450.jpg,32.3553,-90.2171
https://jackson.craigslist.org/cto/d/2006-ford-350-dually/6713625624.html,jackson,10000,2006,ford,"super duty f-350 drw",,,diesel,,clean,automatic,,,,,,https://images.craigslist.org/00707_9m2qXQjy9y9_600x450.jpg,32.7572,-89.1154
https://jackson.craigslist.org/cto/d/1987-honda-accord-lx/6692855865.html,jackson,500,1987,honda,accord,good,"4 cylinders",gas,,clean,automatic,,fwd,mid-size,sedan,brown,https://images.craigslist.org/00p0p_9ZeQ5fpfI39_600x450.jpg,31.9494,-89.8095
https://jackson.craigslist.org/cto/d/honda-accord-ex-170k-miles/6718283330.html,jackson,3600,2003,honda,"accord ex-l",good,"6 cylinders",gas,172000,clean,automatic,,,mid-size,sedan,blue,https://images.craigslist.org/00101_5Neyldj1xZc_600x450.jpg,32.4122,-90.1207
https://jackson.craigslist.org/cto/d/2002-pontiac-firebird-7800-obo/6718288799.html,jackson,7800,2002,pontiac,firebird,good,"6 cylinders",gas,92000,clean,automatic,,,,,,https://images.craigslist.org/00W0W_i2ieO4vko7u_600x450.jpg,32.316,-90.5984
https://jackson.craigslist.org/cto/d/2005-cadillac-sedan-deville/6705194533.html,jackson,4400,2005,cadillac,"sedan de ville",excellent,,gas,138765,clean,automatic,,,,,,https://images.craigslist.org/00E0E_iXZFv3uN1bU_600x450.jpg,32.2832,-90.2306
https://jackson.craigslist.org/cto/d/2013-hyundai-sonata-gls/6718287679.html,jackson,12900,2013,hyundai,"sonata gls","like new","4 cylinders",gas,30000,clean,automatic,,,,,,https://images.craigslist.org/00h0h_6CmNIwuMNSM_600x450.jpg,31.3098,-89.3775
https://jackson.craigslist.org/cto/d/2009-nissan-murano-lemiles/6718266154.html,jackson,1800,2009,nissan,"murano le",good,"6 cylinders",gas,,clean,automatic,,,,,white,https://images.craigslist.org/01717_2QhJGZ7JgiT_600x450.jpg,32.3886,-89.9584
https://jackson.craigslist.org/ctd/d/11-chrysler-town-country/6718290567.html,jackson,20850,2011,chrysler,"town and country tourin",,,gas,104607,clean,automatic,2A4RR5DG0BR629018,,,,,https://images.craigslist.org/00606_5FnNcD7EwUn_600x450.jpg,32.8653,-96.9905
https://jackson.craigslist.org/cto/d/acura-tsx-06-white-color-car/6718272660.html,jackson,1000,2006,acura,tsx,,,gas,,clean,automatic,,,,,,https://images.craigslist.org/00G0G_3MLKsav5mQG_600x450.jpg,32.37,-90.1738
https://jackson.craigslist.org/cto/d/honda-civic-si/6716318589.html,jackson,6000,2015,honda,civic,,,gas,,clean,automatic,,,,,,https://images.craigslist.org/00k0k_eal3r2OBEdU_600x450.jpg,32.3411,-90.3229
https://jackson.craigslist.org/cto/d/2014-toyota-camry/6718236601.html,jackson,10500,2014,toyota,camry,excellent,"4 cylinders",gas,118652,clean,automatic,,fwd,full-size,sedan,silver,https://images.craigslist.org/00W0W_aT1J62AQWsW_600x450.jpg,32.306746,-90.26119
https://jackson.craigslist.org/cto/d/2001-warrior-dirt-latemodel/6718273817.html,jackson,15000,2001,,"2001 warrior",,"8 cylinders",gas,,clean,manual,,,,,,https://images.craigslist.org/00l0l_lNSAMMOMfqJ_600x450.jpg,32.316,-90.5984
https://jackson.craigslist.org/cto/d/2013-nissan-altima-25-sl/6714248495.html,jackson,12500,2013,nissan,"altima 2.5 sl",excellent,"4 cylinders",gas,91000,clean,automatic,,,,,,https://images.craigslist.org/00303_b6I8QLNujY8_600x450.jpg,31.3098,-89.3775
https://jackson.craigslist.org/cto/d/green-2016-ford-mustang/6718267507.html,jackson,19995,2016,ford,"mustang coupe","like new","4 cylinders",gas,36228,clean,automatic,1FA6P8TH7G5336415,rwd,,coupe,green,https://images.craigslist.org/00t0t_5w7ZDuzOu6t_600x450.jpg,32.3739,-90.1293
https://jackson.craigslist.org/cto/d/super-clean-black-lexus-es-350/6718265797.html,jackson,17995,2014,lexus,"es 350","like new","6 cylinders",gas,106507,clean,automatic,,fwd,,sedan,black,https://images.craigslist.org/00G0G_abLqV6frW15_600x450.jpg,32.3739,-90.1293
https://jackson.craigslist.org/cto/d/2016-dodge-journey-sxt-suv/6718264615.html,jackson,15995,2016,dodge,"journey sxt","like new","6 cylinders",gas,71247,clean,automatic,,4wd,full-size,SUV,white,https://images.craigslist.org/00G0G_21owFVoWoZO_600x450.jpg,32.3739,-90.1293
https://jackson.craigslist.org/cto/d/mercedes-benz-class-250/6718262205.html,jackson,14995,2012,mercedes-benz,"c-class c 250","like new","4 cylinders",gas,73960,clean,automatic,,fwd,,coupe,white,https://images.craigslist.org/00x0x_firYr3ba7sb_600x450.jpg,32.3739,-90.1293
https://jackson.craigslist.org/cto/d/2006-silverado/6705195296.html,jackson,4600,2006,chevrolet,"1500 silverado",excellent,other,gas,153565,clean,automatic,,,,truck,,https://images.craigslist.org/00j0j_6vef288I79w_600x450.jpg,32.393391,-90.301349
https://jackson.craigslist.org/cto/d/2006-lexus-esk-miles/6695116668.html,jackson,4299,2006,lexus,es330,excellent,"6 cylinders",gas,138457,clean,automatic,,fwd,,sedan,black,https://images.craigslist.org/01313_4nFR1VTy1Vm_600x450.jpg,32.2435,-90.2612
https://jackson.craigslist.org/cto/d/suburban/6718238154.html,jackson,15500,2012,chevrolet,suburban,,,gas,,clean,automatic,,,,,,https://images.craigslist.org/00Z0Z_9dcMgN5Yj3n_600x450.jpg,34.6323,-89.8855
https://jackson.craigslist.org/cto/d/1999-chevrolet-silverado/6718235353.html,jackson,145,1999,,"work truck",,,gas,,clean,automatic,,,,,,https://images.craigslist.org/00b0b_f2ISZNafepz_600x450.jpg,33.118253,-90.054143
https://jackson.craigslist.org/cto/d/2006-honda-odyssey/6718228637.html,jackson,5100,2006,honda,"odyssey 5dr ex-l",good,"6 cylinders",gas,176000,clean,automatic,,fwd,compact,mini-van,silver,https://images.craigslist.org/00w0w_ecoZSOMiVmZ_600x450.jpg,32.2287,-90.1591
https://jackson.craigslist.org/cto/d/2007-nissan-quest/6706914796.html,jackson,3800,2007,nissan,quest,excellent,"6 cylinders",gas,184656,clean,automatic,,,,,,https://images.craigslist.org/00000_9KLnvd9waWc_600x450.jpg,32.393391,-90.301349
https://jackson.craigslist.org/cto/d/2010-chevrolet-silverado-ltz/6703388091.html,jackson,19500,2010,chevrolet,"silverado ltz 4x4",excellent,"8 cylinders",gas,129000,clean,automatic,,4wd,full-size,truck,blue,https://images.craigslist.org/00L0L_8N0xJHzaJIa_600x450.jpg,32.282727,-90.01133
https://jackson.craigslist.org/cto/d/2000-f250-4x4/6710454637.html,jackson,7000,2000,ford,f-250,,,diesel,,clean,automatic,,,,,,https://images.craigslist.org/00v0v_elgRLgnCBC5_600x450.jpg,32.1229,-90.6047
https://jackson.craigslist.org/cto/d/2008-volvo-xc90/6714086563.html,jackson,7495,2008,volvo,xc908,,,gas,,clean,automatic,,,,,,https://images.craigslist.org/00g0g_32XCkMou2kK_600x450.jpg,32.2287,-90.1591
https://jackson.craigslist.org/ctd/d/2012-gmc-sieraa-2500hd-60/6718220860.html,jackson,25999,2012,gmc,"sierra 2500hd",good,"8 cylinders",gas,134000,clean,automatic,,4wd,full-size,truck,black,https://images.craigslist.org/00V0V_8xTWtjozAZj_600x450.jpg,33.1966,-96.6085
https://jackson.craigslist.org/cto/d/jeep-4000-or-best-offer/6718215993.html,jackson,4000,2005,jeep,"cherokee laredo",,,gas,,clean,automatic,,,,,,https://images.craigslist.org/00V0V_85CjYvN5vsS_600x450.jpg,32.4122,-90.1207
https://jackson.craigslist.org/cto/d/2003-lexus-gs-300/6706914096.html,jackson,4800,2003,lexus,"gs 300",excellent,,gas,,clean,automatic,,,,,,https://images.craigslist.org/00e0e_kSIZXwgFsUd_600x450.jpg,32.393391,-90.301349
https://jackson.craigslist.org/cto/d/2009-ford-350-econoline-15/6710111973.html,jackson,9500,2009,ford,"e350 econoline van",good,"8 cylinders",gas,140797,clean,automatic,1fbss31l99da51357,rwd,full-size,van,white,https://images.craigslist.org/00Y0Y_5AijnMDCknX_600x450.jpg,32.212026,-89.888615
https://jackson.craigslist.org/ctd/d/2014-ford-fusion-se/6718213715.html,jackson,12991,2014,ford,"fusion se",,"4 cylinders",gas,70508,clean,automatic,3FA6P0H97ER284894,fwd,,sedan,silver,https://images.craigslist.org/00909_32dL9xjvhX8_600x450.jpg,32.27479,-89.994861
https://jackson.craigslist.org/cto/d/2009-porsche-cayenne-105k/6696834076.html,jackson,10499,2009,,"porsche cayenne",excellent,"6 cylinders",gas,105458,clean,automatic,,,,SUV,,https://images.craigslist.org/00I0I_ZUdigjcIhf_600x450.jpg,32.246606,-90.215006
https://jackson.craigslist.org/cto/d/2013-nissan-versa-25k-miles/6709650863.html,jackson,5999,2013,nissan,versa,,,gas,,clean,automatic,,,,,,https://images.craigslist.org/00o0o_8V9JBaCtPbH_600x450.jpg,32.247477,-90.214491
https://jackson.craigslist.org/cto/d/2014-ford-explorer-xlt-47k/6695328594.html,jackson,11650,2014,ford,"explorer xlt",excellent,"6 cylinders",gas,47787,rebuilt,automatic,1FM5K8D84EGA65510,fwd,full-size,SUV,silver,https://images.craigslist.org/00909_5We05RIkEDl_600x450.jpg,32.246897,-90.214148
https://jackson.craigslist.org/cto/d/backupcamera2005-altima/6718109518.html,jackson,1500,2005,nissan,altima,,"6 cylinders",gas,,clean,automatic,,,full-size,,,https://images.craigslist.org/00101_lhqJ31pa2uq_600x450.jpg,32.3739,-90.1293
https://jackson.craigslist.org/cto/d/pr15-good-paintrims-and-tires/6718188610.html,jackson,1600,2001,,V6,,,gas,,clean,automatic,,4wd,,,,https://images.craigslist.org/00Z0Z_IymNmPXOmb_600x450.jpg,32.3553,-90.2171
https://joplin.craigslist.org/cto/d/1993-chevy-s10-short-bed/6708047281.html,joplin,850,1993,chevrolet,"",,,gas,,clean,automatic,,,,,,https://images.craigslist.org/00M0M_2XGzwS9wmMU_600x450.jpg,36.4676,-94.2166
https://joplin.craigslist.org/cto/d/1986-nissan-pickup-4x4/6712689156.html,joplin,3150,1986,nissan,"",,,gas,,clean,manual,,,,,,https://images.craigslist.org/00r0r_kBmdGsz4qZ6_600x450.jpg,36.4676,-94.2166
https://joplin.craigslist.org/cto/d/1993-ford-f250/6709679598.html,joplin,1950,1993,ford,f250,,,gas,,clean,automatic,,,,,,https://images.craigslist.org/00F0F_ahzQXEMSe7w_600x450.jpg,36.4676,-94.2166
https://joplin.craigslist.org/cto/d/2004-nissan-quest/6709680419.html,joplin,1650,2004,nissan,quest,,,gas,,clean,automatic,,,,,,https://images.craigslist.org/00808_cmmCa57QkVn_600x450.jpg,36.4676,-94.2166
https://joplin.craigslist.org/cto/d/1991-nissan-pickup/6701609471.html,joplin,2150,1991,nissan,"",,,gas,,clean,manual,,,,,,https://images.craigslist.org/00606_l19ZTJwp8X5_600x450.jpg,36.4676,-94.2166
https://joplin.craigslist.org/cto/d/2007-cadillac-srx-awd/6718612616.html,joplin,8300,2007,cadillac,"srx awd",good,"8 cylinders",gas,,clean,automatic,,4wd,,,blue,https://images.craigslist.org/01212_bbPcA7mpXAE_600x450.jpg,36.8706,-94.3862
https://joplin.craigslist.org/cto/d/1991-nissan-pickup/6718632363.html,joplin,2250,1991,nissan,"",,,gas,,clean,manual,,,,,,https://images.craigslist.org/00606_eE9H8awSt0t_600x450.jpg,36.4676,-94.2166
https://joplin.craigslist.org/cto/d/1978-ford-250/6718624762.html,joplin,1950,1978,ford,f250,,,gas,,clean,manual,,,,,,https://images.craigslist.org/00l0l_dAFUbquqXy3_600x450.jpg,36.3577,-94.2224
https://joplin.craigslist.org/cto/d/2014-chevy-cruze-lt/6716200579.html,joplin,7400,2014,,"chevorlet cruze",,,gas,63000,clean,automatic,,,,,,https://images.craigslist.org/00m0m_4OJYwE0NqMp_600x450.jpg,37.685,-92.655
https://joplin.craigslist.org/cto/d/2013-honda-civic-lx/6716359213.html,joplin,8900,2013,honda,civic,,,gas,36000,rebuilt,automatic,,,,,,https://images.craigslist.org/00a0a_6EpUHsfxYEB_600x450.jpg,37.685,-92.655
https://joplin.craigslist.org/cto/d/2013-ford-escape-sel/6716770353.html,joplin,9700,2013,ford,escape,,,gas,56000,rebuilt,automatic,,,,,,https://images.craigslist.org/00000_j0IJG7ktXos_600x450.jpg,37.685,-92.655
https://joplin.craigslist.org/cto/d/2014-ford-focus/6698321317.html,joplin,8200,2014,ford,focus,,,gas,17000,rebuilt,automatic,,,,,,https://images.craigslist.org/00j0j_f2cLgogWTnn_600x450.jpg,37.685,-92.655
https://joplin.craigslist.org/cto/d/2003-turbo-diesel-ford/6697985512.html,joplin,17500,2003,ford,excursion,excellent,"8 cylinders",diesel,168066,clean,automatic,,4wd,full-size,truck,black,https://images.craigslist.org/01515_2ImBu9xxcpJ_600x450.jpg,37.0465,-94.5103
https://joplin.craigslist.org/cto/d/82-short-bed-chevy/6706565170.html,joplin,3000,1982,chevy,"",,,gas,,rebuilt,automatic,,,,,,https://images.craigslist.org/00i0i_h5Gxy1AqNcJ_600x450.jpg,37.1795,-94.555
https://joplin.craigslist.org/cto/d/2013-ramx4/6710099271.html,joplin,18000,2013,ram,1500,,,gas,,lien,automatic,,,,,,https://images.craigslist.org/00505_8u5S4HqZ9Xr_600x450.jpg,37.1795,-94.555
https://joplin.craigslist.org/cto/d/2005-sierra-crew-cab-z71/6714594284.html,joplin,9000,2005,gmc,sierra,,,gas,,clean,automatic,,,,,,https://images.craigslist.org/00A0A_84f3PGb0fFr_600x450.jpg,39.1434,-94.7856
https://joplin.craigslist.org/cto/d/2001-mazda-tribute-for-sale/6718586947.html,joplin,2000,2001,mazda,"tribute es",fair,"6 cylinders",gas,158592,clean,automatic,4F2YU09121KM27043,,full-size,SUV,custom,https://images.craigslist.org/00o0o_1bRZiTke5pP_600x450.jpg,37.044206,-94.51156
https://joplin.craigslist.org/cto/d/1992-gmc-sierra-pickup/6716627995.html,joplin,1650,1992,gmc,"sierra 1500",fair,"6 cylinders",gas,122360,clean,automatic,1gtec14z2nz535474,rwd,full-size,pickup,white,https://images.craigslist.org/00i0i_blnVTtGAvji_600x450.jpg,38.0094,-94.1579
https://joplin.craigslist.org/cto/d/ford-expedition-2003/6718579901.html,joplin,3800,2003,ford,"expedition xlt",good,,gas,,clean,automatic,,,,,,https://images.craigslist.org/00f0f_2SkoL8kiD31_600x450.jpg,37.2809,-94.8092
https://joplin.craigslist.org/cto/d/2005-chrysler-300parts-only/6704549062.html,joplin,1000,2005,chrysler,300,good,"6 cylinders",gas,,missing,automatic,,rwd,mid-size,sedan,blue,https://images.craigslist.org/01515_3FsHJByhW2M_600x450.jpg,36.866017,-94.375601
https://joplin.craigslist.org/cto/d/trade-hemi-t/6698776756.html,joplin,7000,2006,dodge,"charger rt",excellent,"8 cylinders",gas,171345,clean,automatic,,rwd,full-size,sedan,blue,https://images.craigslist.org/00909_1rNmChrX92S_600x450.jpg,36.4363,-94.7763
https://joplin.craigslist.org/cto/d/fford-crew-cab-4x4-73/6711832068.html,joplin,6250,1995,ford,f350,good,"8 cylinders",diesel,382000,clean,automatic,,4wd,full-size,truck,white,https://images.craigslist.org/00O0O_jH5CCPq8VMU_600x450.jpg,36.6692,-94.4766
https://joplin.craigslist.org/cto/d/2001-ram-2500-cummins-4x4/6693007939.html,joplin,4250,2001,ram,"2500 4x4",good,"6 cylinders",diesel,356000,clean,automatic,,4wd,full-size,truck,silver,https://images.craigslist.org/00101_82Yu3vgUwPp_600x450.jpg,36.6692,-94.4766
https://joplin.craigslist.org/cto/d/rare-gxp/6718533316.html,joplin,4900,2008,pontiac,"g6 gxp (street edition)",good,"6 cylinders",gas,156,clean,automatic,,fwd,,sedan,silver,https://images.craigslist.org/00202_2xxkvAETsdg_600x450.jpg,36.8706,-94.3862
https://joplin.craigslist.org/ctd/d/2006-chev-monte-carlo/6718529240.html,joplin,3100,2006,chevrolet,"monte carlo",excellent,"6 cylinders",gas,170000,clean,automatic,,fwd,mid-size,coupe,silver,https://images.craigslist.org/00d0d_3tYNjdFzOFz_600x450.jpg,37.6085,-93.4126
https://joplin.craigslist.org/cto/d/2004-subaru-forester-all/6718520479.html,joplin,3800,2004,subaru,"",,"4 cylinders",gas,178000,clean,automatic,,4wd,,SUV,,https://images.craigslist.org/01313_BXKK0ZU436_600x450.jpg,37.147608,-94.470406
https://joplin.craigslist.org/cto/d/98-ford-l8501s-tractor/6698430919.html,joplin,11000,1998,ford,l8501,good,,diesel,190000,clean,automatic,1FDXN80F9WVA17972,,,other,,https://images.craigslist.org/00z0z_kioDhpTm3TI_600x450.jpg,37.8409,-94.3571
https://joplin.craigslist.org/cto/d/blue-2001-ram-4x4-truck/6708687402.html,joplin,3300,2001,ram,4x4,,"8 cylinders",gas,177000,rebuilt,automatic,,4wd,,truck,blue,https://images.craigslist.org/00M0M_9eSmSt7dF7K_600x450.jpg,37.141572,-94.461269
https://joplin.craigslist.org/cto/d/1965-chevy-c20/6718495118.html,joplin,2000,1965,chevy,pickup,,"6 cylinders",gas,,clean,manual,,rwd,,,,https://images.craigslist.org/00303_6qaQP9VTNRX_600x450.jpg,37.042024,-94.423714
https://joplin.craigslist.org/cto/d/1948-ford-coupe/6718494750.html,joplin,13500,1948,ford,coupe,,,gas,,clean,manual,,,,,,https://images.craigslist.org/00V0V_9ktwNqqSYoh_600x450.jpg,35.967183,-94.71892
https://joplin.craigslist.org/cto/d/2000-chevy-z71/6703326265.html,joplin,8500,2000,,Che,good,"8 cylinders",gas,267000,clean,manual,,4wd,full-size,truck,white,https://images.craigslist.org/00000_koGjn6kXfTn_600x450.jpg,37.5091,-94.8569
https://joplin.craigslist.org/cto/d/2012-f150-supercab-4x4-xlt/6705529483.html,joplin,17000,2012,,"f150 xlt",excellent,"8 cylinders",gas,88707,clean,automatic,,4wd,,truck,black,https://images.craigslist.org/00J0J_bJrK1eBJlzr_600x450.jpg,37.144,-94.4727
https://joplin.craigslist.org/ctd/d/2005-ford-f350-xlt-4x4-super/6718464282.html,joplin,9500,2005,ford,f350,,"8 cylinders",diesel,201000,clean,automatic,1FTWW31P65EA66214,4wd,full-size,pickup,yellow,https://images.craigslist.org/00Q0Q_fFYDspziSWc_600x450.jpg,37.07851,-94.613757
https://joplin.craigslist.org/ctd/d/2006-ford-f350-lariat-super/6718455997.html,joplin,14500,2006,ford,f350,good,,diesel,108000,clean,automatic,1FTWW31P06EA96309,4wd,,,black,https://images.craigslist.org/00Z0Z_gOmwgG7AAAL_600x450.jpg,37.07851,-94.613757
https://joplin.craigslist.org/cto/d/1999-ford-expedition-eddie/6718452148.html,joplin,1100,1999,ford,"expedition eddie bauer",fair,"8 cylinders",gas,,clean,automatic,,4wd,full-size,SUV,red,https://images.craigslist.org/00V0V_dV78DjwugJ2_600x450.jpg,37.1597,-94.3112
https://joplin.craigslist.org/cto/d/2005-pontiac-vibe/6710476441.html,joplin,1800,2005,pontiac,vibe,good,"4 cylinders",gas,,clean,automatic,,,,wagon,red,https://images.craigslist.org/01717_3xHbGNj8mU1_600x450.jpg,37.3389,-95.2693
https://joplin.craigslist.org/cto/d/moving-truck-24/6718449188.html,joplin,1650,1993,gmc,"",good,"8 cylinders",gas,203739,clean,automatic,1GDE6H1PXPJ511603,rwd,full-size,truck,,https://images.craigslist.org/00w0w_gVg3kgZoerg_600x450.jpg,37.0969,-94.5051
https://joplin.craigslist.org/cto/d/2008-chevy-uplander/6710516702.html,joplin,2400,2008,chevy,"",good,"6 cylinders",gas,180000,clean,automatic,,fwd,full-size,van,white,https://images.craigslist.org/01212_axOCSwZhHGn_600x450.jpg,36.717944,-94.148798
https://joplin.craigslist.org/ctd/d/2016-ford-escape-se/6718439696.html,joplin,17826,2016,ford,escape,,"4 cylinders",gas,51146,clean,automatic,1FMCU9G97GUA67056,4wd,,SUV,silver,https://images.craigslist.org/00I0I_9wkCWFAhLi_600x450.jpg,37.862534,-94.027381
https://joplin.craigslist.org/cto/d/1961-ford/6718434845.html,joplin,11500,1961,ford,"",good,"6 cylinders",gas,,clean,manual,,rwd,,truck,blue,https://images.craigslist.org/01010_fpy9Rhjr5SV_600x450.jpg,34.2221,-96.2584
https://joplin.craigslist.org/ctd/d/2007-ford-explorer-xlt-4x4/6718432160.html,joplin,3895,2007,ford,explorer,excellent,"6 cylinders",gas,166851,clean,automatic,,4wd,mid-size,SUV,,https://images.craigslist.org/00I0I_fzQqJQ9dI_600x450.jpg,37.8652,-94.0124
https://joplin.craigslist.org/cto/d/public-park-and-sell-auto-mall/6718387757.html,joplin,1,2018,,"ANY & ALL",,,other,,clean,other,,,,,,https://images.craigslist.org/00O0O_6GREynp2WR4_600x450.jpg,37.045288,-94.50448
https://joplin.craigslist.org/cto/d/1999-cadillac-deville/6713162067.html,joplin,2100,1999,cadillac,deville,,,gas,,clean,automatic,,,,,,https://images.craigslist.org/00x0x_c8MXkr1mbEt_600x450.jpg,37.1699,-94.8899
https://joplin.craigslist.org/cto/d/very-cute-mini-cooper/6718412869.html,joplin,3500,2003,mini,cooper,good,"4 cylinders",gas,140000,clean,manual,WMWRC33443TC41013,fwd,compact,hatchback,yellow,https://images.craigslist.org/00X0X_foZiS7SDksY_600x450.jpg,36.578317,-94.767895
https://joplin.craigslist.org/cto/d/2001-jetta/6718409178.html,joplin,800,2001,,Volt-Jetta,fair,"4 cylinders",gas,162000,clean,manual,,fwd,compact,sedan,white,https://images.craigslist.org/00T0T_8J1uEEdJimb_600x450.jpg,36.913286,-93.89864
https://joplin.craigslist.org/cto/d/2003-ford-expedition-xlt/6718405784.html,joplin,3500,2003,ford,"expedition xlt 4x4",good,"8 cylinders",gas,164000,clean,automatic,,4wd,full-size,SUV,red,https://images.craigslist.org/00202_3Nezwy0V5sp_600x450.jpg,36.6907,-93.3447
https://joplin.craigslist.org/cto/d/2005-f250/6718401787.html,joplin,9800,2005,ford,"f-250 super duty",good,"8 cylinders",gas,146000,clean,automatic,,4wd,,truck,silver,https://images.craigslist.org/00f0f_f3K8Hounun4_600x450.jpg,37.1597,-94.3112
https://joplin.craigslist.org/cto/d/03-or-cruiser/6710713627.html,joplin,1500,2003,chrysler,"pt cruiser",good,"4 cylinders",gas,38000,clean,manual,,fwd,,sedan,white,https://images.craigslist.org/00Q0Q_cVuKEaEfzt_600x450.jpg,36.8408,-94.5781
https://joplin.craigslist.org/cto/d/audi-q5/6713064368.html,joplin,19500,2013,audi,"q5 premium plus",excellent,"4 cylinders",gas,65500,clean,automatic,,4wd,,SUV,black,https://images.craigslist.org/00z0z_gkUhppbdXEJ_600x450.jpg,36.0544,-95.7223
https://joplin.craigslist.org/cto/d/97-4runner/6714266547.html,joplin,4800,1997,toyota,4runner,,,gas,215000,clean,automatic,,,,,,https://images.craigslist.org/00x0x_2YLf05cEj0K_600x450.jpg,36.208032,-94.182341
https://joplin.craigslist.org/cto/d/bmw-335i/6714294827.html,joplin,9000,2008,bmw,"",,,gas,90000,lien,automatic,,,,,,https://images.craigslist.org/00808_l12tIOOIXcO_600x450.jpg,36.167773,-94.151894
https://joplin.craigslist.org/cto/d/bmw-335i/6714294620.html,joplin,9000,2008,toyota,4runner,,,gas,215000,lien,automatic,,,,,,https://images.craigslist.org/00808_l12tIOOIXcO_600x450.jpg,36.16777,-94.151893
https://joplin.craigslist.org/cto/d/2008-dodge-dakota-v8-2wd/6718382795.html,joplin,8500,2008,dodge,dakota,good,"8 cylinders",gas,124721,lien,automatic,,rwd,full-size,pickup,grey,https://images.craigslist.org/00z0z_fXKn14NPviO_600x450.jpg,36.8706,-94.3862
https://joplin.craigslist.org/cto/d/2005-explore-sport-trac-xlt/6718382350.html,joplin,5500,2005,ford,"explorer sport trac",,,gas,,clean,automatic,,,,,,https://images.craigslist.org/00L0L_jKE4jlfRu1v_600x450.jpg,37.1597,-94.3112
https://joplin.craigslist.org/cto/d/2009-volkswagen-beetle/6718381084.html,joplin,4000,2009,vw,beetle,good,"4 cylinders",gas,144700,clean,automatic,,fwd,,,,https://images.craigslist.org/00a0a_3Hc4X31htbG_600x450.jpg,36.7323,-94.3986
https://joplin.craigslist.org/cto/d/2005-chevy-colbolt/6718364364.html,joplin,1500,2005,chevy,colbolt,fair,"4 cylinders",gas,,clean,automatic,,,,,silver,https://images.craigslist.org/00i0i_bu3TDma9EZF_600x450.jpg,37.144,-94.4727
https://joplin.craigslist.org/cto/d/2012-gmc-arcadia-sl/6701048480.html,joplin,8950,2012,gmc,arcadia,good,"6 cylinders",gas,140240,clean,automatic,,fwd,mid-size,SUV,brown,https://images.craigslist.org/00303_7yp5FZMbVu6_600x450.jpg,37.441718,-94.703264
https://joplin.craigslist.org/cto/d/2005-ram-1500-quad-cab-4x4/6718325661.html,joplin,6200,2005,ram,"1500 4x4",excellent,"8 cylinders",gas,178000,clean,automatic,,4wd,full-size,truck,red,https://images.craigslist.org/00B0B_cRweeQAUpWS_600x450.jpg,37.5832,-92.7416
https://joplin.craigslist.org/cto/d/2008-ford-250-extcab-tdsd/6711274491.html,joplin,18500,2008,ford,"f250 ext. cab",excellent,"8 cylinders",diesel,53000,clean,automatic,,4wd,full-size,pickup,white,https://images.craigslist.org/00a0a_dmr2PScybSF_600x450.jpg,38.201822,-92.700523
https://joplin.craigslist.org/cto/d/verysmooth2013-nissan-altima/6718320112.html,joplin,2000,1993,nissan,altima,,,gas,,clean,automatic,,,,,,https://images.craigslist.org/00u0u_fNNOR5aCyVI_600x450.jpg,37.0969,-94.5051
https://joplin.craigslist.org/cto/d/1999-jeep-wrangler/6718313112.html,joplin,4800,1999,jeep,"",,,gas,,clean,manual,,,,,,https://images.craigslist.org/00P0P_5xzd464iEds_600x450.jpg,37.073346,-94.670048
https://joplin.craigslist.org/cto/d/02-dodge-dakota-sxt-low-miles/6703033397.html,joplin,3600,2002,dodge,dakota,,,gas,128000,clean,manual,,,,,,https://images.craigslist.org/00404_b5kMpG3bTNL_600x450.jpg,37.1393,-93.3849
https://joplin.craigslist.org/cto/d/2007-gmc-yukon-denali-62l-low/6701995677.html,joplin,15900,2007,gmc,"1500 yukon denali",,,gas,93500,clean,automatic,,,,,,https://images.craigslist.org/00Q0Q_dDSbAxIIiJM_600x450.jpg,37.1393,-93.3849
https://joplin.craigslist.org/cto/d/2011-toyota-highlander/6718309520.html,joplin,17500,2011,toyota,"highlander limited",good,"6 cylinders",gas,130416,clean,automatic,5TDDK3EHXBS086624,4wd,full-size,SUV,grey,https://images.craigslist.org/00l0l_im1Hpex2mT8_600x450.jpg,37.1795,-94.555
https://joplin.craigslist.org/cto/d/2004-dodge-1-ton-4x4/6715855463.html,joplin,10000,2004,ram,"deisel cummins 3500",good,,diesel,,lien,automatic,,4wd,,,white,https://images.craigslist.org/00B0B_bc0k5BY61t1_600x450.jpg,36.7796,-94.7002
https://joplin.craigslist.org/cto/d/2007-chevy-uplander-lt/6715816015.html,joplin,1700,2007,chevy,uplander,good,,gas,160973,lien,automatic,,,,,,https://images.craigslist.org/00U0U_gV0vDGfLr9w_600x450.jpg,36.7796,-94.7002
https://joplin.craigslist.org/ctd/d/2011-chevrolet-hhr/6718302733.html,joplin,5995,2011,chevrolet,hhr,excellent,"4 cylinders",gas,125937,clean,automatic,3GNBABFW7BS662562,fwd,mid-size,wagon,grey,https://images.craigslist.org/01515_idUbQN4iEF9_600x450.jpg,37.085261,-94.530659
https://joplin.craigslist.org/cto/d/beautiful-truck-2002-chevy/6699654546.html,joplin,1020,2002,chevy,"","like new",,gas,,clean,automatic,,,,,,https://images.craigslist.org/00v0v_imnBw4qXeBl_600x450.jpg,37.6479,-94.302984
https://joplin.craigslist.org/cto/d/1987-4x4-short-bed-chevrolet/6707227998.html,joplin,10900,1987,chevrolet,"",,,gas,,clean,automatic,,,,,,https://images.craigslist.org/00q0q_87HHw48k1yM_600x450.jpg,36.3577,-94.2224
https://joplin.craigslist.org/cto/d/2013-nissan-juke-sl-bluestream/6718293435.html,joplin,12750,2013,nissan,juke,,,gas,,clean,automatic,,,,,,https://images.craigslist.org/00C0C_kRCFWHKT5m1_600x450.jpg,37.1668,-93.3085
https://joplin.craigslist.org/cto/d/1955-chevrolet-belair-4-door/6718282436.html,joplin,19950,1955,chevrolet,belair,excellent,"8 cylinders",gas,,clean,automatic,,rwd,full-size,sedan,custom,https://images.craigslist.org/00l0l_kRBVRFGgsNF_600x450.jpg,37.046316,-94.505167
https://joplin.craigslist.org/cto/d/2014-chevy-silverado-high/6703917181.html,joplin,33000,2014,chevrolet,"1500 silverado",excellent,"8 cylinders",gas,80000,clean,automatic,,4wd,,truck,black,https://images.craigslist.org/00R0R_1RRmGypMFxc_600x450.jpg,36.0877,-94.3093
https://joplin.craigslist.org/cto/d/chevrolet-silverado-1500-ltz/6696260220.html,joplin,999,2002,chevrolet,silverado,excellent,,gas,,clean,automatic,,,,,,https://images.craigslist.org/00n0n_22ehc3ZRXNh_600x450.jpg,36.5929,-94.7565
https://joplin.craigslist.org/cto/d/2001-chevy-tahoe-onlymiles/6707171764.html,joplin,3500,2001,chevy,tahoe,excellent,"8 cylinders",gas,148000,rebuilt,automatic,,,,SUV,silver,https://images.craigslist.org/00000_36Cv6YS5kMx_600x450.jpg,36.18,-94.528
https://joplin.craigslist.org/cto/d/2007-honda-pilot-original/6704053769.html,joplin,5999,2007,honda,pilot,excellent,"6 cylinders",gas,157000,clean,automatic,,,,SUV,green,https://images.craigslist.org/01414_3H5KvsJzLh5_600x450.jpg,36.344267,-94.475555
https://joplin.craigslist.org/cto/d/2015-jeep-wrangler-very-clean/6718267368.html,joplin,16000,2015,,Wrangler,,,gas,,clean,automatic,,,,,,https://images.craigslist.org/00B0B_eGYSp7NqbAb_600x450.jpg,36.8706,-94.3862
https://joplin.craigslist.org/cto/d/1999-ford-conture-parts-only/6699944556.html,joplin,500,1999,ford,conture,,,gas,,"parts only",automatic,,,,,,https://images.craigslist.org/00g0g_410f0V7wB1a_600x450.jpg,37.144,-94.4727
https://joplin.craigslist.org/cto/d/1999-grand-am-gt/6706679197.html,joplin,1900,1999,,"Grand AM GT Coupe",,"6 cylinders",gas,186000,clean,automatic,,fwd,,coupe,,https://images.craigslist.org/00v0v_5rFERNvkNxB_600x450.jpg,37.140401,-94.472408
https://joplin.craigslist.org/cto/d/06-gmc-envoy/6718242498.html,joplin,2800,2006,gmc,envoy,,,gas,170456,clean,automatic,,,,SUV,,https://images.craigslist.org/00c0c_gjwU8hfSy28_600x450.jpg,37.144,-94.4727
https://joplin.craigslist.org/cto/d/2007-h3-hummer-4wd/6718235765.html,joplin,9950,2007,,"Hummer H3 Adventure",good,"5 cylinders",gas,158693,clean,automatic,5GTDN13E778244958,4wd,mid-size,SUV,black,https://images.craigslist.org/00z0z_auhE5ONUNEG_600x450.jpg,37.441882,-94.703522
https://joplin.craigslist.org/cto/d/sell-very-clean-chevrolet/6718232622.html,joplin,2400,2012,chevy,"",excellent,"6 cylinders",gas,,clean,automatic,,,,,,https://images.craigslist.org/00R0R_2CGlHJEHeR_600x450.jpg,37.0969,-94.5051
https://joplin.craigslist.org/cto/d/chevy-tahoe-z71/6718209214.html,joplin,8500,2005,chevy,tahoe,"like new","8 cylinders",gas,179000,clean,automatic,,4wd,,,,https://images.craigslist.org/00a0a_2K6L9pu9xX5_600x450.jpg,37.685,-92.655
https://joplin.craigslist.org/cto/d/2004-jeep-grand-cherokee/6718216102.html,joplin,3000,2004,jeep,"cherokee laredo",good,"6 cylinders",gas,,clean,automatic,,4wd,,SUV,,https://images.craigslist.org/00909_nHA1Xxfopi_600x450.jpg,36.8706,-94.3862
https://joplin.craigslist.org/ctd/d/2013-kia-rio/6718213140.html,joplin,5995,2013,kia,rio,good,"4 cylinders",gas,127432,clean,automatic,KNADM4A33D6157916,fwd,mid-size,sedan,black,https://images.craigslist.org/00f0f_3rzFfNuCZ07_600x450.jpg,37.085398,-94.532204
https://joplin.craigslist.org/cto/d/1999-ford-f150-ext-cab/6715795494.html,joplin,2250,1999,ford,f150,,,gas,,clean,automatic,,,,,,https://images.craigslist.org/00v0v_fyt1fipESYa_600x450.jpg,37.182153,-94.302787
https://joplin.craigslist.org/cto/d/2000-ford-eclipse-conversion/6718194971.html,joplin,3000,2000,ford,"",good,"8 cylinders",gas,167838,clean,automatic,,rwd,,van,white,https://images.craigslist.org/00q0q_dsrGs5dvLkP_600x450.jpg,37.0969,-94.5051
https://joplin.craigslist.org/cto/d/1989-ford-250-idi/6714373453.html,joplin,3500,1989,ford,f-250,,,diesel,,clean,automatic,,,,,,https://images.craigslist.org/01717_aw5vXyJ32aa_600x450.jpg,36.669,-93.2481
https://joplin.craigslist.org/cto/d/2001-gmc-1-ton/6715713758.html,joplin,6000,2001,gmc,"sierra c3500 hd",good,"8 cylinders",gas,123137,clean,automatic,3GDKC34G31M107255,rwd,full-size,truck,white,https://images.craigslist.org/00r0r_cyXFdvtpU2J_600x450.jpg,36.8706,-94.3862
https://joplin.craigslist.org/cto/d/2000-pontiac-firebird/6718182462.html,joplin,2200,2000,pontiac,firebird,fair,"6 cylinders",gas,142000,rebuilt,automatic,,rwd,,hatchback,red,https://images.craigslist.org/00r0r_9Lz1ygvJfgD_600x450.jpg,37.0969,-94.5051
https://joplin.craigslist.org/cto/d/2013-ford-fiesta-1-owner/6718156364.html,joplin,5800,2013,ford,"fiesta se",,"4 cylinders",gas,50000,clean,automatic,,fwd,,,,https://images.craigslist.org/00101_6wnUYehp0XA_600x450.jpg,36.8706,-94.3862
https://joplin.craigslist.org/ctd/d/gmc-sierra-1500-crew-cab-easy/6718178919.html,joplin,33995,2015,gmc,"sierra 1500 crew cab",,"8 cylinders",gas,51482,clean,automatic,3GTU2VEC3FG183832,4wd,,pickup,black,https://images.craigslist.org/00u0u_l6K776IKkZc_600x450.jpg,38.6419,-94.3285
https://joplin.craigslist.org/ctd/d/chevrolet-silverado-1500-crew/6718178730.html,joplin,23590,2015,chevrolet,"silverado 1500 crew cab",,"8 cylinders",gas,107418,clean,automatic,3GCUKREC9FG393536,4wd,,pickup,,https://images.craigslist.org/00J0J_juZz23yAHfL_600x450.jpg,38.6419,-94.3285
https://joplin.craigslist.org/ctd/d/chevrolet-tahoe-easy/6718178466.html,joplin,37995,2015,chevrolet,tahoe,,"8 cylinders",gas,74664,clean,automatic,1GNSKCKC6FR122661,4wd,,SUV,black,https://images.craigslist.org/00k0k_hokzAaFqqXd_600x450.jpg,38.6419,-94.3285
https://joplin.craigslist.org/ctd/d/cadillac-escalade-esv-easy/6718178268.html,joplin,42995,2015,cadillac,"escalade esv",,"8 cylinders",other,67604,clean,automatic,1GYS4SKJ2FR539152,4wd,,SUV,black,https://images.craigslist.org/00k0k_bfQpbTgSVU9_600x450.jpg,38.6419,-94.3285
https://joplin.craigslist.org/ctd/d/cadillac-escalade-easy/6718178035.html,joplin,47995,2015,cadillac,escalade,,"8 cylinders",other,45494,clean,automatic,1GYS4BKJ2FR250630,4wd,,SUV,black,https://images.craigslist.org/00O0O_kFsU6ERCD5D_600x450.jpg,38.6419,-94.3285
https://joplin.craigslist.org/ctd/d/chevrolet-silverado-1500/6718177698.html,joplin,25786,2014,chevrolet,"silverado 1500 double cab",,"8 cylinders",gas,55286,clean,automatic,1GCVKREC3EZ204270,4wd,,pickup,,https://images.craigslist.org/00j0j_gj6Wr9qU2Yq_600x450.jpg,38.6419,-94.3285
https://joplin.craigslist.org/ctd/d/ford-f150-supercrew-cab-easy/6718177598.html,joplin,33995,2015,ford,"f150 supercrew cab",,"6 cylinders",gas,85743,clean,automatic,1FTEW1EG7FFA13009,4wd,,pickup,white,https://images.craigslist.org/01717_6t1QNOgevV6_600x450.jpg,38.6419,-94.3285
https://joplin.craigslist.org/ctd/d/ford-f150-supercrew-cab-easy/6718177297.html,joplin,29995,2013,ford,"f150 supercrew cab",,"6 cylinders",gas,41196,clean,automatic,1FTFW1ETXDFA63854,4wd,,pickup,white,https://images.craigslist.org/00j0j_2WE8hQEbwTW_600x450.jpg,38.6419,-94.3285
https://joplin.craigslist.org/ctd/d/ford-f150-supercrew-cab-easy/6718177053.html,joplin,27951,2013,ford,"f150 supercrew cab",,"6 cylinders",gas,65160,clean,automatic,1FTFW1ET8DFA40931,4wd,,pickup,white,https://images.craigslist.org/00A0A_dZO3JS1N1zT_600x450.jpg,38.6419,-94.3285
https://joplin.craigslist.org/ctd/d/land-rover-range-rover-easy/6718176579.html,joplin,18995,2010,rover,"",,"8 cylinders",gas,102310,clean,automatic,SALMF1E47AA311463,4wd,,SUV,blue,https://images.craigslist.org/00707_kEnIjl77Lj9_600x450.jpg,38.6419,-94.3285
https://joplin.craigslist.org/ctd/d/buick-enclave-easy-financing/6718176358.html,joplin,23633,2014,buick,enclave,,"6 cylinders",gas,79221,clean,automatic,5GAKVCKD7EJ271426,,,SUV,,https://images.craigslist.org/00w0w_cmsQ5bBIbif_600x450.jpg,38.6419,-94.3285
https://joplin.craigslist.org/ctd/d/ford-expedition-easy/6718175962.html,joplin,31995,2016,ford,expedition,,"6 cylinders",gas,85164,clean,automatic,1FMJU1MT2GEF31020,4wd,,SUV,black,https://images.craigslist.org/00P0P_dGXU8kSTTim_600x450.jpg,38.6419,-94.3285
https://joplin.craigslist.org/ctd/d/cadillac-escalade-easy/6718175774.html,joplin,23758,2012,cadillac,escalade,,"8 cylinders",other,118444,clean,automatic,1GYS4CEF7CR186836,,,SUV,red,https://images.craigslist.org/00m0m_bWTanpzS2qH_600x450.jpg,38.6419,-94.3285
https://joplin.craigslist.org/cto/d/dodge-magnum/6718170327.html,joplin,3500,2005,dodge,"magnum sxt",,,gas,147000,clean,automatic,,,,,,https://images.craigslist.org/00101_akAg8AsMTF4_600x450.jpg,36.5929,-94.7565
https://eastco.craigslist.org/cto/d/1998-chevy-blazer/6718576966.html,eastco,1200,1998,chevy,"blazer 4x4",,"6 cylinders",gas,,clean,automatic,,4wd,mid-size,SUV,black,https://images.craigslist.org/00e0e_8UNZ16t47QQ_600x450.jpg,40.082037,-103.212705
https://eastco.craigslist.org/cto/d/foot-box-truck/6718469658.html,eastco,15000,2011,gmc,"",,,gas,,clean,automatic,,,,,,https://images.craigslist.org/00L0L_c8oREn24Ovq_600x450.jpg,39.7656,-104.7069
https://eastco.craigslist.org/cto/d/1987-chevy-blazer/6718428929.html,eastco,5000,1987,chevy,"blazer 4x4",good,"8 cylinders",gas,100000,clean,automatic,,4wd,full-size,truck,blue,https://images.craigslist.org/00X0X_54vTrWHwkqq_600x450.jpg,38.538465,-105.386081
https://eastco.craigslist.org/cto/d/2014-chevy-traverse/6706850783.html,eastco,17000,2014,chevy,traverse,excellent,,gas,98000,clean,automatic,,,,,,https://images.craigslist.org/01717_3GpGAEMYn3q_600x450.jpg,38.8417,-102.194
https://eastco.craigslist.org/cto/d/2016-ram-2500-laramie/6711658183.html,eastco,25110,2016,ram,2500,,,diesel,,clean,automatic,,,,,,https://images.craigslist.org/00I0I_6Q6iDwIMBIK_600x450.jpg,38.9129,-104.7734
https://eastco.craigslist.org/cto/d/01-chevy-silverado-1500-lt/6698867172.html,eastco,1000,2001,chevy,"silverado 1500",fair,"8 cylinders",gas,250000,clean,automatic,,4wd,full-size,pickup,white,https://images.craigslist.org/00000_jciTnfY56zX_600x450.jpg,40.986815,-102.263832
https://eastco.craigslist.org/cto/d/chevy-silverado-hd-2500/6704933816.html,eastco,39500,2011,chevrolet,"2500 silverado",excellent,"8 cylinders",diesel,39000,clean,automatic,,4wd,full-size,pickup,blue,https://images.craigslist.org/00E0E_hzIuttPYv8B_600x450.jpg,40.6306,-103.2212
https://eastco.craigslist.org/cto/d/does-not-run/6718001331.html,eastco,350,1994,ford,escort,good,,gas,,clean,manual,,,,,,https://images.craigslist.org/00W0W_1ptAgxrtYtW_600x450.jpg,39.2713,-103.6856
https://eastco.craigslist.org/cto/d/2008-chevrolet-silverado-low/6717915520.html,eastco,17900,2008,chevrolet,"silverado 1500 lt 4x4",excellent,"8 cylinders",gas,,clean,automatic,,4wd,full-size,pickup,white,https://images.craigslist.org/00M0M_j79DnjT8USp_600x450.jpg,39.3106,-102.2583
https://eastco.craigslist.org/cto/d/1965-chevy-corvair-500/6707060210.html,eastco,300,1965,chevy,corvair,,,gas,,missing,manual,,,,,,https://images.craigslist.org/00r0r_8J8KXQvoY4B_600x450.jpg,40.264601,-103.79583
https://eastco.craigslist.org/cto/d/1997-fordpowerstroke/6717001453.html,eastco,8500,1997,ford,f350,good,"8 cylinders",diesel,,clean,automatic,,4wd,full-size,pickup,white,https://images.craigslist.org/00H0H_lTRgzlmFpYy_600x450.jpg,40.2541,-103.8031
https://eastco.craigslist.org/cto/d/f250-4x4-54lk-miles-5-speed/6716849192.html,eastco,6800,1999,ford,f250,good,"8 cylinders",gas,128000,clean,manual,,4wd,full-size,truck,white,https://images.craigslist.org/00606_gsYSbfO8MG7_600x450.jpg,39.3836,-104.592
https://eastco.craigslist.org/cto/d/2001-ford-1504x4/6716760700.html,eastco,4500,2001,ford,"f150 4x4",,,gas,,clean,automatic,,,,,,https://images.craigslist.org/00g0g_dtXdqAvjCRh_600x450.jpg,39.7305,-105.1915
https://eastco.craigslist.org/cto/d/99-chevy-sub-ls-4x4/6716661621.html,eastco,1500,1999,chevrolet,"1500 suburban",good,"8 cylinders",gas,201000,clean,automatic,,4wd,full-size,SUV,silver,https://images.craigslist.org/00y0y_d5jsS2hlgIF_600x450.jpg,40.249877,-103.804519
https://eastco.craigslist.org/cto/d/make-your-own-dump-gravel/6696836793.html,eastco,1800,1992,,"Gravel body",good,,other,,"parts only",other,,,,,,https://images.craigslist.org/00h0h_ktMZKWvhtKg_600x450.jpg,40.733019,-102.031204
https://eastco.craigslist.org/cto/d/isuzu-rodeo-4x4/6704175889.html,eastco,2200,1999,,"Isuzu Rodeo",good,,gas,,clean,automatic,,4wd,,SUV,green,https://images.craigslist.org/00606_ha3UmBsF6cc_600x450.jpg,40.108,-104.8013
https://eastco.craigslist.org/cto/d/2000-mountaineer-awd/6702469846.html,eastco,1300,2000,mercury,mountaineer,good,"8 cylinders",gas,283499,clean,automatic,,4wd,mid-size,SUV,green,https://images.craigslist.org/00202_d2bghKs68vS_600x450.jpg,38.9648,-104.3553
https://eastco.craigslist.org/cto/d/2008-chevy-suburban-ltz-4x4/6716195472.html,eastco,9500,2008,chevrolet,suburban,good,"8 cylinders",gas,178300,clean,automatic,,4wd,full-size,SUV,black,https://images.craigslist.org/00J0J_aOhllVbQpfD_600x450.jpg,40.2541,-103.8031
https://eastco.craigslist.org/cto/d/2003-chevy-silverado/6716163774.html,eastco,5500,2003,chevrolet,silverado,,,gas,,clean,automatic,,,,,,https://images.craigslist.org/00505_esU4Uo6G9bn_600x450.jpg,39.778217,-104.755543
https://eastco.craigslist.org/cto/d/2005-nissan-altima/6716105401.html,eastco,2650,2005,nissan,"altima 2.5 s",excellent,"6 cylinders",gas,,clean,automatic,,fwd,,,white,https://images.craigslist.org/00S0S_79JDiiQblPo_600x450.jpg,40.2541,-103.8031
https://eastco.craigslist.org/cto/d/1999-bonneville/6715926596.html,eastco,750,1999,pontiac,bonneville,,,gas,,clean,automatic,,,,,,https://images.craigslist.org/00h0h_fZUC5jDLqA3_600x450.jpg,41.307092,-101.228772
https://eastco.craigslist.org/cto/d/2001-cadillac-eldorado/6715756781.html,eastco,5950,2001,cadillac,"eldorado coupe",good,"8 cylinders",gas,117498,clean,automatic,1G6EL12Y51B109584,fwd,full-size,coupe,red,https://images.craigslist.org/01313_5D9ofIJDgK8_600x450.jpg,40.4837,-104.8994
https://eastco.craigslist.org/ctd/d/2002-ford-250-super-duty/6715660687.html,eastco,11900,2002,ford,"f-250 super duty",excellent,other,gas,174456,clean,automatic,1FTNX21F22EB58989,4wd,,,,https://images.craigslist.org/01616_fI9bcAenk6H_600x450.jpg,40.007891,-104.818353
https://eastco.craigslist.org/ctd/d/2015-ford-150-xl-financing/6715660387.html,eastco,24995,2015,ford,f-150,excellent,"8 cylinders",gas,85585,clean,automatic,1FTFX1EF3FFA40460,4wd,,,white,https://images.craigslist.org/00f0f_iH1lDwY1jEg_600x450.jpg,40.007891,-104.818353
https://eastco.craigslist.org/ctd/d/2004-dodge-ram-pickup-2500/6715660013.html,eastco,11900,2004,ram,"pickup 2500",excellent,"6 cylinders",gas,391342,clean,automatic,3D7KU28C54G145114,4wd,,,white,https://images.craigslist.org/00z0z_edqIDY8ZPAW_600x450.jpg,40.007891,-104.818353
https://eastco.craigslist.org/ctd/d/2008-ford-f350-financing/6715659707.html,eastco,8900,2008,ford,f350,excellent,other,gas,250494,clean,automatic,1FDSX35538EC76418,,,,,https://images.craigslist.org/00707_1wOCzpw3325_600x450.jpg,40.007891,-104.818353
https://eastco.craigslist.org/ctd/d/2004-dodge-ram-pickup-3500/6715659420.html,eastco,15900,2004,ram,"pickup 3500",excellent,other,gas,173045,clean,automatic,3D3MA48CX4G272603,rwd,,,,https://images.craigslist.org/00v0v_cUAZOXlVsgZ_600x450.jpg,40.007891,-104.818353
https://eastco.craigslist.org/ctd/d/2011-ford-250-super-duty/6715659132.html,eastco,27900,2011,ford,"f-250 super duty",excellent,other,gas,163210,clean,automatic,1FT7W2BT5BEC28405,4wd,,,silver,https://images.craigslist.org/00B0B_doTzJz3EdX3_600x450.jpg,40.007891,-104.818353
https://eastco.craigslist.org/ctd/d/2007-gmc-sierra-3500-classic/6715657879.html,eastco,20995,2007,gmc,"sierra 3500 classic",excellent,"8 cylinders",gas,232328,clean,automatic,1GTHK33D47F169619,4wd,,,silver,https://images.craigslist.org/01010_28f2cTJymIR_600x450.jpg,40.007891,-104.818353
https://eastco.craigslist.org/ctd/d/2016-ram-ram-pickup-2500-slt/6715657557.html,eastco,38995,2016,ram,"pickup 2500",excellent,"6 cylinders",gas,69624,clean,automatic,3C6UR5DL1GG156179,4wd,,,white,https://images.craigslist.org/00707_ehrC9iCuZ7j_600x450.jpg,40.007891,-104.818353
https://eastco.craigslist.org/ctd/d/2008-chevrolet-silverado/6715657235.html,eastco,14900,2008,chevrolet,"silverado 2500hd",excellent,other,gas,120785,clean,automatic,1GCHK23K68F203960,4wd,,,,https://images.craigslist.org/00505_hpiooV6ewPY_600x450.jpg,40.007891,-104.818353
https://eastco.craigslist.org/ctd/d/2006-chevrolet-silverado/6715656893.html,eastco,17900,2006,chevrolet,"silverado 2500hd",excellent,"8 cylinders",gas,210738,clean,automatic,1GCHK23D96F195903,4wd,,,red,https://images.craigslist.org/00U0U_8iRpY0wgK2K_600x450.jpg,40.007891,-104.818353
https://eastco.craigslist.org/ctd/d/2016-ram-ram-pickup-1500/6715656623.html,eastco,31900,2016,ram,"pickup 1500",excellent,"6 cylinders",gas,68177,clean,automatic,1C6RR7PM4GS163075,4wd,,,blue,https://images.craigslist.org/00404_4zUkIhduF7g_600x450.jpg,40.007891,-104.818353
https://eastco.craigslist.org/ctd/d/2013-chevrolet-silverado/6715656330.html,eastco,22995,2013,chevrolet,"silverado 2500hd",excellent,"8 cylinders",gas,89956,clean,automatic,1GC1KVCG4DF233032,4wd,,,white,https://images.craigslist.org/00K0K_6BftvMlz6jM_600x450.jpg,40.007891,-104.818353
https://eastco.craigslist.org/ctd/d/2005-dodge-ram-pickup-2500/6715655973.html,eastco,18900,2005,ram,"pickup 2500",excellent,"6 cylinders",gas,263796,clean,automatic,3D7KS28C05G857652,4wd,,,red,https://images.craigslist.org/00B0B_ekh2uYZ4vJ6_600x450.jpg,40.007891,-104.818353
https://eastco.craigslist.org/ctd/d/1999-ford-250-super-duty/6715655579.html,eastco,9900,1999,ford,"f-250 super duty",excellent,other,gas,262583,clean,automatic,1FTNX21F4XEA67746,4wd,,,,https://images.craigslist.org/00O0O_kfWE0ibvxX4_600x450.jpg,40.007891,-104.818353
https://eastco.craigslist.org/ctd/d/2004-dodge-ram-pickup-1500/6715655239.html,eastco,9995,2004,ram,"pickup 1500",excellent,other,gas,188863,clean,automatic,1D7HU18D74J203140,4wd,,,,https://images.craigslist.org/00101_9mTkSneNkq4_600x450.jpg,40.007891,-104.818353
https://eastco.craigslist.org/ctd/d/1980-ford-f150-financing/6715654890.html,eastco,3900,1980,ford,f150,excellent,other,gas,34108,clean,automatic,F15GPGJ1062,,,,green,https://images.craigslist.org/01414_afY4B1MVu0u_600x450.jpg,40.007891,-104.818353
https://eastco.craigslist.org/ctd/d/1999-ford-350-super-duty-xlt/6715654606.html,eastco,10500,1999,ford,"f-350 super duty",excellent,"8 cylinders",gas,0,clean,automatic,1FTSX31F0XEC31406,4wd,,,,https://images.craigslist.org/01313_ehvFMAtwyxc_600x450.jpg,40.007891,-104.818353
https://eastco.craigslist.org/cto/d/1997-ford-250-diesel-4x4/6712631157.html,eastco,4350,1997,ford,f-250,good,"8 cylinders",diesel,274000,clean,automatic,,4wd,full-size,pickup,red,https://images.craigslist.org/00Q0Q_dC40HgGXAqy_600x450.jpg,39.9245,-105.0609
https://eastco.craigslist.org/ctd/d/2008-chrysler-town-country/6715653762.html,eastco,8995,2008,chrysler,"town and country",excellent,"6 cylinders",gas,129322,clean,automatic,2A8HR54P98R610602,fwd,,mini-van,silver,https://images.craigslist.org/00707_bpROUKivSiX_600x450.jpg,40.007891,-104.818353
https://eastco.craigslist.org/ctd/d/2002-jeep-grand-cherokee/6715653474.html,eastco,5900,2002,jeep,"grand cherokee",excellent,"8 cylinders",gas,184415,clean,automatic,1J8GW48N62C182947,4wd,,,,https://images.craigslist.org/01212_dPSwiR42lSU_600x450.jpg,40.007891,-104.818353
https://eastco.craigslist.org/ctd/d/1999-ford-explorer-xls/6715653044.html,eastco,5900,1999,ford,explorer,excellent,"6 cylinders",gas,119199,clean,automatic,1FMZU34E9XZA72433,4wd,,,green,https://images.craigslist.org/00202_1wzAmH1Fxwo_600x450.jpg,40.007891,-104.818353
https://eastco.craigslist.org/ctd/d/2001-toyota-tacoma-base/6715652664.html,eastco,9995,2001,toyota,tacoma,excellent,"4 cylinders",gas,174924,clean,automatic,5TEWM72N11Z818001,4wd,,,silver,https://images.craigslist.org/00V0V_jK3vvXbVMeU_600x450.jpg,40.007891,-104.818353
https://eastco.craigslist.org/ctd/d/2007-infiniti-qx56-base/6715652265.html,eastco,11900,2007,infiniti,qx56,excellent,"8 cylinders",gas,143860,clean,automatic,5N3AA08C67N801242,4wd,,,,https://images.craigslist.org/00m0m_dXh9J8OpX2C_600x450.jpg,40.007891,-104.818353
https://eastco.craigslist.org/ctd/d/2011-bmw-x5-xdrive35d/6715651900.html,eastco,14900,2011,bmw,x5,excellent,"6 cylinders",gas,131356,clean,automatic,5UXZW0C55BL663142,,,,black,https://images.craigslist.org/00o0o_4lNNUPA6akt_600x450.jpg,40.007891,-104.818353
https://eastco.craigslist.org/ctd/d/2018-gmc-sierra-1500-slt/6715651529.html,eastco,47500,2018,gmc,"sierra 1500",excellent,other,gas,33172,clean,automatic,3GTU2NEC9JG110750,4wd,,,,https://images.craigslist.org/00l0l_gegfrcvJCFS_600x450.jpg,40.007891,-104.818353
https://eastco.craigslist.org/cto/d/dark-green-2001-toyota-sequoia/6715423707.html,eastco,743,2001,toyota,sequoia,,,gas,,clean,automatic,,,,,green,https://images.craigslist.org/00C0C_jolGWYWeubh_600x450.jpg,39.728099,-105.211513
https://eastco.craigslist.org/cto/d/1998-chevy-tahoe/6698493941.html,eastco,2500,1998,chevy,tahoe,good,"8 cylinders",gas,198000,clean,automatic,,4wd,full-size,SUV,,https://images.craigslist.org/00P0P_bnUugyswQ5S_600x450.jpg,41.1275,-101.7107
https://eastco.craigslist.org/cto/d/1994-chevy-s10-blazer-4-door/6695939323.html,eastco,2200,1994,chevy,"s10 blazer",excellent,"6 cylinders",gas,143000,clean,automatic,,4wd,mid-size,SUV,green,https://images.craigslist.org/00202_dlfVBSbPRQo_600x450.jpg,41.1275,-101.7107
https://eastco.craigslist.org/cto/d/1994-chevy-s10-blazer-4-door/6695939933.html,eastco,2200,1994,chevy,"s10 blazer",excellent,"6 cylinders",gas,143000,clean,automatic,,4wd,mid-size,SUV,green,https://images.craigslist.org/00202_dlfVBSbPRQo_600x450.jpg,41.1275,-101.7107
https://eastco.craigslist.org/cto/d/1992-ford-f250/6715271847.html,eastco,5000,1992,ford,f250,,,gas,198000,clean,manual,,,,,,https://images.craigslist.org/00R0R_bVXplBZQR9V_600x450.jpg,39.132,-103.9132
https://eastco.craigslist.org/ctd/d/2011-ram-3500-crew-cab/6715266794.html,eastco,36995,2011,ram,"3500 crew cab longhorn","like new","6 cylinders",diesel,79110,clean,automatic,3D73Y4CL0BG634609,4wd,,pickup,green,https://images.craigslist.org/00V0V_2DMOjSZfJka_600x450.jpg,39.661708,-104.862431
https://eastco.craigslist.org/cto/d/1984-ford-bronco-ii/6715261336.html,eastco,3000,1984,ford,bronco,,,gas,80000,clean,manual,,,,SUV,green,https://images.craigslist.org/00s0s_hxjb08Hi6ms_600x450.jpg,39.132,-103.9132
https://eastco.craigslist.org/cto/d/dodge-cummins/6715121965.html,eastco,8000,1998,ram,2500,excellent,"6 cylinders",diesel,308000,clean,manual,,4wd,,truck,white,https://images.craigslist.org/01515_bxOQgnBmOjm_600x450.jpg,41.2321,-103.6602
https://eastco.craigslist.org/cto/d/99-toyota-cmry/6714340848.html,eastco,1900,1999,toyota,camry,,,gas,,clean,manual,,,,,,https://images.craigslist.org/01010_l6Gf3C6PAb7_600x450.jpg,40.1301,-102.7072
https://eastco.craigslist.org/cto/d/2005-ford-150-4x4/6699260773.html,eastco,6300,2005,ford,f-150,good,"8 cylinders",gas,145000,clean,automatic,,4wd,,truck,blue,https://images.craigslist.org/00I0I_fgRRkaULWYP_600x450.jpg,40.242216,-103.81493
https://eastco.craigslist.org/cto/d/2010-subaru-forester/6714099131.html,eastco,9000,2010,subaru,forester,excellent,"4 cylinders",gas,16763,clean,manual,JF2SH6AC4AG722563,4wd,full-size,SUV,white,https://images.craigslist.org/00303_ihSeDaFTw3m_600x450.jpg,39.6793,-104.8843
https://eastco.craigslist.org/cto/d/1999-jeep-cherokee/6713754736.html,eastco,2800,1999,jeep,cherokee,fair,"6 cylinders",gas,165000,clean,automatic,,4wd,,,purple,https://images.craigslist.org/00O0O_juvA3KxkWWZ_600x450.jpg,41.1275,-101.7107
https://eastco.craigslist.org/cto/d/1995-gmc-sierra-k-1500-diesel/6713338225.html,eastco,2000,1995,gmc,"1500 sierra",fair,"8 cylinders",diesel,160000,clean,manual,2GTEK19S8S1513465,4wd,full-size,pickup,black,https://images.craigslist.org/01313_3eAdDYj80Cw_600x450.jpg,39.3106,-102.2583
https://eastco.craigslist.org/cto/d/1980-el-camino/6713333568.html,eastco,2000,1980,chevrolet,"el camino",fair,"6 cylinders",gas,160000,clean,automatic,1AW80KAK4372070,,full-size,other,blue,https://images.craigslist.org/00303_cjTlR47q5uJ_600x450.jpg,39.6985,-104.2019
https://eastco.craigslist.org/ctd/d/2007-jeep-kj-unlimited-sahara/6713198088.html,eastco,15900,2007,jeep,"4dr unlimited sahara 4x4",excellent,"6 cylinders",gas,122000,salvage,automatic,1J4GA591X7L175542,4wd,full-size,SUV,red,https://images.craigslist.org/00909_8Rl1LI8fN9G_600x450.jpg,40.4475,-99.3672
https://eastco.craigslist.org/ctd/d/2015-ford-350-super-duty-xl/6713081072.html,eastco,19995,2015,ford,"f-350 super duty",excellent,"8 cylinders",gas,138949,clean,automatic,1FT8W3B68FEA33599,4wd,,,white,https://images.craigslist.org/00U0U_29bDwXr8oXB_600x450.jpg,40.007891,-104.818353
https://eastco.craigslist.org/ctd/d/2011-ford-350-super-duty-xl/6713080808.html,eastco,16995,2011,ford,"f-350 super duty",excellent,"8 cylinders",gas,138841,clean,automatic,1FD7X3F68BEC58565,4wd,,,white,https://images.craigslist.org/00M0M_9nXcvKjfVPA_600x450.jpg,40.007891,-104.818353
https://eastco.craigslist.org/ctd/d/2000-chevrolet-k-3500-series/6713080456.html,eastco,9980,2000,chevrolet,"c/k 3500 series",excellent,"8 cylinders",gas,126949,clean,automatic,1GCHK33J3YF485293,4wd,,,white,https://images.craigslist.org/00w0w_axP7FtBm2Hy_600x450.jpg,40.007891,-104.818353
https://eastco.craigslist.org/ctd/d/2015-ford-250-super-duty/6713080106.html,eastco,16995,2015,ford,"f-250 super duty",excellent,other,gas,174676,clean,automatic,1FT7W2B61FEA46054,4wd,,,,https://images.craigslist.org/00g0g_jylMsqurQUH_600x450.jpg,40.007891,-104.818353
https://eastco.craigslist.org/ctd/d/1995-chevrolet-k-2500-series/6713079804.html,eastco,5900,1995,chevrolet,"c/k 2500 series",excellent,other,gas,186722,clean,automatic,1GCFK29K8SE201896,4wd,,,,https://images.craigslist.org/00r0r_gTwAAh2avKj_600x450.jpg,40.007891,-104.818353
https://eastco.craigslist.org/ctd/d/2011-ford-150-lariat/6713079584.html,eastco,17900,2011,ford,f-150,excellent,"6 cylinders",gas,144695,clean,automatic,1FTFW1ET2BFB30802,4wd,,,,https://images.craigslist.org/00c0c_4lC2qWlSV9z_600x450.jpg,40.007891,-104.818353
https://eastco.craigslist.org/ctd/d/2008-chevrolet-silverado/6713079259.html,eastco,9900,2008,chevrolet,"silverado 2500hd",excellent,"8 cylinders",gas,198363,clean,automatic,1GCHK23K38F201616,4wd,,,white,https://images.craigslist.org/01515_pmKDcvZd88_600x450.jpg,40.007891,-104.818353
https://eastco.craigslist.org/ctd/d/2007-chevrolet-silverado/6713078987.html,eastco,13900,2007,chevrolet,"silverado 2500hd cla",excellent,"8 cylinders",gas,221378,clean,automatic,1GCHK29D37E144279,4wd,,,white,https://images.craigslist.org/00i0i_bkblNphhJKj_600x450.jpg,40.007891,-104.818353
https://eastco.craigslist.org/ctd/d/2012-ford-expedition-limited/6713078665.html,eastco,16995,2012,ford,expedition,excellent,"8 cylinders",gas,151477,clean,automatic,1FMJU2A54CEF28965,4wd,,SUV,black,https://images.craigslist.org/00t0t_jjyu7He6CsF_600x450.jpg,40.007891,-104.818353
https://eastco.craigslist.org/ctd/d/2007-gmc-yukon-xl-denali/6713078395.html,eastco,14900,2007,gmc,"yukon xl",excellent,"8 cylinders",gas,154128,clean,automatic,1GKFK66877J272784,,,,black,https://images.craigslist.org/00707_kUFXUZpd9aB_600x450.jpg,40.007891,-104.818353
https://eastco.craigslist.org/ctd/d/2008-gmc-sierra-1500/6713078032.html,eastco,12995,2008,gmc,"sierra 1500",excellent,other,gas,166094,clean,automatic,2GTEK133881279953,4wd,,,,https://images.craigslist.org/00z0z_5BNrYFgRF6L_600x450.jpg,40.007891,-104.818353
https://eastco.craigslist.org/ctd/d/2009-dodge-ram-pickup-3500/6713077675.html,eastco,26995,2009,ram,"pickup 3500",excellent,other,gas,230318,clean,automatic,3D7MX49L29G506784,4wd,,,black,https://images.craigslist.org/00202_d2f4WbUUdCv_600x450.jpg,40.007891,-104.818353
https://eastco.craigslist.org/ctd/d/2008-gmc-acadia-slt-1/6713076967.html,eastco,10900,2008,gmc,acadia,excellent,"6 cylinders",gas,138140,clean,automatic,1GKEV23758J258990,,,,red,https://images.craigslist.org/00r0r_5OUokJThc1t_600x450.jpg,40.007891,-104.818353
https://eastco.craigslist.org/ctd/d/2005-chevrolet-silverado/6713076668.html,eastco,20800,2005,chevrolet,"silverado 2500hd",excellent,"8 cylinders",gas,167770,clean,automatic,1GCHK23225F880404,4wd,,,blue,https://images.craigslist.org/00b0b_2QoIrbiAx5h_600x450.jpg,40.007891,-104.818353
https://eastco.craigslist.org/cto/d/2005-gmc-3500-cutaway-utility/6712676066.html,eastco,6000,2005,gmc,3500,,,gas,,clean,automatic,,,,,,https://images.craigslist.org/00N0N_72ljZAdajy3_600x450.jpg,39.3881,-77.1723
https://eastco.craigslist.org/cto/d/1979-gmc-sierra-10-short-bed/6712612535.html,eastco,10000,1979,gmc,1500,excellent,"8 cylinders",gas,,clean,automatic,,rwd,,truck,green,https://images.craigslist.org/01313_2ePG1SDGKAj_600x450.jpg,40.385,-104.6806
https://eastco.craigslist.org/ctd/d/1931-chev-hot-rod-roadster/6712592788.html,eastco,23500,1931,chevrolet,"","like new","8 cylinders",gas,206,clean,automatic,5AE10165,rwd,full-size,convertible,custom,https://images.craigslist.org/00b0b_3TRZsQTkxr3_600x450.jpg,40.4475,-99.3672
https://eastco.craigslist.org/cto/d/59-ford-f100-shortbox/6699265323.html,eastco,1000,1959,ford,f100,fair,"6 cylinders",gas,,clean,manual,F10J9K12967,rwd,,,,https://images.craigslist.org/00101_dNSY0MmR9sn_600x450.jpg,42.28162,-103.318021
https://eastco.craigslist.org/cto/d/2013-ford-fx4/6712449481.html,eastco,30000,2013,ford,"f-150 fx4",,,gas,,clean,automatic,,,,,,https://images.craigslist.org/00P0P_iqQw73OAf5J_600x450.jpg,38.445587,-103.782679
https://eastco.craigslist.org/cto/d/2003-suburban/6712086856.html,eastco,1600,2003,chevy,suburban,salvage,"8 cylinders",gas,368120,salvage,automatic,,4wd,full-size,SUV,black,https://images.craigslist.org/01515_7zinPceBjRj_600x450.jpg,40.2541,-103.8031
https://eastco.craigslist.org/cto/d/2010-chevy-colorado-75k-miles/6712044430.html,eastco,7500,2010,chevy,colorado,,"4 cylinders",gas,,clean,automatic,,4wd,,truck,,https://images.craigslist.org/00404_8ru1MG6pNrG_600x450.jpg,40.0497,-105.2143
https://eastco.craigslist.org/cto/d/2000-ford-150-stepside/6711943232.html,eastco,2900,2000,ford,f150,good,"8 cylinders",gas,480000,clean,automatic,,4wd,mid-size,pickup,red,https://images.craigslist.org/01414_ehi6nLmzXHs_600x450.jpg,37.3521,-102.2537
https://eastco.craigslist.org/cto/d/price-reduced-1987-ford-150/6711719038.html,eastco,3800,1987,ford,e-150,,,gas,185000,clean,automatic,,,,,,https://images.craigslist.org/00707_gW9hGDBkZa3_600x450.jpg,39.8422,-105.1097
https://eastco.craigslist.org/cto/d/nissan-370z-touring-premium/6707190656.html,eastco,16800,2009,nissan,370z,"like new","6 cylinders",gas,64200,clean,automatic,,rwd,compact,coupe,white,https://images.craigslist.org/00M0M_fMlmFUajCOd_600x450.jpg,40.0497,-105.2143
https://eastco.craigslist.org/cto/d/larait/6711485757.html,eastco,25000,2010,ford,"",excellent,"8 cylinders",diesel,102000,clean,automatic,,4wd,full-size,,white,https://images.craigslist.org/00b0b_7GHYbtvNb23_600x450.jpg,39.303472,-102.277203
https://eastco.craigslist.org/cto/d/2000-dodge-dakota/6711453629.html,eastco,6000,2000,dodge,dakota,good,"8 cylinders",gas,136437,clean,automatic,,4wd,mid-size,truck,white,https://images.craigslist.org/00O0O_4QZfQuCcQW7_600x450.jpg,39.987676,-102.112465
https://eastco.craigslist.org/cto/d/12-dodge-ram/6710938759.html,eastco,16500,2012,dodge,1500,,,gas,,clean,automatic,,,,,,https://images.craigslist.org/00I0I_aPDsAvoZRfO_600x450.jpg,40.608647,-100.739854
https://eastco.craigslist.org/cto/d/1983-chevy-silverado/6710781214.html,eastco,1200,1983,chevy,silverado,fair,"8 cylinders",gas,96000,salvage,automatic,,rwd,full-size,truck,red,https://images.craigslist.org/01111_3oc4cBydYUp_600x450.jpg,39.172636,-104.529026
https://eastco.craigslist.org/cto/d/2008-gmc-1500/6710653542.html,eastco,17500,2008,gmc,"1500 sierra",good,"5 cylinders",gas,102750,clean,automatic,,4wd,full-size,pickup,black,https://images.craigslist.org/00u0u_962JIbzAB3A_600x450.jpg,40.6306,-103.2212
https://eastco.craigslist.org/cto/d/1999-ford-73-super-duty/6710652921.html,eastco,12000,1999,ford,"super duty f-250",excellent,"8 cylinders",diesel,268450,clean,automatic,,4wd,,pickup,blue,https://images.craigslist.org/00c0c_h1lUuBP9r3Z_600x450.jpg,37.94029,-103.505532
https://eastco.craigslist.org/cto/d/1939-dodge/6700742544.html,eastco,12500,1939,dodge,"tc 1/2 ton",good,"6 cylinders",gas,,lien,manual,,rwd,full-size,,brown,https://images.craigslist.org/00L0L_ba7f3xBvITY_600x450.jpg,39.0791,-108.4916
https://eastco.craigslist.org/cto/d/2006-toyota-tundra-crew-cab/6710172944.html,eastco,19500,2006,toyota,tundra,excellent,"8 cylinders",gas,,lien,automatic,,4wd,,,green,https://images.craigslist.org/00Y0Y_8Ip0GKUJ1Ry_600x450.jpg,39.7187,-82.6031
https://eastco.craigslist.org/ctd/d/2004-toyota-camry-solara-se/6710129154.html,eastco,4499,2004,toyota,solara,,,other,121602,clean,manual,,fwd,compact,coupe,silver,https://images.craigslist.org/00w0w_evtNJgS9D1A_600x450.jpg,39.71087,-105.00285
https://eastco.craigslist.org/ctd/d/2007-jeep-compass-limited-4dr/6710128576.html,eastco,5999,2007,jeep,compass,,,other,116994,clean,manual,,fwd,,SUV,white,https://images.craigslist.org/00606_5mzFP7qIVoo_600x450.jpg,39.71087,-105.00285
https://eastco.craigslist.org/ctd/d/2004-dodge-ram-pickup-3500/6710128525.html,eastco,15995,2004,ram,"",,,diesel,154314,clean,automatic,,fwd,,pickup,,https://images.craigslist.org/00b0b_bwgTVLkIuWQ_600x450.jpg,39.71087,-105.00285
https://eastco.craigslist.org/ctd/d/1999-buick-century-limited/6710128485.html,eastco,5999,1999,buick,century,,,other,29048,clean,automatic,,,,sedan,,https://images.craigslist.org/00l0l_hBYzDKekqRW_600x450.jpg,39.71087,-105.00285
https://eastco.craigslist.org/ctd/d/1999-ford-250-fsuper-duty-xlt/6710128509.html,eastco,10499,1999,ford,f-250,,,diesel,254575,clean,automatic,,4wd,,pickup,blue,https://images.craigslist.org/00U0U_cwnHWD9Ne7U_600x450.jpg,39.71087,-105.00285
https://eastco.craigslist.org/ctd/d/2005-jeep-liberty-limited-4wd/6710128478.html,eastco,7499,2005,jeep,liberty,,,diesel,144375,clean,automatic,,4wd,,SUV,red,https://images.craigslist.org/00q0q_9h3MPNq9neW_600x450.jpg,39.71087,-105.00285
https://eastco.craigslist.org/ctd/d/2005-gmc-sierra-1500-slt-4dr/6710128522.html,eastco,10999,2005,gmc,sierra,,,other,178734,clean,automatic,,4wd,,pickup,white,https://images.craigslist.org/00k0k_a1wUSio8nCf_600x450.jpg,39.71087,-105.00285
https://eastco.craigslist.org/ctd/d/2004-ford-350-fsuper-duty-xlt/6710128467.html,eastco,10499,2004,ford,f-350,,,diesel,241833,clean,automatic,,4wd,,pickup,,https://images.craigslist.org/00808_a7qKYD5Fomh_600x450.jpg,39.71087,-105.00285
https://eastco.craigslist.org/ctd/d/2004-nissan-maxima-35-sl-4dr/6710128450.html,eastco,3499,2004,nissan,maxima,,,other,187232,clean,automatic,,fwd,,sedan,silver,https://images.craigslist.org/00505_6idjQhvs22P_600x450.jpg,39.71087,-105.00285
https://eastco.craigslist.org/ctd/d/2008-toyota-tundra-limited/6710128434.html,eastco,21999,2008,toyota,tundra,,,other,92284,clean,automatic,,4wd,,pickup,red,https://images.craigslist.org/00c0c_lU57loxmboy_600x450.jpg,39.71087,-105.00285
https://eastco.craigslist.org/ctd/d/2007-chevrolet-chevy/6710128398.html,eastco,14999,2007,chevrolet,avalanche,,,other,107223,clean,automatic,,4wd,,pickup,black,https://images.craigslist.org/00Y0Y_aEA1QYJjmIn_600x450.jpg,39.71087,-105.00285
https://eastco.craigslist.org/ctd/d/2012-chevrolet-chevy/6710128408.html,eastco,21999,2012,chevrolet,silverado,,,other,98407,clean,automatic,,4wd,,pickup,black,https://images.craigslist.org/00j0j_bcYz9zyCyjU_600x450.jpg,39.71087,-105.00285
https://eastco.craigslist.org/ctd/d/2009-ford-expedition-el-xlt/6710128354.html,eastco,8999,2009,ford,"expedition max",,,other,179787,clean,automatic,,4wd,,SUV,black,https://images.craigslist.org/00y0y_j5MFPsJaz0H_600x450.jpg,39.71087,-105.00285
https://eastco.craigslist.org/ctd/d/2007-lincoln-navigator/6710128274.html,eastco,9999,2007,lincoln,navigator,,,other,158693,clean,automatic,,4wd,,SUV,black,https://images.craigslist.org/00r0r_aFlpklHfPEe_600x450.jpg,39.71087,-105.00285
https://eastco.craigslist.org/ctd/d/2012-ford-explorer-xlt-awd/6710128167.html,eastco,11995,2012,ford,explorer,,,other,182077,clean,automatic,,4wd,,SUV,black,https://images.craigslist.org/01212_aO52b4E9LeA_600x450.jpg,39.71087,-105.00285
https://eastco.craigslist.org/ctd/d/2017-nissan-altima-25-sl-4dr/6710128173.html,eastco,16999,2017,nissan,altima,,,other,40116,clean,,,fwd,,sedan,,https://images.craigslist.org/00000_7YnUM8LBBsp_600x450.jpg,39.71087,-105.00285
https://eastco.craigslist.org/ctd/d/2015-dodge-grand-caravan-t/6710128134.html,eastco,18999,2015,dodge,"caravan/grand caravan",,,other,22660,clean,automatic,,fwd,,wagon,silver,https://images.craigslist.org/00k0k_6Ku52YNvwnY_600x450.jpg,39.71087,-105.00285
https://eastco.craigslist.org/ctd/d/2004-chevrolet-chevy/6710128015.html,eastco,9499,2004,chevrolet,avalanche,,,other,157192,clean,automatic,,fwd,,pickup,silver,https://images.craigslist.org/00f0f_fx0hM8hNu81_600x450.jpg,39.71087,-105.00285
https://reno.craigslist.org/cto/d/2005-jeep-wrangler-tj-rock/6718641289.html,reno,22500,2005,jeep,"wrangler tj rubicon",excellent,"6 cylinders",gas,,clean,manual,,4wd,,,white,https://images.craigslist.org/00k0k_aj1FNgRKI1A_600x450.jpg,36.508,-119.5433
https://reno.craigslist.org/cto/d/1968-mustang/6718640814.html,reno,11000,1968,ford,mustang,,"8 cylinders",gas,,clean,automatic,,,,coupe,white,https://images.craigslist.org/00Z0Z_8tsboJ8Gs7w_600x450.jpg,38.6627,-121.3406
https://reno.craigslist.org/cto/d/99-fordcrew-cab-diesel-4x4/6706589088.html,reno,10500,1999,ford,f250,good,"8 cylinders",diesel,330000,clean,automatic,,4wd,,truck,,https://images.craigslist.org/00J0J_hu0jxNvZYNI_600x450.jpg,38.6946,-121.2692
https://reno.craigslist.org/cto/d/2003-mercury-mountaineer-awd/6698262489.html,reno,4800,2003,mercury,mountaineer,excellent,"8 cylinders",gas,,clean,automatic,,4wd,mid-size,SUV,,https://images.craigslist.org/00f0f_73TQhQE4wh9_600x450.jpg,39.6269,-119.7081
https://reno.craigslist.org/cto/d/all-wheel-drive-2004-toyota/6718632494.html,reno,10,2004,toyota,"4runner sport awd",excellent,"8 cylinders",gas,90815,clean,automatic,JTEBT14RX40030476,4wd,full-size,SUV,black,https://images.craigslist.org/00Z0Z_1T7lnucm2DP_600x450.jpg,39.5483,-119.7957
https://reno.craigslist.org/cto/d/2012-acura-mdx-sh-awd/6718634038.html,reno,16500,2012,acura,mdx,excellent,"6 cylinders",gas,68000,salvage,automatic,2HNYD2H23CH529106,4wd,mid-size,SUV,,https://images.craigslist.org/00f0f_4cRuXg274RM_600x450.jpg,38.7159,-121.3648
https://reno.craigslist.org/cto/d/built-ek-hatch-sleeper-street/6714328880.html,reno,9000,1996,honda,"",,,gas,,clean,manual,,,,,,https://images.craigslist.org/00k0k_lXdf2yubSp6_600x450.jpg,42.1919,-121.7241
https://reno.craigslist.org/cto/d/2011-chrysler-town-and-country/6716700638.html,reno,8900,2011,chrysler,"town country",excellent,,gas,90000,clean,automatic,,fwd,,,,https://images.craigslist.org/00e0e_lKqaq1ZLXhL_600x450.jpg,38.703436,-121.326485
https://reno.craigslist.org/cto/d/2000-ford-f250-super-duty/6708577852.html,reno,20000,2000,ford,f250,excellent,"8 cylinders",diesel,275000,clean,automatic,1FTNW21F5YEA47560,4wd,full-size,truck,white,https://images.craigslist.org/00q0q_ewnTLcAWCwC_600x450.jpg,39.498,-119.8239
https://reno.craigslist.org/cto/d/2003-toyota-4runner/6718627558.html,reno,9000,2003,toyota,4runner,excellent,"6 cylinders",gas,160000,clean,automatic,,4wd,,,silver,https://images.craigslist.org/00g0g_iqwtA0wdOVk_600x450.jpg,38.944895,-119.97559
https://reno.craigslist.org/cto/d/2017-toyota-sequoia-sr5-suv/6716834787.html,reno,30000,2017,toyota,"sequoia sr5",excellent,"8 cylinders",gas,10000,salvage,automatic,,4wd,full-size,SUV,white,https://images.craigslist.org/00101_7qCLoFoQujJ_600x450.jpg,38.6895,-121.4479
https://reno.craigslist.org/cto/d/brand-new-honda-civic-2018/6713454402.html,reno,19000,2018,honda,civic,new,"4 cylinders",gas,13000,clean,automatic,,,full-size,sedan,white,https://images.craigslist.org/00e0e_1yUkZfSYkgc_600x450.jpg,39.5473,-119.7556
https://reno.craigslist.org/cto/d/89-camaro-stock-suspension/6716615513.html,reno,1,1989,chevy,camaro,good,"8 cylinders",gas,,clean,automatic,,rwd,mid-size,hatchback,red,https://images.craigslist.org/00u0u_jvrkpvE5P7j_600x450.jpg,39.313035,-119.504084
https://reno.craigslist.org/cto/d/1994-ford-f250/6718625129.html,reno,1000,1994,ford,f250,,,gas,,clean,automatic,,,,,,https://images.craigslist.org/00h0h_dWUbP1wAIV_600x450.jpg,39.6412,-119.8735
https://reno.craigslist.org/cto/d/1990-toyota-pickup-22re-low/6705376542.html,reno,3400,1990,toyota,"",good,"4 cylinders",gas,136000,clean,manual,,rwd,,pickup,red,https://images.craigslist.org/00M0M_4N2M4fTKlAr_600x450.jpg,39.4703,-118.7861
https://reno.craigslist.org/cto/d/lifted-chevy/6711799571.html,reno,1,1997,chevy,"",,,gas,,clean,automatic,,,,,,https://images.craigslist.org/00w0w_8SozxC2xB70_600x450.jpg,39.3385,-120.1729
https://reno.craigslist.org/cto/d/2010-volkswagen-tiguan/6709456743.html,reno,8500,2010,volkswagen,tiguan,excellent,"4 cylinders",gas,96186,clean,automatic,wVGAV9AXXAW511358,fwd,mid-size,SUV,silver,https://images.craigslist.org/00s0s_2xH1xIOHRex_600x450.jpg,38.5981,-121.2153
https://reno.craigslist.org/cto/d/2005-subaru-baja-pickup/6718620977.html,reno,4000,2005,subaru,baja,,"4 cylinders",gas,240000,clean,automatic,,4wd,mid-size,pickup,blue,https://images.craigslist.org/00t0t_6aYnJJQCHG2_600x450.jpg,39.327192,-120.185741
https://reno.craigslist.org/cto/d/1997-chev-truck-long-bed-1-2/6718620669.html,reno,2000,1997,chevrolet,"1500 silverado",good,"8 cylinders",gas,142200,clean,automatic,,rwd,full-size,pickup,blue,https://images.craigslist.org/00v0v_gHYEAvv5WEJ_600x450.jpg,39.4972,-119.7764
https://reno.craigslist.org/cto/d/mk3-gti-vr6-5spd-excellent/6706581500.html,reno,5250,1998,vw,"golf gti",excellent,"6 cylinders",gas,159000,clean,manual,,fwd,,,red,https://images.craigslist.org/01515_c2kEVFqu7Ka_600x450.jpg,39.5354,-119.8374
https://reno.craigslist.org/cto/d/1992-dodge-dakota/6718618285.html,reno,2000,1992,dodge,dakota,good,"8 cylinders",gas,145000,clean,automatic,,rwd,mid-size,pickup,white,https://images.craigslist.org/00404_cpamO3fArRK_600x450.jpg,,
https://reno.craigslist.org/cto/d/rare-rolls-royce-1979-special/6716564869.html,reno,13500,1979,,"rolls royce silver shadow",,,gas,,clean,automatic,,,,,,https://images.craigslist.org/00000_cdYMi0v0gxz_600x450.jpg,33.7956,-118.0648
https://reno.craigslist.org/cto/d/mini-cooper-2008/6718616996.html,reno,5800,2008,mini,"cooper s",good,,gas,123500,rebuilt,automatic,WMWMF73538TV38084,fwd,,hatchback,grey,https://images.craigslist.org/00K0K_7Do4ld6UC8l_600x450.jpg,39.7224,-121.8113
https://reno.craigslist.org/cto/d/audi-a5-line-prestige/6715337954.html,reno,18500,2013,audi,a5,excellent,"4 cylinders",gas,97000,clean,automatic,WAUWFAFR2DA060105,4wd,,coupe,white,https://images.craigslist.org/00u0u_jOm0GTwZPmG_600x450.jpg,39.3809,-119.6859
https://reno.craigslist.org/cto/d/avalanchex4-z71/6718615967.html,reno,4500,2003,,Z71,good,"8 cylinders",gas,196000,clean,automatic,,4wd,,,white,https://images.craigslist.org/00g0g_154VOFsBQoI_600x450.jpg,39.663,-120.2297
https://reno.craigslist.org/cto/d/2015-toyota-prius-low-miles/6709435473.html,reno,10300,2015,toyota,prius,,,gas,,salvage,automatic,,,,,blue,https://images.craigslist.org/00C0C_3wGlaUr2cYk_600x450.jpg,39.5955,-119.7754
https://reno.craigslist.org/cto/d/ford-250-super-duty-4-wd-v8/6700219891.html,reno,7500,2004,ford,"f-250 super duty",excellent,"8 cylinders",diesel,,clean,automatic,,4wd,,truck,white,https://images.craigslist.org/00p0p_gHmr39wzGtQ_600x450.jpg,38.8703,-119.6115
https://reno.craigslist.org/cto/d/2006-jeep-grand-cherokee-srt8/6718613847.html,reno,12,2006,,"Premium Pkg",excellent,"8 cylinders",gas,,clean,automatic,,4wd,full-size,SUV,black,https://images.craigslist.org/00y0y_kHqdoux86ge_600x450.jpg,39.5249,-119.9031
https://reno.craigslist.org/cto/d/1992-dodge-dakota/6718613711.html,reno,2000,1992,dodge,dakota,good,"8 cylinders",gas,145000,clean,automatic,,rwd,mid-size,pickup,white,https://images.craigslist.org/00c0c_5hfjk4FXhcC_600x450.jpg,,
https://reno.craigslist.org/cto/d/2010-subaru-legacy-pzew/6716671331.html,reno,8,2010,subaru,"legacy awd pzve",excellent,"4 cylinders",gas,136957,clean,automatic,,4wd,full-size,sedan,,https://images.craigslist.org/00M0M_f0WcEEL5Z1t_600x450.jpg,39.5296,-119.8138
https://reno.craigslist.org/cto/d/2001-jeep-grand-cherokee/6716623558.html,reno,2700,2001,jeep,"grand cherokee",good,"6 cylinders",gas,249000,clean,automatic,,4wd,,SUV,white,https://images.craigslist.org/00E0E_gHemMSHz8Vq_600x450.jpg,39.697256,-119.97524
https://reno.craigslist.org/cto/d/2015-bmw-650i-sport-gran/6712732599.html,reno,34999,2015,bmw,"650i gran coupe","like new","8 cylinders",gas,18000,salvage,automatic,,rwd,full-size,sedan,blue,https://images.craigslist.org/00u0u_l1ACbadwQv8_600x450.jpg,39.5955,-119.7754
https://reno.craigslist.org/cto/d/2006-scion-xa/6718607536.html,reno,3700,2006,toyota,"scion xa",good,"4 cylinders",gas,130000,clean,automatic,JTKKT624X65003401,fwd,compact,hatchback,grey,https://images.craigslist.org/00C0C_6VISNTOe8Hu_600x450.jpg,39.1507,-119.7459
https://reno.craigslist.org/cto/d/2005-freightliner-2-24-box/6700763327.html,reno,14000,2005,,"Freightliner M-2",good,"6 cylinders",diesel,,clean,manual,,rwd,,truck,white,https://images.craigslist.org/00S0S_fHsyCCGKYk3_600x450.jpg,39.4972,-119.7764
https://reno.craigslist.org/cto/d/1952-plymouth/6718605028.html,reno,600,1952,,"Plymouth Cranbrook",,,gas,,clean,other,,,,,,https://images.craigslist.org/00k0k_9e56iHvXn49_600x450.jpg,38.5673,-121.5516
https://reno.craigslist.org/cto/d/1991-dodge-d350-dually/6710962862.html,reno,19500,1990,dodge,d350,,,diesel,195000,clean,automatic,,,,,,https://images.craigslist.org/00p0p_dygcnmSthj2_600x450.jpg,42.1919,-121.7241
https://reno.craigslist.org/cto/d/2001-dodge-ram-turbo-diesel/6718589277.html,reno,6900,2001,ram,"",,,diesel,,clean,automatic,,,,,,https://images.craigslist.org/00707_16CdUK1xxgm_600x450.jpg,39.5955,-119.7754
https://reno.craigslist.org/cto/d/2005-f250-4x4-lariat/6701271527.html,reno,12000,2005,ford,f250,excellent,"10 cylinders",gas,,clean,automatic,,4wd,full-size,truck,grey,https://images.craigslist.org/00Z0Z_PqP3N7k5dn_600x450.jpg,39.5955,-119.7754
https://reno.craigslist.org/cto/d/2004-toyota-highlander/6715205403.html,reno,4500,2004,toyota,highlander,,,gas,,clean,automatic,,,,,,https://images.craigslist.org/00404_2SO7BGRrOEb_600x450.jpg,39.5354,-119.8374
https://reno.craigslist.org/cto/d/1992-pontiac-firebird/6718595436.html,reno,2500,1992,pontiac,firbird,fair,"6 cylinders",gas,159000,clean,manual,,rwd,,coupe,white,https://images.craigslist.org/00o0o_cMKfanDt0Ye_600x450.jpg,40.071016,-118.488876
https://reno.craigslist.org/cto/d/2004-toyota-camry/6718592158.html,reno,3000,2004,toyota,camry,good,,gas,,clean,automatic,,fwd,,sedan,,https://images.craigslist.org/00E0E_fbSJtgdqgac_600x450.jpg,39.2401,-120.0233
https://reno.craigslist.org/cto/d/clean-nice-yukon/6718591899.html,reno,4800,2005,gmc,"1500 yukon xl",good,"8 cylinders",gas,222676,clean,automatic,,4wd,full-size,SUV,white,https://images.craigslist.org/00505_c04rSArCi2b_600x450.jpg,39.1507,-119.7459
https://reno.craigslist.org/cto/d/1968-vw-bus-volkswagen/6713376216.html,reno,9800,1968,vw,bus,"like new","4 cylinders",gas,,clean,manual,,rwd,,,,https://images.craigslist.org/00O0O_b2NG8EhEA8L_600x450.jpg,39.556872,-119.791001
https://reno.craigslist.org/cto/d/1971-vw-karmann-ghia/6704065440.html,reno,4300,1971,vw,"karmann ghia","like new","4 cylinders",gas,,clean,manual,,rwd,,,,https://images.craigslist.org/00L0L_dCFYbgF3OmG_600x450.jpg,39.5354,-119.8374
https://reno.craigslist.org/cto/d/2004-ford-350/6718590821.html,reno,1000,2004,ford,"f-350 super duty",salvage,,diesel,,clean,automatic,,,,,white,https://images.craigslist.org/00H0H_hgynd1gmxCq_600x450.jpg,39.52012,-119.736814
https://reno.craigslist.org/cto/d/2011-gmc-sierra-1500/6718590260.html,reno,18500,2011,gmc,"1500 sierra",excellent,"8 cylinders",gas,91850,clean,automatic,1GTR2VE39BZ388698,4wd,full-size,pickup,white,https://images.craigslist.org/00w0w_524tn3iB1Di_600x450.jpg,39.159351,-119.77037
https://reno.craigslist.org/cto/d/dodge-ram-2500/6718586543.html,reno,4600,2000,ram,2500,excellent,"10 cylinders",gas,136,clean,automatic,,4wd,mid-size,truck,black,https://images.craigslist.org/00y0y_cVXR4zSauPe_600x450.jpg,39.1507,-119.7459
https://reno.craigslist.org/cto/d/2001-mercedes-s500-designo/6718585872.html,reno,3700,2001,mercedes,s500,,"8 cylinders",gas,87600,clean,automatic,,rwd,,,,https://images.craigslist.org/00t0t_1uo5oa4LJXT_600x450.jpg,40.16838,-118.526001
https://reno.craigslist.org/cto/d/01-gmc-yukon-xl-1500/6716241135.html,reno,1100,2001,gmc,"1500 yukon xl",fair,"8 cylinders",gas,,clean,automatic,,rwd,,,,https://images.craigslist.org/00E0E_fgDxLQ6Mf1z_600x450.jpg,39.2025,-119.7526
https://reno.craigslist.org/cto/d/2005-toyota-tacoma-4x4-trd/6716420049.html,reno,9999,2005,toyota,"tacoma 4x4",,,gas,,clean,manual,,,,,,https://images.craigslist.org/00O0O_d5kr23fq0yY_600x450.jpg,38.4689,-121.344
https://reno.craigslist.org/cto/d/1988/6718581679.html,reno,4500,1988,jeep,"",good,"4 cylinders",gas,,clean,manual,,4wd,,,blue,https://images.craigslist.org/00t0t_2pkMXEAtypC_600x450.jpg,38.8703,-119.6115
https://reno.craigslist.org/cto/d/foot-box-truck/6695615785.html,reno,31500,2012,ford,"f550 xlt",excellent,"10 cylinders",gas,86840,clean,automatic,1FDUF5GY1CEC73993,rwd,full-size,other,white,https://images.craigslist.org/00A0A_9hYiA0jQA9Q_600x450.jpg,38.9866,-119.1596
https://reno.craigslist.org/cto/d/2012-infiniti-qx56-loaded/6716830477.html,reno,32500,2012,infiniti,qx56,excellent,"8 cylinders",gas,78800,clean,automatic,,4wd,full-size,SUV,grey,https://images.craigslist.org/00s0s_4ZhlE8VgjnX_600x450.jpg,39.395295,-119.894939
https://reno.craigslist.org/cto/d/1998-ford-explorer-4wd/6708508090.html,reno,1100,1998,ford,explorer,good,"6 cylinders",gas,,clean,automatic,,4wd,,,,https://images.craigslist.org/00505_939sIce6ee2_600x450.jpg,39.1355,-119.7588
https://reno.craigslist.org/cto/d/98-chevy-camaro-rs/6718577111.html,reno,1,1998,chevrolet,camaro,fair,"6 cylinders",gas,190000,"parts only",automatic,,rwd,compact,coupe,red,https://images.craigslist.org/00e0e_5FFhVKwulyY_600x450.jpg,39.653665,-119.881114
https://reno.craigslist.org/cto/d/2009-bmw-x5-sport-pkg-low/6706768392.html,reno,15499,2009,bmw,"x5 4.8i",excellent,"8 cylinders",gas,97000,clean,automatic,,4wd,full-size,SUV,white,https://images.craigslist.org/00B0B_4hiY99CDDvX_600x450.jpg,39.54297,-119.820328
https://reno.craigslist.org/cto/d/1969-chevy-el-camino/6698181670.html,reno,20000,1969,chevy,"el camino",good,"8 cylinders",gas,,clean,automatic,,rwd,,,red,https://images.craigslist.org/00M0M_imwXjRmNsGf_600x450.jpg,39.4703,-118.7861
https://reno.craigslist.org/cto/d/2011-bmw-325i-xdrive-all/6718573204.html,reno,8,2011,bmw,"325i xdrive awd",excellent,"6 cylinders",gas,143520,clean,automatic,,4wd,full-size,sedan,white,https://images.craigslist.org/00808_Lqglr0zybh_600x450.jpg,39.5483,-119.7957
https://reno.craigslist.org/cto/d/porsche-944-racecar/6715141264.html,reno,17000,1986,,"porsche 944",,,gas,,clean,manual,,,,,,https://images.craigslist.org/00u0u_fEJ3ZVDycW3_600x450.jpg,39.5955,-119.7754
https://reno.craigslist.org/cto/d/jeep-wrangler/6718571150.html,reno,11700,2003,jeep,wrangler,"like new","6 cylinders",gas,,clean,automatic,,4wd,compact,,orange,https://images.craigslist.org/00g0g_8WX0AzxbLnR_600x450.jpg,39.5473,-119.7556
https://reno.craigslist.org/cto/d/1984-ford-8000-dump-truck/6695052023.html,reno,5600,1984,ford,"",good,"8 cylinders",diesel,,clean,manual,,rwd,,,,https://images.craigslist.org/00b0b_23JcAGnhpBN_600x450.jpg,39.2025,-119.7526
https://reno.craigslist.org/cto/d/2013-mercedes-c250/6718562480.html,reno,19000,2013,mercedes,c250,"like new",,gas,39823,clean,automatic,,,,sedan,grey,https://images.craigslist.org/00Y0Y_51XCnyIga4D_600x450.jpg,39.1806,-120.1445
https://reno.craigslist.org/cto/d/red-1997-chevrolet-venture/6718562269.html,reno,2000,1997,chevrolet,venture,excellent,"6 cylinders",gas,157000,clean,automatic,,fwd,full-size,van,red,https://images.craigslist.org/00O0O_gevbBYInVBl_600x450.jpg,39.5473,-119.7556
https://reno.craigslist.org/ctd/d/2013-chevrolet-silveradobelow/6718564127.html,reno,30480,2013,chevrolet,"silverado 1500",,,,50402,clean,,3GCPKTE78DG306204,,,,,https://images.craigslist.org/00J0J_5CWm25mRasV_600x450.jpg,39.517905,-119.774564
https://reno.craigslist.org/cto/d/1999-dodge-durango/6718561464.html,reno,3272,1999,dodge,"durango slt 4wd",good,"8 cylinders",gas,214387,clean,automatic,,4wd,mid-size,SUV,grey,https://images.craigslist.org/00m0m_3yUsS9oVeBF_600x450.jpg,39.5473,-119.7556
https://reno.craigslist.org/ctd/d/2005-hyundai-tucson/6718562767.html,reno,3800,2005,hyundai,"tucson gls",,,gas,,clean,automatic,,,,,,https://images.craigslist.org/00p0p_fdFNxLVK6ZA_600x450.jpg,39.5473,-119.7556
https://reno.craigslist.org/cto/d/2004-pontiac-gto/6718558725.html,reno,13500,2004,pontiac,gto,excellent,"8 cylinders",gas,,clean,manual,,rwd,,,silver,https://images.craigslist.org/00j0j_3MvZvjx1DJV_600x450.jpg,38.903436,-119.825363
https://reno.craigslist.org/cto/d/2016-tesla-model-6-passenger/6709814014.html,reno,73500,2016,,"Tesla Model X 6 Passenger AWD","like new",,electric,18000,clean,automatic,,4wd,,,silver,https://images.craigslist.org/00X0X_9w8LLkqAJ54_600x450.jpg,39.3385,-120.1729
https://reno.craigslist.org/cto/d/ram-2500-laramie-crew-cab-4x4/6718550226.html,reno,44000,2013,ram,"2500 laramie","like new","6 cylinders",diesel,,clean,automatic,,4wd,full-size,truck,white,https://images.craigslist.org/01414_kmyS9oxv2kd_600x450.jpg,39.498,-119.8239
https://reno.craigslist.org/cto/d/1997-jeep-cherokee-sport-5/6718544476.html,reno,1800,1997,jeep,"cherokee sport",good,"6 cylinders",gas,195,clean,automatic,,4wd,compact,SUV,blue,https://images.craigslist.org/00j0j_lNPUEYEjlWv_600x450.jpg,39.6412,-119.8735
https://reno.craigslist.org/ctd/d/2018-chevrolet-suburban-lt/6718545293.html,reno,43989,2018,chevrolet,suburban,,"8 cylinders",gas,38490,clean,automatic,1GNSKHKC6JR103095,4wd,,SUV,silver,https://images.craigslist.org/00d0d_4EtKbVqgSRr_600x450.jpg,39.46243,-119.78312
https://reno.craigslist.org/cto/d/ford-expedition-xlt-4x4-4wd/6708050213.html,reno,1500,1999,ford,expedition,good,"8 cylinders",gas,235000,clean,automatic,,4wd,,SUV,green,https://images.craigslist.org/00P0P_LjrU30VvW9_600x450.jpg,39.79288,-119.919547
https://reno.craigslist.org/cto/d/2002-ford-escape/6718541261.html,reno,3000,2002,ford,escape,excellent,"6 cylinders",gas,195000,clean,automatic,,4wd,mid-size,SUV,grey,https://images.craigslist.org/01717_7xEHUHetotu_600x450.jpg,39.6412,-119.8735
https://reno.craigslist.org/ctd/d/2001-toyota-highlander-awd/6718542664.html,reno,3800,2001,toyota,highlander,,,gas,,clean,automatic,,,,,,https://images.craigslist.org/00r0r_glLaQ7hAxOT_600x450.jpg,39.5473,-119.7556
https://reno.craigslist.org/cto/d/1980-toyota-2wd-truck/6706370036.html,reno,2500,1980,toyota,"truck pick up",good,"4 cylinders",gas,,clean,manual,,rwd,compact,,white,https://images.craigslist.org/00G0G_iWkb7Kuh8P1_600x450.jpg,39.222812,-119.63356
https://reno.craigslist.org/cto/d/2006-pontiac-torrent-4x4/6700670292.html,reno,4000,2006,pontiac,torrent,good,"6 cylinders",gas,190,clean,automatic,,4wd,,,blue,https://images.craigslist.org/00J0J_5K6mbTOxKIi_600x450.jpg,39.2401,-120.0233
https://reno.craigslist.org/cto/d/pt-cruiser/6718536475.html,reno,4000,2010,,"PT Cruiser 2010",,,gas,,clean,manual,,,,,,https://images.craigslist.org/00K0K_dutU49U22Op_600x450.jpg,39.5473,-119.7556
https://reno.craigslist.org/cto/d/2003-toyota-tundra-4x4/6718534779.html,reno,13000,2003,toyota,"tundra 4wd truck",good,"8 cylinders",gas,110,clean,automatic,,4wd,,,brown,https://images.craigslist.org/00O0O_1vCQ0OgBux6_600x450.jpg,39.2401,-120.0233
https://reno.craigslist.org/cto/d/2017-ford-raptor-600hp/6708546365.html,reno,79999,2017,ford,"f-150 raptor","like new","6 cylinders",gas,19000,clean,automatic,,4wd,full-size,pickup,black,https://images.craigslist.org/00808_lRUDVPJvoj5_600x450.jpg,39.5955,-119.7754
https://reno.craigslist.org/cto/d/97-subaru/6718532618.html,reno,600,1997,subaru,"legacy gt",,,gas,,clean,automatic,,,,,,https://images.craigslist.org/00101_8M7w0dicvqI_600x450.jpg,39.1507,-119.7459
https://reno.craigslist.org/ctd/d/2017-ford-focus-se/6718534658.html,reno,15988,2017,ford,focus,,,other,38635,clean,automatic,1FADP3K29HL223912,,compact,hatchback,,https://images.craigslist.org/00A0A_3wUS5XWFcz1_600x450.jpg,39.49115,-119.790321
https://reno.craigslist.org/cto/d/1972-ford-mustang-351-fmx/6718531287.html,reno,15000,1972,ford,mustang,excellent,"8 cylinders",gas,,clean,automatic,,rwd,mid-size,coupe,silver,https://images.craigslist.org/00v0v_7vOnUkCSLj_600x450.jpg,39.404811,-119.742767
https://reno.craigslist.org/cto/d/2006-mercedes-benz/6718529484.html,reno,4900,2006,mercedes,"benz e350",excellent,"6 cylinders",gas,185008,clean,automatic,WDBUF56J66A951267,,full-size,sedan,silver,https://images.craigslist.org/00z0z_gl7GIUQBdTp_600x450.jpg,39.4972,-119.7764
https://reno.craigslist.org/ctd/d/2013-cadillac-cts-only-33k/6718533512.html,reno,22980,2013,cadillac,cts,,,,32120,clean,,1G6DS5E37D0168965,,,,,https://images.craigslist.org/00f0f_iLVTQ0iSccx_600x450.jpg,39.517905,-119.774564
https://reno.craigslist.org/ctd/d/2015-subaru-xv-crosstrek-20i/6718530869.html,reno,20995,2015,subaru,"xv crosstrek",,"4 cylinders",gas,35311,clean,automatic,JF2GPAPC3F8217635,4wd,,SUV,black,https://images.craigslist.org/01717_6UN17gPKAqJ_600x450.jpg,39.50129,-119.7879
https://reno.craigslist.org/cto/d/2006-land-rover-lr3-se/6696016752.html,reno,5000,2006,rover,lr3,excellent,"8 cylinders",gas,204000,salvage,automatic,,4wd,full-size,SUV,black,https://images.craigslist.org/01010_fzF02bYqPuS_600x450.jpg,38.5662,-121.3286
https://reno.craigslist.org/cto/d/07-toyota-highlander-hybrid/6716819223.html,reno,7000,2007,toyota,"",,,gas,,clean,automatic,,,,,,https://images.craigslist.org/00W0W_j1ANuuDqu21_600x450.jpg,39.6269,-119.7081
https://reno.craigslist.org/cto/d/1978-rolls-royce-silver-wraith/6710943368.html,reno,1,1978,,"Rolls Royce  Silver Wraith",excellent,"8 cylinders",gas,170,clean,automatic,,rwd,full-size,sedan,custom,https://images.craigslist.org/00n0n_6s26r9ZUTFy_600x450.jpg,39.5473,-119.7556
https://reno.craigslist.org/cto/d/2003-dodge-ramdoor-345/6711708889.html,reno,1,2003,ram,"1500 4x4",excellent,"8 cylinders",gas,143,clean,automatic,,4wd,full-size,pickup,silver,https://images.craigslist.org/01313_avTHiHGEzyD_600x450.jpg,39.5473,-119.7556
https://reno.craigslist.org/cto/d/4x4-ford/6713606459.html,reno,3600,1997,ford,"f150 4x4",good,"8 cylinders",gas,213,clean,automatic,,4wd,,,red,https://images.craigslist.org/00m0m_rajCxLdTCx_600x450.jpg,39.2401,-120.0233
https://reno.craigslist.org/cto/d/lincoln-mark-lt-leather-seats/6700681673.html,reno,10500,2006,lincoln,"mark lt",good,"8 cylinders",gas,168,clean,automatic,,4wd,,,black,https://images.craigslist.org/00707_hgGjAdrQBOK_600x450.jpg,39.2401,-120.0233
https://reno.craigslist.org/cto/d/f250-ford-truck-xlt-diesel/6718521930.html,reno,16500,2000,ford,"250 xlt diesel",excellent,"8 cylinders",diesel,80500,clean,automatic,1FTNX20F9YEE42176,rwd,full-size,truck,white,https://images.craigslist.org/00u0u_ipy4mr5lMEo_600x450.jpg,40.547,-122.34
https://reno.craigslist.org/cto/d/2013-jeep-rubicon/6714439136.html,reno,26500,2013,jeep,"wrangler rubicon 4wd",excellent,,gas,,clean,automatic,,4wd,,SUV,custom,https://images.craigslist.org/00O0O_em3wpkWXPbu_600x450.jpg,39.490794,-119.70892
https://reno.craigslist.org/cto/d/2005-dodge-cummins-6-speed/6718513805.html,reno,18000,2005,dodge,2500,good,"6 cylinders",diesel,150000,clean,manual,,4wd,full-size,pickup,black,https://images.craigslist.org/00l0l_5RiXAMJq2zq_600x450.jpg,39.395295,-119.894939
https://reno.craigslist.org/cto/d/ford-powerstroke/6712429336.html,reno,10900,2004,ford,"f250 super duty",excellent,"8 cylinders",diesel,200000,clean,automatic,,4wd,full-size,pickup,white,https://images.craigslist.org/00h0h_68XqT5eL1t3_600x450.jpg,39.4972,-119.7764
https://reno.craigslist.org/cto/d/2005-chevy-silverado-4x4/6718513087.html,reno,3500,2005,chevrolet,"1500 silverado",good,"8 cylinders",gas,340000,clean,automatic,,4wd,full-size,truck,white,https://images.craigslist.org/00A0A_c2L74DbVSmu_600x450.jpg,39.6269,-119.7081
https://reno.craigslist.org/cto/d/subaru/6718512378.html,reno,5000,2005,subaru,legacy,,,gas,,clean,automatic,,4wd,,,silver,https://images.craigslist.org/00y0y_di6YwIuNCSi_600x450.jpg,37.98882,-120.380898
https://reno.craigslist.org/ctd/d/2010-chevrolet-suburban-2500/6718514033.html,reno,27995,2010,chevrolet,"suburban 2500","like new","8 cylinders",gas,58825,clean,automatic,1GNZKLEG3AR268716,4wd,,SUV,white,https://images.craigslist.org/00e0e_lYCcmZISQ0U_600x450.jpg,38.5539,-121.3693
https://reno.craigslist.org/cto/d/selling-toyota-solara/6718509908.html,reno,3200,2003,toyota,"camry solara convertible",good,"6 cylinders",gas,148000,clean,automatic,2t1ff28p53c607141,,,convertible,white,https://images.craigslist.org/00H0H_aTLmgKWrs3A_600x450.jpg,39.5473,-119.7556
https://reno.craigslist.org/cto/d/lexus-rx/6693625892.html,reno,3499,1999,lexus,"300 rx",good,"4 cylinders",gas,192607,clean,automatic,JT6GF1OU5X0034152,,,,black,https://images.craigslist.org/00303_2NQ0kTqaWRb_600x450.jpg,39.2564,-119.9464
https://reno.craigslist.org/cto/d/all-wheel-drive-2004-toyota/6718502004.html,reno,10,2004,toyota,"4runner sport awd",excellent,"8 cylinders",gas,90815,clean,automatic,JTEBT14RX40030476,4wd,full-size,SUV,black,https://images.craigslist.org/00Z0Z_1T7lnucm2DP_600x450.jpg,39.5483,-119.7957
https://reno.craigslist.org/cto/d/92-chev-pick-up-truck-2wd/6718503926.html,reno,2200,1992,chev,"1500 pick up truck",good,"6 cylinders",gas,165155,clean,automatic,,rwd,full-size,pickup,yellow,https://images.craigslist.org/00j0j_Z3wh9vga7V_600x450.jpg,39.4847,-119.7896
https://reno.craigslist.org/cto/d/minivan/6718503712.html,reno,3000,2007,dodge,"grand caravan passenger",excellent,"6 cylinders",gas,182000,clean,automatic,,fwd,full-size,mini-van,white,https://images.craigslist.org/00f0f_57yjcyHuIXx_600x450.jpg,39.5955,-119.7754
https://reno.craigslist.org/cto/d/2006-bmw-330-xi/6713861060.html,reno,6500,2006,bmw,"330 xi",,,gas,,clean,automatic,,,,,,https://images.craigslist.org/00t0t_4MENiwQoDPg_600x450.jpg,39.497569,-119.754441
https://ksu.craigslist.org/cto/d/selling-1995-chevy-c1500-ext/6714484661.html,ksu,1000,1995,chevy,1500,fair,"8 cylinders",gas,320000,clean,manual,,rwd,full-size,pickup,red,https://images.craigslist.org/01717_2X6olZknshc_600x450.jpg,39.0299,-96.8396
https://ksu.craigslist.org/cto/d/2004-acura-mdx-touring/6711011384.html,ksu,4950,2004,acura,mdx,good,"6 cylinders",gas,157000,clean,automatic,,,full-size,SUV,white,https://images.craigslist.org/00l0l_bvQCOwjBf4v_600x450.jpg,39.179789,-96.573567
https://ksu.craigslist.org/cto/d/1997-ford-250-sd-xlt-clean/6718514301.html,ksu,1500,1997,ford,"f-250 sd",excellent,"8 cylinders",diesel,,clean,automatic,,4wd,full-size,truck,white,https://images.craigslist.org/00808_kvkBGMlCdVf_600x450.jpg,39.665164,-96.44451
https://ksu.craigslist.org/cto/d/1999-silverado-regular-cab/6716711906.html,ksu,3000,1999,chevy,silverado,good,"8 cylinders",gas,150000,clean,manual,,rwd,full-size,pickup,white,https://images.craigslist.org/00s0s_j4PRifbgHxf_600x450.jpg,39.202146,-96.555286
https://ksu.craigslist.org/cto/d/1991-chevy-silverado-k1500/6718498421.html,ksu,2500,1991,chevy,1500,excellent,"8 cylinders",gas,137000,clean,manual,,4wd,,truck,blue,https://images.craigslist.org/00p0p_8eAUmIf3Aef_600x450.jpg,39.349176,-96.768017
https://ksu.craigslist.org/cto/d/2007-bmw-328xi-all-wheel-drive/6718437159.html,ksu,7000,2007,bmw,328xi,excellent,"6 cylinders",gas,122000,rebuilt,automatic,,4wd,mid-size,sedan,silver,https://images.craigslist.org/00v0v_cKLcjDHHHns_600x450.jpg,39.181059,-96.575764
https://ksu.craigslist.org/cto/d/2005-chevy-malibu/6716798167.html,ksu,3500,2005,chevrolet,"",good,"6 cylinders",gas,,clean,automatic,,fwd,,,silver,https://images.craigslist.org/00I0I_9B8FaYdEbdI_600x450.jpg,39.21,-96.3153
https://ksu.craigslist.org/cto/d/94-chevy-silveradoobo/6710923081.html,ksu,600,1994,chevrolet,"1500 silverado",,"6 cylinders",gas,284668,clean,automatic,,rwd,,truck,blue,https://images.craigslist.org/00t0t_axCku659oqn_600x450.jpg,39.0299,-96.8396
https://ksu.craigslist.org/cto/d/2010-f150-xl/6718425705.html,ksu,4999,2010,ford,"f150 xl",good,"8 cylinders",gas,261000,clean,automatic,,rwd,full-size,truck,white,https://images.craigslist.org/00b0b_lg1ZXNtaELg_600x450.jpg,39.1938,-96.5858
https://ksu.craigslist.org/cto/d/2010-jeep-wrangler-sport/6718415087.html,ksu,15500,2010,jeep,"wrangler 4wd 2dr sport",good,"6 cylinders",gas,110000,lien,manual,,4wd,,SUV,black,https://images.craigslist.org/00R0R_hcZ0m0rZKeQ_600x450.jpg,39.087725,-96.762514
https://ksu.craigslist.org/ctd/d/2004-chevrolet-chevy/6718412540.html,ksu,4995,2004,chevrolet,trailblazer,,,other,190000,clean,automatic,1GNET16S446202460,4wd,,SUV,black,https://images.craigslist.org/00M0M_ivHlqNTLt4l_600x450.jpg,39.231594,-95.534103
https://ksu.craigslist.org/ctd/d/2011-ford-150-fxlt-4x4-4dr/6718412504.html,ksu,19995,2011,ford,f-150,,,other,90000,clean,automatic,1FTFW1EF1BFD11657,4wd,,pickup,,https://images.craigslist.org/00O0O_e5WiZHYndlz_600x450.jpg,39.231594,-95.534103
https://ksu.craigslist.org/ctd/d/2007-mercury-mountaineer/6718412455.html,ksu,5995,2007,mercury,mountaineer,,,other,160000,clean,automatic,4M2EU48807UJ03508,,,SUV,black,https://images.craigslist.org/00O0O_8dy5RNiPmmH_600x450.jpg,39.231594,-95.534103
https://ksu.craigslist.org/ctd/d/2015-ford-150-fxlt-4x4-4dr/6718412464.html,ksu,20995,2015,ford,f-150,,,other,140000,clean,automatic,1FTFW1EF9FKE44390,4wd,,pickup,silver,https://images.craigslist.org/00a0a_gzqKbsRhNqt_600x450.jpg,39.231594,-95.534103
https://ksu.craigslist.org/cto/d/2004-chevrolet-suburbanx4/6718354708.html,ksu,6000,2004,chevrolet,"suburban 2500",good,"8 cylinders",gas,137650,clean,automatic,,4wd,full-size,SUV,brown,https://images.craigslist.org/00a0a_dUKW3cVtaKx_600x450.jpg,39.2458,-96.6336
https://ksu.craigslist.org/cto/d/2004-f150-4x4/6718346594.html,ksu,6800,2004,ford,f-150,excellent,"10 cylinders",gas,162000,clean,automatic,,4wd,full-size,truck,brown,https://images.craigslist.org/00h0h_7RzXVEqIuSa_600x450.jpg,39.839935,-97.009964
https://ksu.craigslist.org/cto/d/tires-rear-performance-2016/6710145422.html,ksu,18300,2016,acura,mdx,,,gas,,clean,automatic,,,,,,https://images.craigslist.org/00y0y_1UWfTzTZK5T_600x450.jpg,39.0619,-96.7873
https://ksu.craigslist.org/cto/d/1976-corvette-stingray/6718303002.html,ksu,8900,1976,chevrolet,"corvette stingray 2dr",good,"8 cylinders",gas,100050,clean,automatic,,rwd,mid-size,other,red,https://images.craigslist.org/00s0s_bryFJ2Txg9x_600x450.jpg,39.567854,-97.276571
https://ksu.craigslist.org/cto/d/2015-chevy-camaro-2lt-low/6704327431.html,ksu,18400,2015,chevy,"camaro 2lt",excellent,"6 cylinders",gas,51,rebuilt,automatic,,,,coupe,white,https://images.craigslist.org/00x0x_8kPjlK9U4Sl_600x450.jpg,40.842194,-96.732917
https://ksu.craigslist.org/cto/d/1990-mazda-miata/6718201918.html,ksu,2300,1990,mazda,"miata mx-5",good,"4 cylinders",gas,,rebuilt,manual,,rwd,compact,convertible,red,https://images.craigslist.org/00s0s_kkT5AT6Gqpv_600x450.jpg,39.1938,-96.5858
https://ksu.craigslist.org/cto/d/2008-ford-150-lariat/6718173583.html,ksu,15900,2008,ford,"f150 lariat",excellent,"8 cylinders",gas,90000,clean,automatic,,4wd,full-size,truck,custom,https://images.craigslist.org/01010_9kd9SIzGrBD_600x450.jpg,39.6847,-97.0854
https://ksu.craigslist.org/cto/d/2011-toyota-tacoma/6718162430.html,ksu,13000,2011,toyota,tacoma,excellent,"4 cylinders",gas,124000,clean,automatic,5TFTX4CN3BX005226,,,truck,brown,https://images.craigslist.org/00404_jyLV9ukSXNQ_600x450.jpg,39.136501,-96.89264
https://ksu.craigslist.org/cto/d/1993-chevy-silverado-4x4/6702462747.html,ksu,4000,1993,chevy,"silverado 1500",,"8 cylinders",gas,,clean,automatic,,4wd,full-size,,,https://images.craigslist.org/00S0S_9VZNIizHZ1c_600x450.jpg,39.1938,-96.5858
https://ksu.craigslist.org/cto/d/2000-chevy-s10-extended-cab/6711394170.html,ksu,2800,2000,chevy,s10,good,"4 cylinders",gas,140788,clean,automatic,,rwd,compact,pickup,red,https://images.craigslist.org/00C0C_9IEwe8ceXqW_600x450.jpg,39.1938,-96.5858
https://ksu.craigslist.org/cto/d/2006-chevy-hhr/6706662231.html,ksu,2500,2006,chevy,hhr,good,"4 cylinders",gas,121000,clean,automatic,,fwd,mid-size,sedan,silver,https://images.craigslist.org/00Z0Z_cRTIuGCtOud_600x450.jpg,38.9371,-97.2063
https://ksu.craigslist.org/cto/d/g37s-coupe-selling-as-is-cash/6718105374.html,ksu,8300,2008,infiniti,"g37s coupe",fair,"6 cylinders",gas,130000,clean,manual,,rwd,,coupe,blue,https://images.craigslist.org/00i0i_agxvitdRgfF_600x450.jpg,39.1938,-96.5858
https://ksu.craigslist.org/cto/d/1995-fx4/6718084493.html,ksu,3500,1995,ford,f250,fair,"8 cylinders",diesel,311000,clean,manual,,4wd,full-size,truck,red,https://images.craigslist.org/00606_cXUKizt3bFC_600x450.jpg,39.0619,-96.7873
https://ksu.craigslist.org/cto/d/2005-chevrolet-2500hd-4wd/6694092932.html,ksu,8950,2005,chevrolet,"silverado 2500 hd",good,"8 cylinders",gas,,clean,automatic,,4wd,,,red,https://images.craigslist.org/01515_39W1xVJ5NOy_600x450.jpg,39.379664,-97.124462
https://ksu.craigslist.org/cto/d/2010-chevy-colorado-extended/6695814168.html,ksu,5000,2010,chevy,colorado,excellent,"4 cylinders",gas,145000,clean,manual,,rwd,mid-size,pickup,white,https://images.craigslist.org/00O0O_94TdJaHjZ2A_600x450.jpg,39.2108,-96.4345
https://ksu.craigslist.org/cto/d/2004-ford-excursion-xlt/6717989672.html,ksu,6000,2004,ford,excursion,,"8 cylinders",gas,,clean,automatic,,4wd,,,,https://images.craigslist.org/00I0I_1K9DdI6Bbn9_600x450.jpg,38.3554,-97.0204
https://ksu.craigslist.org/ctd/d/2012-ford-fusion-sel-as-low/6717970080.html,ksu,14495,2012,ford,fusion,excellent,other,gas,109853,clean,automatic,3FAHP0JG6CR277224,fwd,,sedan,blue,https://images.craigslist.org/00606_gEQJs44cFBi_600x450.jpg,39.015929,-95.680264
https://ksu.craigslist.org/cto/d/2002-chevy-corvette/6709687652.html,ksu,14495,2002,chevrolet,corvette,,"8 cylinders",gas,84600,rebuilt,manual,1g1yy22g325133481,rwd,,coupe,black,https://images.craigslist.org/00C0C_hBzLZkhlD4h_600x450.jpg,39.173544,-96.590554
https://ksu.craigslist.org/cto/d/ford-transit-van-seats/6703853113.html,ksu,300,2017,ford,transit,,,gas,,clean,automatic,,,,,,https://images.craigslist.org/00000_8on8AhPZ5q2_600x450.jpg,39.1451,-95.9553
https://ksu.craigslist.org/cto/d/t-cruiser/6717887872.html,ksu,3000,2006,chrysler,"touring edition","like new","4 cylinders",gas,120800,clean,manual,,fwd,compact,SUV,blue,https://images.craigslist.org/00F0F_j4oqbtD0v6Y_600x450.jpg,38.3936,-98.7751
https://ksu.craigslist.org/cto/d/2006-nissan-frontier-4x4-v6/6705976140.html,ksu,5500,2006,nissan,frontier,fair,,gas,176000,clean,manual,,,,,,https://images.craigslist.org/00l0l_jMp38ElI8aa_600x450.jpg,38.476781,-95.475128
https://ksu.craigslist.org/cto/d/2010-jeep-commanderr-low/6694630518.html,ksu,10500,2010,jeep,comander,excellent,"6 cylinders",gas,70000,clean,automatic,1J4RH4GK7AC125490,fwd,full-size,SUV,black,https://images.craigslist.org/00M0M_1XF9TS0i3pf_600x450.jpg,39.2458,-96.6336
https://ksu.craigslist.org/cto/d/2008-jeep-4x4/6700690564.html,ksu,7000,2008,jeep,"",,,gas,,clean,automatic,,,,,,https://images.craigslist.org/00j0j_dXJf1yvQl4w_600x450.jpg,38.704218,-97.43023
https://ksu.craigslist.org/cto/d/2002-dodge-raml-magnum/6717719788.html,ksu,5500,2002,ram,"1500 sport",excellent,"8 cylinders",gas,125200,clean,automatic,,rwd,,pickup,silver,https://images.craigslist.org/00X0X_jXMckvSTF7F_600x450.jpg,39.191659,-96.569824
https://ksu.craigslist.org/cto/d/international-4400/6717684900.html,ksu,27000,2003,,2003,excellent,"6 cylinders",diesel,330000,clean,manual,,fwd,,,grey,https://images.craigslist.org/00M0M_4gWgvPvAV2g_600x450.jpg,30.4421,-97.6299
https://ksu.craigslist.org/cto/d/camry-2000/6717658131.html,ksu,1800,2000,,"Camry LE",good,"4 cylinders",gas,185000,clean,automatic,,fwd,mid-size,sedan,black,https://images.craigslist.org/00f0f_9IzBDJroNN7_600x450.jpg,39.189697,-96.57243
https://ksu.craigslist.org/cto/d/1973-plymouth-barracuda/6717624956.html,ksu,19500,1973,,"plymouth barracuda",,"8 cylinders",gas,55800,clean,automatic,,,,,,https://images.craigslist.org/00606_6yvuGP4E4SJ_600x450.jpg,37.7639,-97.4269
https://ksu.craigslist.org/cto/d/ford-350-diesel/6717581747.html,ksu,5500,1997,ford,f-350,good,"8 cylinders",diesel,222400,clean,manual,,4wd,,truck,white,https://images.craigslist.org/00O0O_1JaqIYgLk5C_600x450.jpg,39.1938,-96.5858
https://ksu.craigslist.org/cto/d/2006-dodge-magnum/6717572183.html,ksu,4000,2006,dodge,"magnum sxt",good,"6 cylinders",gas,,clean,automatic,,rwd,,wagon,red,https://images.craigslist.org/00l0l_8F59j0X3gOz_600x450.jpg,39.0299,-96.8396
https://ksu.craigslist.org/cto/d/2016-chevy-silverado-2500-hd/6717560871.html,ksu,28900,2016,chevy,"2500 hd","like new","8 cylinders",gas,,clean,automatic,,rwd,full-size,pickup,white,https://images.craigslist.org/00x0x_at2xrVaUyBw_600x450.jpg,38.572,-94.8937
https://ksu.craigslist.org/cto/d/chevy-colorado-z71/6717538491.html,ksu,8500,2006,chevrolet,colorado,good,"5 cylinders",gas,147000,clean,automatic,,4wd,,truck,red,https://images.craigslist.org/00C0C_1bQ4vmKJHbQ_600x450.jpg,39.1938,-96.5858
https://ksu.craigslist.org/cto/d/2010-impala-lt/6717494184.html,ksu,4500,2010,chevy,"impala lt",,"6 cylinders",gas,137000,salvage,automatic,,fwd,,sedan,black,https://images.craigslist.org/01313_kLXNYkJ18kp_600x450.jpg,39.8223,-97.0484
https://ksu.craigslist.org/cto/d/92-geo-tracker-4x4-hardtop/6717454463.html,ksu,3250,1992,,"geo tracker hardtop lsi 4x4",good,"4 cylinders",gas,103000,clean,automatic,2CNBJ18U6N6918154,4wd,sub-compact,offroad,black,https://images.craigslist.org/00i0i_bQ14HbXEFo2_600x450.jpg,,
https://ksu.craigslist.org/cto/d/1979-and-1981-rx7/6714422835.html,ksu,750,1979,mazda,rx7,fair,"4 cylinders",gas,,clean,manual,,rwd,,,red,https://images.craigslist.org/00e0e_4eOZGO2NDpM_600x450.jpg,39.479837,-96.21953
https://ksu.craigslist.org/cto/d/hd-ext-4x4-short-bed/6717447407.html,ksu,6000,2002,chevy,"2500 hd",good,"8 cylinders",gas,240000,clean,automatic,1GCHK29U52E131445,4wd,full-size,truck,grey,https://images.craigslist.org/00D0D_kHlGmprmZKp_600x450.jpg,39.206958,-96.438246
https://ksu.craigslist.org/cto/d/toyota-tundra-sr5-2013/6717432262.html,ksu,12500,2013,,Tundra,,"8 cylinders",gas,,clean,automatic,,4wd,,,,https://images.craigslist.org/00v0v_8xVHHLxKjoF_600x450.jpg,38.9568,-94.6832
https://ksu.craigslist.org/cto/d/2014-jeep-patriot/6717411601.html,ksu,14000,2014,jeep,patriot,,,gas,,clean,automatic,,,,,,https://images.craigslist.org/00y0y_iMBcAZ18Iip_600x450.jpg,39.134949,-97.259647
https://ksu.craigslist.org/cto/d/1984-oldsmobile-cutlass/6705631940.html,ksu,2300,1984,,"Oldmobile Cutlass Supreme",,"8 cylinders",gas,192591,clean,automatic,1G3AM47Y7ER309110,rwd,mid-size,coupe,white,https://images.craigslist.org/00l0l_70jxnDBX7Yp_600x450.jpg,39.166084,-96.611126
https://ksu.craigslist.org/cto/d/95-volvo-850/6717395295.html,ksu,700,1995,volvo,"850 glt",fair,"5 cylinders",gas,,clean,automatic,,fwd,mid-size,sedan,silver,https://images.craigslist.org/00v0v_kfYBQty2JZ5_600x450.jpg,39.018526,-96.854701
https://ksu.craigslist.org/cto/d/2002-chevy-silverado-4x4/6714839732.html,ksu,5500,2002,,182691,good,"8 cylinders",gas,,clean,automatic,,4wd,full-size,pickup,red,https://images.craigslist.org/00W0W_gqmfhw47vrR_600x450.jpg,39.1938,-96.5858
https://ksu.craigslist.org/cto/d/2007-mercury-montego/6692972039.html,ksu,3000,2007,mercury,motego,good,"6 cylinders",gas,,clean,automatic,,fwd,mid-size,sedan,white,https://images.craigslist.org/00L0L_9fjzxk6MLvc_600x450.jpg,39.3844,-97.1278
https://ksu.craigslist.org/cto/d/2004-toyota-avalon/6717367654.html,ksu,2000,2004,toyota,"avalon xls",good,"6 cylinders",gas,228000,clean,automatic,,fwd,full-size,sedan,white,https://images.craigslist.org/00Q0Q_6WOp8KE9SLN_600x450.jpg,39.1938,-96.5858
https://ksu.craigslist.org/cto/d/79-trans-am/6706570361.html,ksu,8000,1979,pontiac,"",,,gas,,clean,automatic,,,,,,https://images.craigslist.org/00v0v_bRTUreSixG9_600x450.jpg,39.4125,-96.6002
https://ksu.craigslist.org/cto/d/69-f350-bump-truck/6706288158.html,ksu,1100,1969,ford,f350,,,gas,,clean,manual,,,,,,https://images.craigslist.org/00b0b_1Qs8thG0A58_600x450.jpg,39.430655,-96.612834
https://ksu.craigslist.org/cto/d/94-chevy-1500-t/6706287793.html,ksu,1100,1994,chevy,"",,,gas,,clean,automatic,,,,,,https://images.craigslist.org/01414_1LhQKfGQDr3_600x450.jpg,39.430655,-96.612834
https://ksu.craigslist.org/cto/d/2006-cadillac-sts4/6712979929.html,ksu,4000,2006,cadillac,sts4,good,"6 cylinders",gas,180000,clean,automatic,,,full-size,sedan,silver,https://images.craigslist.org/00u0u_dGxj7mO9DRP_600x450.jpg,38.9369,-95.242
https://ksu.craigslist.org/cto/d/1998-chevy-c3500/6693130802.html,ksu,5500,1998,chevy,3500,good,"8 cylinders",gas,133500,clean,automatic,,rwd,,pickup,white,https://images.craigslist.org/01717_biXvjAKqk8t_600x450.jpg,39.21,-96.3153
https://ksu.craigslist.org/cto/d/2000-dodge-intrepid/6712542176.html,ksu,1500,2000,dodge,intrepid,good,,gas,,clean,automatic,,,,,,https://images.craigslist.org/00P0P_1sjTq6aJbT3_600x450.jpg,39.028157,-96.838684
https://ksu.craigslist.org/cto/d/1965-chevy-malibu-ss-true-ss/6707796090.html,ksu,20500,1965,chevrolet,malibu,excellent,"8 cylinders",gas,17465,clean,automatic,137375K202486,rwd,mid-size,coupe,white,https://images.craigslist.org/00606_j84gPEU2lqt_600x450.jpg,39.370666,-96.7025
https://ksu.craigslist.org/cto/d/2008-chevy-1-2/6716940887.html,ksu,3250,2008,chevy,k1500,,,gas,,clean,automatic,,,,,,https://images.craigslist.org/00c0c_33uNNplRgb6_600x450.jpg,37.8226,-96.8543
https://ksu.craigslist.org/cto/d/1988-hummer-truck/6716939402.html,ksu,14000,1988,,"am general hummer",,,diesel,,clean,automatic,,,,,brown,https://images.craigslist.org/01010_gryCKHU7eOQ_600x450.jpg,39.702221,-96.418848
https://ksu.craigslist.org/cto/d/2005-chevrolet-trailblazer/6716919699.html,ksu,4500,2005,,"2005 Trailblazer LS",excellent,"6 cylinders",gas,144516,clean,automatic,,4wd,full-size,SUV,green,https://images.craigslist.org/00B0B_faUHzZo255M_600x450.jpg,39.194038,-96.598004
https://ksu.craigslist.org/cto/d/dodge/6711754535.html,ksu,5900,1995,dodge,"3500 4ã4",good,"6 cylinders",diesel,285000,clean,manual,,4wd,full-size,truck,white,https://images.craigslist.org/00808_gogwrVhJYMB_600x450.jpg,39.1938,-96.5858
https://ksu.craigslist.org/cto/d/06-vw-jetta-fsi-clean-title/6699081611.html,ksu,9,2006,,carfax,excellent,,gas,0,clean,automatic,-,,,,red,https://images.craigslist.org/00808_ldFAwBJ9GKg_600x450.jpg,36.6393,-93.4372
https://ksu.craigslist.org/cto/d/2005-gmc-yukon-xl-denali/6716824430.html,ksu,5000,2005,gmc,"1500 yukon denali xl",good,"8 cylinders",gas,,clean,automatic,,,,,grey,https://images.craigslist.org/00707_c41PDeQbFhL_600x450.jpg,39.0299,-96.8396
https://ksu.craigslist.org/cto/d/chevy-suburban/6716754845.html,ksu,2500,2005,chevrolet,suburban,fair,,gas,211894,clean,automatic,,,,,white,https://images.craigslist.org/00X0X_jYrjAzMYWP6_600x450.jpg,39.1987,-96.0683
https://ksu.craigslist.org/cto/d/2005-ford-focus-wagon/6708924045.html,ksu,2800,2005,ford,"",,,gas,,clean,automatic,,,,,,https://images.craigslist.org/00i0i_4z3FxHTOep_600x450.jpg,37.13284,-95.78558
https://ksu.craigslist.org/cto/d/2007-chevrolet-tahoe-z71-4x4/6716483258.html,ksu,12000,2007,chevrolet,tahoe,good,"8 cylinders",gas,175000,clean,automatic,,4wd,full-size,SUV,black,https://images.craigslist.org/00k0k_5oLcaSpKXno_600x450.jpg,39.183517,-96.572587
https://ksu.craigslist.org/cto/d/1999-chevyx4/6694135791.html,ksu,5900,1999,chevy,silverado,,,gas,170000,clean,automatic,,,,,,https://images.craigslist.org/00j0j_fUff2jOmwi6_600x450.jpg,39.3481,-97.4579
https://ksu.craigslist.org/cto/d/2003-ford-taurus/6716180290.html,ksu,2000,2003,ford,taurus,,,gas,,clean,automatic,,,,,,https://images.craigslist.org/00h0h_liTdMVw8w5j_600x450.jpg,39.0224,-97.6031
https://ksu.craigslist.org/cto/d/honda-civic-del-sol-manual-5/6716154490.html,ksu,2000,1994,honda,"civic coupe",good,"4 cylinders",gas,165000,clean,manual,,fwd,compact,convertible,black,https://images.craigslist.org/00a0a_78Tfxp9oY4J_600x450.jpg,39.0405,-95.7178
https://ksu.craigslist.org/cto/d/jeep-cj8-scrambler/6716088959.html,ksu,13000,1981,,"Keep cj8",fair,"8 cylinders",gas,,clean,manual,,4wd,,SUV,black,https://images.craigslist.org/00T0T_fi63p769gGd_600x450.jpg,39.0299,-96.8396
https://ksu.craigslist.org/cto/d/1978-ford-f150-price-reduced/6705462138.html,ksu,8000,1978,ford,f150,good,"8 cylinders",gas,90000,clean,automatic,,4wd,,truck,green,https://images.craigslist.org/01111_4Xsua0yyEnk_600x450.jpg,39.0299,-96.8396
https://ksu.craigslist.org/cto/d/jeep-grand-cherokee/6716076587.html,ksu,6600,2001,jeep,"grand cherokee","like new","6 cylinders",gas,,clean,automatic,1j4gw48sx1c588235,4wd,full-size,SUV,green,https://images.craigslist.org/00a0a_4BO8SJagPLp_600x450.jpg,39.1938,-96.5858
https://ksu.craigslist.org/cto/d/2006-dodge-3500-cummins/6716065524.html,ksu,15000,2006,dodge,3500,,,diesel,197000,clean,automatic,,,,,,https://images.craigslist.org/00E0E_lFMsA5mYPcj_600x450.jpg,39.039661,-96.85106
https://ksu.craigslist.org/cto/d/2005-bmw-325ci-2-door-coupe/6716038222.html,ksu,5000,2005,bmw,"",excellent,"6 cylinders",gas,152850,clean,automatic,,rwd,mid-size,coupe,silver,https://images.craigslist.org/00c0c_gXlzKs43OZP_600x450.jpg,39.1938,-96.5858
https://ksu.craigslist.org/cto/d/1979-el-camino/6707950301.html,ksu,4,1979,chev,"el camino",good,"8 cylinders",gas,,clean,automatic,,,,,black,https://images.craigslist.org/00a0a_cpWtukNb3VK_600x450.jpg,40.846645,-96.720457
https://ksu.craigslist.org/cto/d/2000-dodge-dakota-4x4/6716033149.html,ksu,4000,2000,dodge,"dakota slt",fair,"8 cylinders",gas,149998,clean,automatic,,4wd,,truck,blue,https://images.craigslist.org/00m0m_9DJ42VqiVfo_600x450.jpg,39.2108,-96.4345
https://ksu.craigslist.org/cto/d/2012-ford-explorer/6716008879.html,ksu,14000,2012,ford,explorer,good,"6 cylinders",gas,148000,clean,automatic,,4wd,,,white,https://images.craigslist.org/00r0r_cjZx8loPRcY_600x450.jpg,39.9598,-96.6235
https://ksu.craigslist.org/cto/d/2014-ramx4-laramie-edition/6715989000.html,ksu,34000,2014,ram,"2500 4x4",,,diesel,,clean,automatic,,,,,,https://images.craigslist.org/00y0y_bap4s8ntgql_600x450.jpg,38.9722,-97.017
https://ksu.craigslist.org/cto/d/2017-chevrolet-silverado-1500/6715966320.html,ksu,38900,2017,chevy,"silverado 1500 lt","like new","8 cylinders",gas,2780,clean,automatic,,4wd,full-size,truck,white,https://images.craigslist.org/00I0I_ghso8vULweZ_600x450.jpg,40.7565,-96.6946
https://ksu.craigslist.org/cto/d/2005-gmc-sierra-short-bed/6701238323.html,ksu,8000,2005,chevrolet,1500,,,gas,,clean,automatic,,,,,,https://images.craigslist.org/01515_aaUr9UnBmMR_600x450.jpg,38.8237,-97.6421
https://ksu.craigslist.org/cto/d/2005-mazda-tribute/6703689853.html,ksu,3500,2005,mazda,tribute,good,"4 cylinders",gas,142000,clean,automatic,4F2YZ02Z25KM61801,fwd,full-size,SUV,white,https://images.craigslist.org/00909_8B2wzDTYhlC_600x450.jpg,39.1938,-96.5858
https://ksu.craigslist.org/cto/d/2002-jeep-wrangler-95k-miles/6715779903.html,ksu,12500,2002,jeep,wrangler,,,gas,,lien,automatic,,,,,,https://images.craigslist.org/00l0l_1O72Ab1aqD7_600x450.jpg,38.3554,-97.0204
https://ksu.craigslist.org/ctd/d/2007-jeep-grand-cherokee/6715739316.html,ksu,15495,2007,jeep,"grand cherokee",excellent,other,gas,112890,clean,automatic,1J8HS68247C572969,rwd,,sedan,black,https://images.craigslist.org/00000_2dwSgCnpwSS_600x450.jpg,39.015929,-95.680264
https://ksu.craigslist.org/cto/d/2009-ford-150/6715713293.html,ksu,14500,2009,ford,f-150,,,gas,,clean,automatic,,,,,,https://images.craigslist.org/00q0q_1HgekVgbAB5_600x450.jpg,39.049981,-96.844925
https://ksu.craigslist.org/cto/d/98-blazer/6715629651.html,ksu,850,1998,chevrolet,blazer,fair,"6 cylinders",gas,211000,clean,automatic,,4wd,sub-compact,SUV,white,https://images.craigslist.org/00p0p_igHkGrQhB42_600x450.jpg,38.968266,-97.014174
https://ksu.craigslist.org/cto/d/2007-dodge-nitromiles-obo/6715558632.html,ksu,6300,2007,dodge,nitro,good,"6 cylinders",gas,,clean,automatic,,4wd,,SUV,red,https://images.craigslist.org/00C0C_dMn2yOPgfwl_600x450.jpg,39.0299,-96.8396
https://ksu.craigslist.org/cto/d/2008-buick-enclave-cxl/6697864172.html,ksu,8500,2008,buick,"enclave cxl",good,"6 cylinders",gas,158000,clean,automatic,,,mid-size,SUV,white,https://images.craigslist.org/00V0V_iQFs1C0ZYz_600x450.jpg,39.8927,-96.8689
https://ksu.craigslist.org/cto/d/ton-dually-truck-with-flat-bed/6715506739.html,ksu,1500,1967,ford,"",,,gas,,clean,manual,,,,,,https://images.craigslist.org/00l0l_lJkoEh3SwWb_600x450.jpg,38.6959,-96.5469
https://ksu.craigslist.org/cto/d/2008-dodge-ram-2500-mega-cab/6715328334.html,ksu,28000,2008,dodge,2500,,,diesel,,clean,automatic,,,,,,https://images.craigslist.org/00M0M_1Ayt9I4v2Rg_600x450.jpg,37.671,-97.2179
https://ksu.craigslist.org/cto/d/1997-gmc-2500/6715226110.html,ksu,2000,1997,gmc,2500,,,gas,263500,clean,automatic,,,,,,https://images.craigslist.org/01010_4ywpD5iNzS6_600x450.jpg,39.4138,-96.4374
https://ksu.craigslist.org/cto/d/2013-hyundai-genesis-coupe/6715097951.html,ksu,14500,2013,hyundai,"genesis coupe 2.0t",good,"4 cylinders",gas,67000,lien,manual,,rwd,,coupe,red,https://images.craigslist.org/00x0x_5teAzlKg5de_600x450.jpg,39.0299,-96.8396
https://ksu.craigslist.org/cto/d/2002-pontiac-grand-prix-gtp/6715089345.html,ksu,2400,2002,pontiac,"grand prix",good,"6 cylinders",gas,146000,clean,automatic,,fwd,full-size,sedan,white,https://images.craigslist.org/00y0y_6YSUK6Sxny6_600x450.jpg,39.8428,-96.6422
https://ksu.craigslist.org/ctd/d/2003-ford-mustang/6714944459.html,ksu,3500,2003,ford,mustang,fair,"6 cylinders",gas,,clean,automatic,,rwd,,,,https://images.craigslist.org/00U0U_hgNAtIWe3o3_600x450.jpg,39.033745,-96.829446
https://ksu.craigslist.org/ctd/d/2012-nissan-sentra/6714943462.html,ksu,4995,2012,nissan,sentra,good,"4 cylinders",gas,,clean,automatic,,fwd,,,,https://images.craigslist.org/00g0g_7Rm9pwWqtLL_600x450.jpg,39.033745,-96.829446
https://ksu.craigslist.org/ctd/d/2003-honda-accord-ex/6714942491.html,ksu,5500,2003,honda,accord,good,"4 cylinders",gas,,clean,automatic,,fwd,,,,https://images.craigslist.org/01616_fRvR9YDt87o_600x450.jpg,39.033745,-96.829446
https://ksu.craigslist.org/ctd/d/2006-toyota-tundra-v8/6714941711.html,ksu,6000,2006,toyota,tundra,fair,"8 cylinders",gas,260551,clean,automatic,,4wd,,,,https://images.craigslist.org/00Q0Q_ffG1tV6s9Jy_600x450.jpg,39.033745,-96.829446
https://ksu.craigslist.org/ctd/d/2008-nissan-titan-crew-cab/6714940903.html,ksu,14500,2008,nissan,titan,excellent,"8 cylinders",gas,,clean,automatic,,4wd,,,,https://images.craigslist.org/00H0H_3yOifJ9O9Nm_600x450.jpg,39.033745,-96.829446
https://ksu.craigslist.org/cto/d/2006-audi-a4/6698733252.html,ksu,5000,2006,audi,"a4 quattro",,,gas,,clean,manual,,,,,black,https://images.craigslist.org/00909_98S3YELU9BB_600x450.jpg,39.0858,-95.6867
https://ksu.craigslist.org/cto/d/2011-dodgewd-cummins-6-speed/6714855227.html,ksu,19750,2011,ram,"3500 4x4",good,"6 cylinders",diesel,272000,clean,manual,,4wd,full-size,truck,white,https://images.craigslist.org/00K0K_4hec2LgmXq0_600x450.jpg,38.842933,-96.594286
https://ksu.craigslist.org/cto/d/2004-dodge-intrepid/6714783895.html,ksu,3200,2004,dodge,intrepid,good,"6 cylinders",gas,112000,clean,automatic,111111111111$,fwd,mid-size,sedan,purple,https://images.craigslist.org/01010_P17ufNhFPT_600x450.jpg,39.819666,-97.051743
https://ksu.craigslist.org/cto/d/2008-chevrolet-impala/6714747681.html,ksu,5000,2008,chevy,impala,good,"6 cylinders",gas,151000,lien,automatic,,fwd,,,white,https://images.craigslist.org/00r0r_856hH2DfdYt_600x450.jpg,39.21,-96.3153
https://ksu.craigslist.org/cto/d/refrigerated-box-truck-2011/6714744359.html,ksu,29950,2011,,"2011 Hino 268 refer",excellent,"8 cylinders",diesel,161065,clean,automatic,5PVNE8JT8B4S53738,rwd,,truck,white,https://images.craigslist.org/01313_4Mcw6e7zI1X_600x450.jpg,39.193948,-96.677971
https://ksu.craigslist.org/cto/d/94-jeep-wrangler/6709054023.html,ksu,6500,1994,,Wrangler,good,"4 cylinders",gas,116000,salvage,manual,,4wd,full-size,,blue,https://images.craigslist.org/00404_jnbojTae4Km_600x450.jpg,39.8223,-97.0484
https://ksu.craigslist.org/cto/d/1999-ford-van-sport/6714694042.html,ksu,3000,1999,ford,"windstar van",good,"4 cylinders",gas,121000,clean,automatic,,fwd,,mini-van,red,https://images.craigslist.org/00s0s_kOZ28FPcN7E_600x450.jpg,38.6959,-96.5469
https://westernmass.craigslist.org/cto/d/chevy-silverado-exetended-cab/6718621314.html,westernmass,9899,2006,chevy,"silverado 1500",,"8 cylinders",gas,114110,clean,automatic,,4wd,,pickup,,https://images.craigslist.org/00p0p_h9gvZzlAZ8S_600x450.jpg,42.655778,-71.970749
https://westernmass.craigslist.org/cto/d/chevrolet-trail-blazer/6718621346.html,westernmass,2800,2006,chevrolet,blazer,good,"6 cylinders",gas,100000,clean,automatic,,4wd,full-size,truck,white,https://images.craigslist.org/00q0q_lCUo4o6JwAQ_600x450.jpg,42.202,-72.6262
https://westernmass.craigslist.org/cto/d/toyota-cabs/6718612280.html,westernmass,1000,1988,toyota,"space cab",,,gas,,clean,manual,,,,,,https://images.craigslist.org/00u0u_EFAnT6jKA9_600x450.jpg,42.2375,-72.5811
https://westernmass.craigslist.org/cto/d/2008-cadillac-cts-36l-awd/6714190541.html,westernmass,8200,2008,cadillac,"cts 4",excellent,"6 cylinders",gas,96404,rebuilt,automatic,,4wd,,sedan,black,https://images.craigslist.org/00B0B_bVq7lezANtc_600x450.jpg,42.199918,-72.56813
https://westernmass.craigslist.org/cto/d/1962-pontiac-catalina-coupe/6718608102.html,westernmass,16000,1962,pontiac,catalina,excellent,"8 cylinders",gas,125000,clean,automatic,,rwd,full-size,coupe,blue,https://images.craigslist.org/00m0m_2rKAxx9K87q_600x450.jpg,42.1931,-73.0918
https://westernmass.craigslist.org/cto/d/96-impala-ss/6718603651.html,westernmass,6000,1996,chevrolet,"impala ss",good,"8 cylinders",gas,159000,rebuilt,automatic,,rwd,full-size,sedan,blue,https://images.craigslist.org/00X0X_3Aot2Zuojb7_600x450.jpg,42.1223,-72.4876
https://westernmass.craigslist.org/cto/d/2006-ford-250-utility-van/6713026740.html,westernmass,3000,2006,ford,e250,,,gas,,clean,automatic,,,,,,https://images.craigslist.org/00l0l_4fjtGnZoeLL_600x450.jpg,42.2751,-72.411
https://westernmass.craigslist.org/cto/d/2009-porsche-carrera-911/6705660607.html,westernmass,44900,2009,,"Porsche 911 Carrera 997.2 Coupe",excellent,"6 cylinders",gas,64000,clean,manual,WP0AA29959S707403,rwd,,coupe,silver,https://images.craigslist.org/00h0h_3qjfLFnd1Pj_600x450.jpg,42.3223,-72.6313
https://westernmass.craigslist.org/cto/d/2011-kia-soul/6718577272.html,westernmass,3000,2011,kia,soul,good,"4 cylinders",gas,,clean,automatic,,,,,green,https://images.craigslist.org/00808_3ElzJY33Lu9_600x450.jpg,41.989,-72.5652
https://westernmass.craigslist.org/cto/d/2007-toyota-camry-se/6711044334.html,westernmass,4900,2007,toyota,camry,excellent,"6 cylinders",gas,,rebuilt,automatic,,fwd,full-size,sedan,grey,https://images.craigslist.org/00H0H_fAZ7o6h3iZa_600x450.jpg,42.1537,-72.7698
https://westernmass.craigslist.org/cto/d/2008-nissan-altima/6716355932.html,westernmass,3950,2008,nissan,altima,excellent,"4 cylinders",gas,,clean,automatic,,fwd,,sedan,,https://images.craigslist.org/00m0m_aVBxt1uSsd5_600x450.jpg,42.1537,-72.7698
https://westernmass.craigslist.org/cto/d/2007-mazda-cx7/6716349157.html,westernmass,3950,2007,mazda,cx7,excellent,"4 cylinders",gas,,clean,automatic,,,,SUV,white,https://images.craigslist.org/00E0E_iQAaQ1BbxBh_600x450.jpg,42.1537,-72.7698
https://westernmass.craigslist.org/cto/d/2006-ford-500/6711052078.html,westernmass,2500,2006,ford,500,excellent,"6 cylinders",gas,,clean,automatic,,fwd,,,black,https://images.craigslist.org/00606_hc1KelKcgOi_600x450.jpg,42.1537,-72.7698
https://westernmass.craigslist.org/cto/d/2008-nissan-altima/6710172846.html,westernmass,3900,2008,nissan,altima,excellent,"4 cylinders",gas,,clean,automatic,,fwd,full-size,sedan,,https://images.craigslist.org/00h0h_3qeXFIki2hc_600x450.jpg,42.1537,-72.7698
https://westernmass.craigslist.org/cto/d/2007-mazda-3/6711729254.html,westernmass,3600,2007,mazda,3,excellent,"4 cylinders",gas,,clean,automatic,,fwd,full-size,sedan,grey,https://images.craigslist.org/00p0p_4iTbxgwYF9f_600x450.jpg,42.1537,-72.7698
https://westernmass.craigslist.org/cto/d/2006-ford-freestar/6704960417.html,westernmass,2500,2006,ford,freestar,good,"6 cylinders",gas,,clean,automatic,,fwd,,mini-van,green,https://images.craigslist.org/00w0w_2GjfGi0Np5B_600x450.jpg,42.1537,-72.7698
https://westernmass.craigslist.org/cto/d/1985-mercedes-300d-turbo/6718562948.html,westernmass,2000,1986,mercedes,300d,,,diesel,,clean,automatic,,,,,,https://images.craigslist.org/00P0P_8DH3J7mviNQ_600x450.jpg,42.1247,-72.5121
https://westernmass.craigslist.org/cto/d/1999-chevy-suburban/6705177546.html,westernmass,600,1999,chevy,"suburban 1500",good,"8 cylinders",gas,151000,clean,automatic,,4wd,full-size,SUV,white,https://images.craigslist.org/01616_8pXcSk4vlmJ_600x450.jpg,41.9602,-72.004
https://westernmass.craigslist.org/cto/d/1999-chevy-suburban/6705177663.html,westernmass,600,1999,chevy,"suburban 1500",good,"8 cylinders",gas,151000,clean,automatic,,4wd,full-size,SUV,white,https://images.craigslist.org/01616_8pXcSk4vlmJ_600x450.jpg,41.9602,-72.004
https://westernmass.craigslist.org/cto/d/2012-honda-crz-hybrid/6718562167.html,westernmass,8000,2012,honda,"crz hybrid",,,hybrid,,clean,automatic,,,,,,https://images.craigslist.org/00H0H_fRVKmBcJQPT_600x450.jpg,42.3223,-72.6313
https://westernmass.craigslist.org/cto/d/1989-chevy-custom-deluxe-tow/6718560887.html,westernmass,5000,1992,chevy,2500,,,gas,,clean,manual,,,,,,https://images.craigslist.org/00c0c_8Q2WGV5Xg4a_600x450.jpg,42.1247,-72.5121
https://westernmass.craigslist.org/cto/d/1987-gmc-caballaro-elcamino/6712659396.html,westernmass,8800,1987,gmc,caballro,excellent,"8 cylinders",gas,,clean,automatic,,rwd,full-size,truck,black,https://images.craigslist.org/00303_cIZF1c6pA59_600x450.jpg,42.443876,-73.271399
https://westernmass.craigslist.org/cto/d/for-sale-2005-mercedes-benz/6695942459.html,westernmass,3900,2005,mercedes,"benz c240",good,"6 cylinders",gas,158000,clean,automatic,,rwd,full-size,sedan,grey,https://images.craigslist.org/00k0k_egaYMLJKF0b_600x450.jpg,42.449022,-72.81309
https://westernmass.craigslist.org/cto/d/for-sale-2008-toyota-corolla/6704124625.html,westernmass,5300,2008,toyota,"corolla matrix",good,"4 cylinders",gas,198000,rebuilt,automatic,,fwd,,hatchback,grey,https://images.craigslist.org/00P0P_hn3Fz1ZcLWd_600x450.jpg,42.449022,-72.81309
https://westernmass.craigslist.org/cto/d/for-sale-2005-mercedes-benz/6710698147.html,westernmass,6500,2005,mercedes,"benz c240",good,"6 cylinders",gas,123000,rebuilt,automatic,,4wd,full-size,sedan,silver,https://images.craigslist.org/00E0E_21vbXoWvPP5_600x450.jpg,42.449022,-72.81309
https://westernmass.craigslist.org/cto/d/tesla-model-3-reservation/6718543860.html,westernmass,2200,2019,,"Tesla Model 3",new,,electric,0,clean,automatic,n/a,,,sedan,,https://images.craigslist.org/00N0N_1oP3QGwPvfj_600x450.jpg,42.3671,-72.4646
https://westernmass.craigslist.org/cto/d/2008-honda-fit/6718546702.html,westernmass,6000,2008,honda,fit,excellent,"4 cylinders",gas,140000,clean,manual,,fwd,compact,hatchback,red,https://images.craigslist.org/00u0u_aNvCG8ugxOl_600x450.jpg,42.3223,-72.6313
https://westernmass.craigslist.org/cto/d/2006-honda-accord/6718542487.html,westernmass,4670,2006,honda,accord,,,gas,,clean,automatic,,,,,,https://images.craigslist.org/00i0i_3AzJuN1IIH2_600x450.jpg,42.0853,-72.5584
https://westernmass.craigslist.org/cto/d/2009-freightliner-century-120/6718519483.html,westernmass,7000,2009,,FREIGHTLINER,excellent,,diesel,,clean,automatic,,,,,,https://images.craigslist.org/00n0n_jyS9yQIvWt8_600x450.jpg,42.202,-72.6262
https://westernmass.craigslist.org/cto/d/2011-hyundai-sonata/6718539750.html,westernmass,5795,2011,hyundai,"sonata limited 2.0t",good,"4 cylinders",gas,169600,clean,automatic,,fwd,mid-size,sedan,black,https://images.craigslist.org/00H0H_hu4FSZb57HB_600x450.jpg,42.101,-72.3196
https://westernmass.craigslist.org/cto/d/2009-toyota-corolla/6718536845.html,westernmass,4500,2009,toyota,corolla,,,gas,,clean,automatic,,,,,,https://images.craigslist.org/00707_jpaJsr4CWRt_600x450.jpg,42.0853,-72.5584
https://westernmass.craigslist.org/cto/d/2008-honda-pilot/6718535572.html,westernmass,6300,2008,honda,pilot,good,,gas,138900,clean,automatic,,4wd,,SUV,grey,https://images.craigslist.org/00C0C_dl5mePNtuFm_600x450.jpg,,
https://westernmass.craigslist.org/cto/d/2012-honda-civic/6718534979.html,westernmass,5500,2012,honda,"civic coupe",good,,gas,185500,clean,automatic,,,,,,https://images.craigslist.org/01111_4XlvM6pOyqI_600x450.jpg,42.0853,-72.5584
https://westernmass.craigslist.org/cto/d/toyota-corolla/6718534630.html,westernmass,10300,2015,toyota,corolla,good,"4 cylinders",gas,40500,clean,automatic,,fwd,,sedan,blue,https://images.craigslist.org/00707_1z00dslEBPj_600x450.jpg,42.3219,-72.6928
https://westernmass.craigslist.org/cto/d/2011-bmw-328i-3-serie/6718531584.html,westernmass,8999,2011,bmw,"3 series 328i",,,gas,,clean,automatic,,,,,,https://images.craigslist.org/00u0u_jUbEtJQg1z3_600x450.jpg,42.0853,-72.5584
https://westernmass.craigslist.org/cto/d/1959-ford-retractable-hardtop/6716049367.html,westernmass,4500,1959,ford,"fairlane 500",fair,"8 cylinders",gas,,clean,automatic,,rwd,full-size,convertible,white,https://images.craigslist.org/01515_eovZlSvWepn_600x450.jpg,44.8985,-72.791
https://westernmass.craigslist.org/cto/d/1989-ford-mustang-lx/6716500191.html,westernmass,2000,1989,ford,"mustang lx convertible",,,gas,,clean,automatic,,,,,,https://images.craigslist.org/00Z0Z_5vTjSxnhcpK_600x450.jpg,42.6129,-72.2924
https://westernmass.craigslist.org/cto/d/2005-honda-civic/6718527239.html,westernmass,3000,2005,honda,civic,good,"4 cylinders",gas,160000,clean,manual,,fwd,,coupe,grey,https://images.craigslist.org/00909_Uj5ykJrLRZ_600x450.jpg,42.0507,-72.5676
https://westernmass.craigslist.org/cto/d/2005-dodgex4-6-speed-manual/6709830773.html,westernmass,5500,2005,ram,1500,excellent,"8 cylinders",gas,220000,clean,manual,,4wd,,pickup,silver,https://images.craigslist.org/00V0V_m8UtLCc5gl_600x450.jpg,42.3671,-72.4646
https://westernmass.craigslist.org/cto/d/2013-altimamiles/6718523920.html,westernmass,11000,2013,nissan,"altima sl","like new",,gas,42000,clean,automatic,,fwd,,,,https://images.craigslist.org/00U0U_c85uFnQK1AT_600x450.jpg,42.1764,-72.5761
https://westernmass.craigslist.org/cto/d/2005-toyota-sienna/6709295584.html,westernmass,2800,2005,toyota,sienna,excellent,"6 cylinders",gas,170000,clean,automatic,,,,,,https://images.craigslist.org/00d0d_6ig975PYSMD_600x450.jpg,42.1288,-72.5778
https://westernmass.craigslist.org/cto/d/2012-bmw-750li-package/6718513790.html,westernmass,20499,2012,bmw,750li,,,gas,,clean,automatic,,,,,,https://images.craigslist.org/01111_l92d8ZteFFh_600x450.jpg,42.1728,-72.471
https://westernmass.craigslist.org/cto/d/2002-subaru-forester/6701282238.html,westernmass,2200,2002,subaru,forester,good,,gas,,clean,automatic,,,,,,https://images.craigslist.org/00e0e_k9m0YFkLr4w_600x450.jpg,42.0596,-73.3202
https://westernmass.craigslist.org/cto/d/06-nissan-maxima/6714212924.html,westernmass,2700,2006,nissan,"",,,gas,,clean,automatic,,,,,,https://images.craigslist.org/00909_48vBASP7V5w_600x450.jpg,42.122673,-72.765198
https://westernmass.craigslist.org/cto/d/1999-chevy-tracker/6718493022.html,westernmass,1000,1999,chevy,tracker,,,gas,217222,clean,automatic,,,,,,https://images.craigslist.org/00k0k_3cALnOCsSIu_600x450.jpg,42.202,-72.6262
https://westernmass.craigslist.org/cto/d/jeep-patriot-latitude/6701036301.html,westernmass,10000,2012,jeep,"",excellent,"4 cylinders",gas,75,clean,automatic,,4wd,mid-size,SUV,white,https://images.craigslist.org/00m0m_bJfu2c4RGeh_600x450.jpg,42.122879,-72.445757
https://westernmass.craigslist.org/cto/d/1965-plymouth-belvedere-2/6708305341.html,westernmass,11500,1965,,"Plymouth belvedere",,,gas,,clean,automatic,,,,,,https://images.craigslist.org/01313_bkCBmj5nv4i_600x450.jpg,42.475,-73.1603
https://westernmass.craigslist.org/cto/d/1989-ford-f150-xlt-lariat/6693896619.html,westernmass,600,1989,ford,"f150 xlt lariat",good,"8 cylinders",gas,222166,clean,automatic,1FTDF15N4KKA22066,rwd,,truck,,https://images.craigslist.org/00N0N_3n0tdjcOX9F_600x450.jpg,42.496276,-72.945185
https://westernmass.craigslist.org/cto/d/2005-ford-150-lariat/6718469861.html,westernmass,7500,2005,ford,"f-150 lariat edition",good,"8 cylinders",gas,143000,clean,automatic,,4wd,,truck,,https://images.craigslist.org/00A0A_cgf9tZcGZQp_600x450.jpg,42.5959,-72.2267
https://westernmass.craigslist.org/cto/d/2000-saab-93-needs-new-engine/6718462338.html,westernmass,750,2000,,"2000 SAAB 93",,"4 cylinders",gas,,clean,automatic,YS3DD58H1Y2006332,fwd,,hatchback,black,https://images.craigslist.org/00L0L_l2zqgjIEKz8_600x450.jpg,42.094398,-72.626957
https://westernmass.craigslist.org/ctd/d/2010-ford-edge-4dr-limited/6718464266.html,westernmass,10950,2010,ford,edge,,,gas,100274,clean,automatic,2FMDK4KC0ABA00909,,,SUV,grey,https://images.craigslist.org/00N0N_h9yQP1tkcwG_600x450.jpg,41.552532,-72.999092
https://westernmass.craigslist.org/cto/d/02-ford-lightning/6696577779.html,westernmass,10000,2002,ford,"",good,"8 cylinders",gas,120000,clean,automatic,,,,pickup,,https://images.craigslist.org/00D0D_9BGwQnecgOM_600x450.jpg,42.0511,-72.7706
https://westernmass.craigslist.org/cto/d/1981-corvette-383-stroker/6693116132.html,westernmass,6800,1981,chevy,corvette,good,"8 cylinders",gas,,clean,automatic,,rwd,mid-size,coupe,blue,https://images.craigslist.org/00E0E_g53WbFTKr2y_600x450.jpg,42.084417,-72.630508
https://westernmass.craigslist.org/cto/d/2003-lexus-es300/6718455706.html,westernmass,3000,2003,lexus,es300,good,"6 cylinders",gas,184000,clean,automatic,,fwd,full-size,sedan,,https://images.craigslist.org/00J0J_9LLDVzD0MWl_600x450.jpg,42.0853,-72.5584
https://westernmass.craigslist.org/cto/d/2013-chevy-silverado-2500hd/6701131767.html,westernmass,19000,2013,chevrolet,silverado,,,gas,,rebuilt,automatic,,,,,,https://images.craigslist.org/00q0q_8QChrh6GsxL_600x450.jpg,41.9155,-71.6795
https://westernmass.craigslist.org/cto/d/1982-gmc-caballero-like-chevy/6703929236.html,westernmass,5000,1983,gmc,caballero,good,"6 cylinders",gas,35162,clean,automatic,,rwd,mid-size,pickup,grey,https://images.craigslist.org/01515_5ifuS2bYpUL_600x450.jpg,42.682057,-73.098656
https://westernmass.craigslist.org/cto/d/1982-gmc-caballero-like-chevy/6703928318.html,westernmass,5000,1983,gmc,caballero,good,"6 cylinders",gas,35162,clean,automatic,,rwd,mid-size,pickup,grey,https://images.craigslist.org/01515_5ifuS2bYpUL_600x450.jpg,42.682057,-73.098656
https://westernmass.craigslist.org/cto/d/1983-jeep-cj5-parts/6718451828.html,westernmass,700,1983,jeep,cj5,,,gas,,clean,manual,,,,,,https://images.craigslist.org/00S0S_erJP2o1b1Xr_600x450.jpg,42.3923,-72.8256
https://westernmass.craigslist.org/cto/d/2013-bmw-328xi-mint/6713484877.html,westernmass,16700,2013,bmw,"328i xdrive",excellent,"4 cylinders",gas,64000,clean,automatic,,,,sedan,black,https://images.craigslist.org/00x0x_3sKNcrNo9xE_600x450.jpg,42.1537,-72.7698
https://westernmass.craigslist.org/cto/d/2000-nissan-maxima-runs/6718446904.html,westernmass,1000,2000,nissan,maxima,good,"6 cylinders",gas,213000,clean,manual,,,,sedan,brown,https://images.craigslist.org/00z0z_7nrqoSmZ2jx_600x450.jpg,42.1537,-72.7698
https://westernmass.craigslist.org/cto/d/2005-toyota-camry-xle/6718409372.html,westernmass,3800,2005,toyota,"",excellent,"6 cylinders",gas,150404,clean,automatic,,fwd,mid-size,sedan,silver,https://images.craigslist.org/00n0n_hQOMm54bXCo_600x450.jpg,42.178306,-72.612208
https://westernmass.craigslist.org/cto/d/fluid-film-application/6718425338.html,westernmass,170,1900,,"fluid film",,,other,,clean,other,,,,,,https://images.craigslist.org/00Q0Q_cZhEdC1VJrJ_600x450.jpg,42.2751,-72.411
https://westernmass.craigslist.org/ctd/d/2012-jaguar-xf-4dr-sdn/6718415356.html,westernmass,19000,2012,jaguar,xf,,,gas,34475,clean,automatic,SAJWA0FB2CLS58489,,,sedan,,https://images.craigslist.org/00z0z_5fUE0qfrKfe_600x450.jpg,41.552532,-72.999092
https://westernmass.craigslist.org/cto/d/2006-honda-accord-lxk-miles/6714693086.html,westernmass,4200,2006,honda,accord,,,gas,,clean,automatic,,,,,,https://images.craigslist.org/01414_iO4UyocZGcM_600x450.jpg,-50.912663,37.250013
https://westernmass.craigslist.org/cto/d/toyota-corolla/6718410677.html,westernmass,1000,1995,toyota,corolla,,,gas,,clean,manual,,,,,,https://images.craigslist.org/00q0q_4rNbqbuKE7N_600x450.jpg,42.1288,-72.5778
https://westernmass.craigslist.org/ctd/d/2015-nissan-titan-pro/6718412779.html,westernmass,29146,2015,nissan,titan,,"8 cylinders",gas,41715,clean,automatic,1N6AA0ECXFN513916,4wd,,truck,black,https://images.craigslist.org/00z0z_NDQTccSd0D_600x450.jpg,42.605387,-72.589105
https://westernmass.craigslist.org/cto/d/2009-subaru-impreza-25i-awd/6710478637.html,westernmass,5800,2009,subaru,impreza,,,gas,50000,clean,manual,,,,,,https://images.craigslist.org/01717_ap7PLvr1IAL_600x450.jpg,42.0672,-72.5056
https://westernmass.craigslist.org/cto/d/1984-ford-thunderbird/6705649604.html,westernmass,1500,1984,ford,thunderbird,fair,"8 cylinders",gas,127000,clean,automatic,,rwd,mid-size,coupe,silver,https://images.craigslist.org/00e0e_3QGLTwTdfU1_600x450.jpg,42.4531,-73.2471
https://westernmass.craigslist.org/cto/d/2007-nissan-altima-25-for/6718402847.html,westernmass,800,2007,nissan,altima,fair,"4 cylinders",gas,2020000,missing,automatic,N/A,fwd,full-size,sedan,grey,https://images.craigslist.org/00C0C_gJDi1RP5ype_600x450.jpg,42.1145,-72.5543
https://westernmass.craigslist.org/ctd/d/2006-ford-super-duty-250-crew/6718399045.html,westernmass,18995,2006,ford,"super duty f-250",excellent,"8 cylinders",diesel,148019,clean,automatic,1FTSW21P36EA62874,4wd,full-size,,,https://images.craigslist.org/00A0A_2pZ5p7mfKkM_600x450.jpg,41.781722,-72.533825
https://westernmass.craigslist.org/cto/d/2010-buick-lacrosse-cx/6708813796.html,westernmass,6500,2010,buick,"lacrosse cx",,"6 cylinders",gas,149,clean,automatic,,,,,,https://images.craigslist.org/00A0A_8MNQz0yBCht_600x450.jpg,42.080046,-72.534996
https://westernmass.craigslist.org/cto/d/2003-honda-civic-hybrid/6718392517.html,westernmass,1200,2003,honda,"civic hybrid",fair,"4 cylinders",gas,221000,clean,automatic,,fwd,,sedan,,https://images.craigslist.org/00C0C_2A0wCioG60g_600x450.jpg,42.0702,-72.6227
https://westernmass.craigslist.org/cto/d/2005-jeep-grand-cherokee-4x4/6712627842.html,westernmass,3300,2005,jeep,"cherokee laredo",,,gas,,clean,automatic,,,,,,https://images.craigslist.org/00n0n_dCOeTj15rXF_600x450.jpg,41.7803,-72.618
https://westernmass.craigslist.org/cto/d/2003-acura-mdx/6718390946.html,westernmass,2250,2003,acura,"mdx technology",,,gas,,clean,automatic,,,,,,https://images.craigslist.org/00t0t_fa9iFNnpvTR_600x450.jpg,42.586191,-72.593339
https://westernmass.craigslist.org/cto/d/chrylser-300c-awd/6718388881.html,westernmass,5500,2006,chrysler,"300 awd",good,"8 cylinders",gas,,clean,automatic,,4wd,full-size,sedan,green,https://images.craigslist.org/00c0c_3l7U4aEMg2R_600x450.jpg,42.8827,-73.1923
https://westernmass.craigslist.org/cto/d/2007-subaru-forester-25x-1/6718386752.html,westernmass,7500,2007,subaru,"forester 2.5x",excellent,"4 cylinders",gas,73518,clean,automatic,,,,,,https://images.craigslist.org/00e0e_bGpnRSt7Nl2_600x450.jpg,42.1764,-72.5761
https://westernmass.craigslist.org/cto/d/1995-honda-del-sol/6718385928.html,westernmass,1500,1995,honda,civic,good,"4 cylinders",gas,114000,clean,manual,,fwd,compact,convertible,green,https://images.craigslist.org/00P0P_dWxbRG7MUG6_600x450.jpg,,
https://westernmass.craigslist.org/cto/d/8ft-down-easter-dump-insert/6714340010.html,westernmass,2500,2017,,"2017 Dump",,,gas,,clean,other,,,,,,https://images.craigslist.org/00h0h_2XFXCAEObLl_600x450.jpg,42.1764,-72.5761
https://westernmass.craigslist.org/cto/d/2001-buick-century-title-in/6718379658.html,westernmass,800,2001,buick,"",,,gas,,clean,automatic,,,,,,https://images.craigslist.org/00X0X_3eiienbj4rK_600x450.jpg,42.4531,-73.2471
https://westernmass.craigslist.org/cto/d/1998-toyota-avalon-xl-1-owner/6715053311.html,westernmass,3500,1998,toyota,"avalon xl",excellent,"6 cylinders",gas,76000,clean,automatic,,fwd,,,blue,https://images.craigslist.org/00B0B_1p5NIxoJxzj_600x450.jpg,42.1764,-72.5761
https://westernmass.craigslist.org/cto/d/06-infiniti-fx45-v8-all-wheel/6714089217.html,westernmass,8800,2006,infiniti,fx45,excellent,"8 cylinders",gas,,clean,automatic,,4wd,,,grey,https://images.craigslist.org/00d0d_857WzHXG9zU_600x450.jpg,41.7777,-72.5244
https://westernmass.craigslist.org/cto/d/excellent-2008-chevrolet/6707198013.html,westernmass,3450,2008,chevrolet,"malibu classic",good,"6 cylinders",gas,128000,clean,automatic,,fwd,,,,https://images.craigslist.org/00Z0Z_d3HbXrU9EHG_600x450.jpg,42.139533,-72.525002
https://westernmass.craigslist.org/ctd/d/2012-ford-f150-xlt-ecoboost/6718380182.html,westernmass,13990,2012,ford,"f150 xlt",excellent,"6 cylinders",gas,144940,clean,automatic,1FTFW1ET0CKD43689,4wd,full-size,pickup,blue,https://images.craigslist.org/00j0j_6cEj2ezGvim_600x450.jpg,42.08521,-72.619828
https://westernmass.craigslist.org/cto/d/2005-toyota-highlander-v6-new/6714606970.html,westernmass,4500,2005,toyota,highlander,,,other,139239,clean,automatic,,,,,,https://images.craigslist.org/00X0X_3gtJnXl1xYE_600x450.jpg,41.321092,-72.839155
https://westernmass.craigslist.org/cto/d/2004-nissan-sentra/6718356859.html,westernmass,1500,2004,nissan,sentra,fair,"4 cylinders",gas,144000,clean,automatic,,fwd,compact,sedan,silver,https://images.craigslist.org/00I0I_jf5Ou7qn4ss_600x450.jpg,42.1145,-72.5543
https://westernmass.craigslist.org/ctd/d/2014-lexus-rx-450h-awd-4dr/6718359866.html,westernmass,20000,2014,lexus,rx,,,gas,104353,clean,automatic,JTJBC1BA0E2459131,4wd,,wagon,,https://images.craigslist.org/00k0k_jTe9JwMSuAq_600x450.jpg,41.552532,-72.999092
https://westernmass.craigslist.org/ctd/d/1997-jeep-wrangler-se-only/6718359494.html,westernmass,5995,1997,jeep,"wrangler 2dr se",good,"4 cylinders",gas,98338,clean,automatic,1J4FY29P8VP446811,4wd,,,,https://images.craigslist.org/01616_ah9q1dYVHNR_600x450.jpg,41.9099,-72.6029
https://westernmass.craigslist.org/cto/d/2005-ford-taurus-se/6718347479.html,westernmass,2750,2005,ford,"taurus se",good,"6 cylinders",gas,43750,clean,automatic,,fwd,full-size,sedan,brown,https://images.craigslist.org/00S0S_a5hlANPGTjh_600x450.jpg,42.104418,-72.633308
https://westernmass.craigslist.org/ctd/d/2016-nissan-altima-must-see/6718347146.html,westernmass,10995,2016,nissan,altima,excellent,"4 cylinders",gas,63658,clean,automatic,1N4AL3AP6GC141906,,,,,https://images.craigslist.org/00p0p_kLOkrbA1wpq_600x450.jpg,41.9099,-72.6029
https://westernmass.craigslist.org/ctd/d/2018-nissan-rogue-sl-awd-only/6718339747.html,westernmass,22495,2018,nissan,"rogue awd sl",excellent,"4 cylinders",gas,2768,clean,automatic,JN8AT2MV9JW316951,,,,,https://images.craigslist.org/01414_lga1VX0liYy_600x450.jpg,41.9099,-72.6029
https://westernmass.craigslist.org/cto/d/04-saab-9-5-aero-runs-drives/6714400471.html,westernmass,1100,2004,,"saab 9-5 aero",,,gas,,clean,automatic,,,,,,https://images.craigslist.org/00N0N_6D6ckxWRQQd_600x450.jpg,42.868728,-72.871266
https://westernmass.craigslist.org/cto/d/1984-camaro/6701754840.html,westernmass,2800,1984,chevrolet,camaro,,,gas,,clean,automatic,,,,,,https://images.craigslist.org/00k0k_ldZqSh3GzF3_600x450.jpg,42.0702,-72.6227
https://westernmass.craigslist.org/cto/d/1984-time-capsule-camaro/6698425094.html,westernmass,7500,1984,,camaro,excellent,"8 cylinders",gas,79000,clean,automatic,,rwd,mid-size,coupe,black,https://images.craigslist.org/00q0q_9e9LV8qLVKy_600x450.jpg,42.132736,-72.664352
https://westernmass.craigslist.org/cto/d/2004-chevy-tahoe/6700406355.html,westernmass,4200,2004,chevy,tahoe,good,"8 cylinders",gas,182000,clean,automatic,,4wd,full-size,SUV,white,https://images.craigslist.org/00606_7TLpqh1yR4H_600x450.jpg,42.132736,-72.664352
https://westernmass.craigslist.org/cto/d/16-altima-like-brand-new-21k/6716666907.html,westernmass,15250,2016,nissan,"altima 2.5","like new","4 cylinders",gas,21020,clean,automatic,,fwd,full-size,sedan,grey,https://images.craigslist.org/00y0y_bwyPG9EPj8t_600x450.jpg,42.075826,-72.755198
https://westernmass.craigslist.org/cto/d/2006-gmc-2500hd/6712105330.html,westernmass,3750,2006,gmc,2500hd,good,"8 cylinders",gas,197000,clean,automatic,,rwd,full-size,truck,green,https://images.craigslist.org/00y0y_bXLBpe12lps_600x450.jpg,42.074323,-72.752254
https://westernmass.craigslist.org/cto/d/2010-crown-vic-police/6712048335.html,westernmass,4850,2010,,"crown vic police interceptor",good,"8 cylinders",gas,38000,clean,automatic,,rwd,full-size,sedan,black,https://images.craigslist.org/01111_dZ5yzbN1UK9_600x450.jpg,42.085931,-72.750228
https://westernmass.craigslist.org/cto/d/2004-jeep-grand-cherokee-4x4/6702299980.html,westernmass,1495,2004,jeep,"grand cherokee",good,"6 cylinders",gas,215000,clean,automatic,,4wd,full-size,SUV,blue,https://images.craigslist.org/00K0K_45uefeI0Vbk_600x450.jpg,42.085931,-72.750228
https://westernmass.craigslist.org/cto/d/1999-vw-passat-wagon-sunroof/6712049373.html,westernmass,1500,1999,volkswagen,passat,good,"4 cylinders",gas,217000,clean,automatic,,fwd,full-size,wagon,black,https://images.craigslist.org/00Q0Q_bxyk7HiaB4y_600x450.jpg,42.085931,-72.750228
https://westernmass.craigslist.org/cto/d/1992-firebird-convertible/6697450257.html,westernmass,4995,1992,pontiac,"firebird convertible",good,"8 cylinders",gas,125000,clean,automatic,,rwd,,,,https://images.craigslist.org/00i0i_dguVUzejCSo_600x450.jpg,42.2247,-72.7194
https://westernmass.craigslist.org/cto/d/2005-honda-civic-lx-special/6718306062.html,westernmass,4200,2005,honda,"civic lx special edition",excellent,"4 cylinders",gas,168000,clean,automatic,,fwd,,,silver,https://images.craigslist.org/00b0b_fuSjbNuvmIi_600x450.jpg,42.1764,-72.5761
https://nesd.craigslist.org/cto/d/1999-vw-jetta-700-obo/6718587875.html,nesd,700,1999,,"1999 jetta",fair,"4 cylinders",gas,,clean,manual,,fwd,,sedan,red,https://images.craigslist.org/00606_f3MEk0f3YGI_600x450.jpg,44.9043,-97.124
https://nesd.craigslist.org/cto/d/1996-toyota-tacoma-sr5/6718557490.html,nesd,1500,1996,,"oyota Tacoma SR5",,,gas,,clean,automatic,,,,,,https://images.craigslist.org/00S0S_81PNZeQd20j_600x450.jpg,44.359,-98.2163
https://nesd.craigslist.org/ctd/d/2012-ram-1500-longhorn/6718388897.html,nesd,23777,2012,ram,1500,,"8 cylinders",gas,93873,clean,other,1C6RD7PT8CS106684,4wd,,truck,black,https://images.craigslist.org/00o0o_lbV69ukRzD1_600x450.jpg,44.740067,-94.714901
https://nesd.craigslist.org/cto/d/internationale-school-bus/6716020089.html,nesd,3700,1996,,"International 3800 444E",excellent,"8 cylinders",diesel,78000,clean,automatic,,rwd,full-size,bus,yellow,https://images.craigslist.org/00t0t_fOE0FXBHWgk_600x450.jpg,44.7497,-93.2029
https://nesd.craigslist.org/cto/d/2008-jeep-grand-cherokee/6718306993.html,nesd,6000,2008,jeep,"grand cherokee",,,gas,,clean,automatic,,,,,,https://images.craigslist.org/00B0B_90BEyCut2UW_600x450.jpg,44.596642,-97.460403
https://nesd.craigslist.org/cto/d/1967-c2500-gmc/6718290561.html,nesd,5900,1967,gmc,"",good,"6 cylinders",gas,,clean,manual,,rwd,full-size,truck,green,https://images.craigslist.org/00K0K_c9hXOqZgdnf_600x450.jpg,45.4661,-98.4856
https://nesd.craigslist.org/cto/d/oldsmobile-98/6718279547.html,nesd,1,1990,,"olds 98",,,gas,9300,clean,automatic,,,,,,https://images.craigslist.org/00J0J_hLGoVIbdwjN_600x450.jpg,48.3689,-97.4373
https://nesd.craigslist.org/cto/d/f150-offroad-4x4/6714349337.html,nesd,2,2005,ford,f150,,,gas,,clean,automatic,,,,,,https://images.craigslist.org/00707_2qekv9yGOe7_600x450.jpg,43.524,-96.7341
https://nesd.craigslist.org/cto/d/c50-dump-truck-3750-price/6718154938.html,nesd,3750,1970,chevy,c50,good,,gas,,clean,manual,,,,,,https://images.craigslist.org/00A0A_bPM7DfOAwQw_600x450.jpg,45.462204,-98.458911
https://nesd.craigslist.org/cto/d/1989-chevy-g30-van/6718138967.html,nesd,1500,1989,chevy,g30,good,,gas,,clean,automatic,,,,,brown,https://images.craigslist.org/00D0D_5OuzOyyrfYd_600x450.jpg,45.462204,-98.458911
https://nesd.craigslist.org/ctd/d/2007-dodge-ram-1500-laramiesl/6718024397.html,nesd,16777,2007,ram,1500,,"8 cylinders",gas,131820,clean,other,3D7KS19DX7G803862,4wd,,truck,grey,https://images.craigslist.org/00505_ci9cnEOcqgq_600x450.jpg,44.740067,-94.714901
https://nesd.craigslist.org/ctd/d/2013-subaru-outback-25i/6718023650.html,nesd,14777,2013,subaru,outback,,"4 cylinders",gas,117864,clean,other,4S4BRBLC9D3249820,4wd,,wagon,grey,https://images.craigslist.org/00i0i_1e1Romz0JoT_600x450.jpg,44.740067,-94.714901
https://nesd.craigslist.org/cto/d/2013-maxda3-sport/6717934237.html,nesd,6800,2013,mazda,"3 i sport",excellent,"4 cylinders",gas,67800,clean,automatic,,fwd,compact,coupe,grey,https://images.craigslist.org/00J0J_g1NT94oyWHi_600x450.jpg,45.4661,-98.4856
https://nesd.craigslist.org/ctd/d/2017-chrysler-300-series/6717844050.html,nesd,21777,2017,chrysler,300-series,,"6 cylinders",gas,29457,clean,other,2C3CCABG4HH662857,rwd,,sedan,silver,https://images.craigslist.org/00i0i_9NgeLLReM2q_600x450.jpg,44.740067,-94.714901
https://nesd.craigslist.org/ctd/d/2010-ford-150/6717843825.html,nesd,15777,2010,ford,f-150,,"8 cylinders",gas,131052,clean,other,1FTFW1EV2AKA83147,,,truck,silver,https://images.craigslist.org/00z0z_gRrpc4hE3sB_600x450.jpg,44.740067,-94.714901
https://nesd.craigslist.org/cto/d/chevrolet-bel-air/6700855181.html,nesd,16742,1957,chevrolet,"",,,gas,,clean,automatic,,,,,,https://images.craigslist.org/01212_EPYwYiaMdW_600x450.jpg,46.276,-96.0904
https://nesd.craigslist.org/cto/d/2005-chevy-avalanche-z71/6717796805.html,nesd,6000,2005,chevy,avalanche,good,"8 cylinders",gas,,clean,automatic,,4wd,,,,https://images.craigslist.org/00S0S_hkl9jkUNNIt_600x450.jpg,43.3451,-96.8821
https://nesd.craigslist.org/cto/d/2008-ford-expedition-eddie/6717700885.html,nesd,9500,2008,ford,"expedition eddie bauer",good,"8 cylinders",gas,142000,clean,automatic,1FMFU18568LA47611,4wd,full-size,SUV,blue,https://images.craigslist.org/00P0P_8zbtp99QJrm_600x450.jpg,44.907405,-97.163672
https://nesd.craigslist.org/cto/d/package-deal/6717677423.html,nesd,1800,1976,chevrolet,"",,,gas,,clean,manual,,,,,,https://images.craigslist.org/00N0N_l61s2WLMroo_600x450.jpg,44.7362,-97.5307
https://nesd.craigslist.org/cto/d/2008-dodge-ram-1500-quad-cab/6717667227.html,nesd,8500,2008,ram,"1500 4x4",good,"8 cylinders",gas,142000,salvage,automatic,,4wd,full-size,truck,grey,https://images.craigslist.org/00p0p_dVroVbwb97d_600x450.jpg,44.9043,-97.124
https://nesd.craigslist.org/cto/d/2012-jeep-liberty-sport-4wd/6717638333.html,nesd,8800,2012,jeep,"liberty 4wd 4dr sport",excellent,"6 cylinders",gas,,clean,automatic,,4wd,,SUV,red,https://images.craigslist.org/00j0j_eKyCo75m8Rx_600x450.jpg,45.4125,-96.856
https://nesd.craigslist.org/cto/d/lifted-2007-chevy-silverado-lt/6717624174.html,nesd,16500,2007,chevy,"silverado lt 1500",good,"8 cylinders",gas,205000,clean,automatic,,4wd,full-size,pickup,red,https://images.craigslist.org/00X0X_16t4gBCpzRA_600x450.jpg,45.6069,-96.8062
https://nesd.craigslist.org/cto/d/2012-ext-cab-4x4blue/6694632957.html,nesd,14900,2012,ford,"f150 ext cab",excellent,"8 cylinders",gas,134000,clean,automatic,1F2FX1EF52XB95281,4wd,full-size,pickup,blue,https://images.craigslist.org/00e0e_2Xu1nEXsjN0_600x450.jpg,44.888178,-97.067656
https://nesd.craigslist.org/cto/d/2015-honda-accord-lx/6714690700.html,nesd,13500,2015,honda,accord,excellent,"4 cylinders",gas,62000,clean,automatic,1HGCR2F33FA160197,fwd,full-size,sedan,grey,https://images.craigslist.org/00M0M_cQ6wKgbDSRk_600x450.jpg,44.658006,-97.206945
https://nesd.craigslist.org/cto/d/2000-bmw-323ci/6716874267.html,nesd,2600,2000,bmw,"3 series",fair,"6 cylinders",gas,,clean,manual,,rwd,mid-size,coupe,grey,https://images.craigslist.org/00U0U_gHwCf6AeA2f_600x450.jpg,45.309424,-96.44434
https://nesd.craigslist.org/ctd/d/2012-ram-1500-slt/6716825402.html,nesd,19777,2012,ram,1500,,"8 cylinders",gas,99384,clean,other,1C6RD7LT5CS161275,4wd,,truck,white,https://images.craigslist.org/00w0w_aGGxXgMQMia_600x450.jpg,44.740067,-94.714901
https://nesd.craigslist.org/cto/d/1999-dodge-durango/6707347354.html,nesd,3500,1999,dodge,durango,fair,,gas,,clean,automatic,,4wd,,SUV,grey,https://images.craigslist.org/00q0q_5eYHeVjqXql_600x450.jpg,45.3151,-97.5254
https://nesd.craigslist.org/cto/d/2007-impala/6716626725.html,nesd,1200,2007,chevrolet,"impala ls",fair,"6 cylinders",gas,189955,clean,manual,,,,sedan,,https://images.craigslist.org/00x0x_i4NuQvzjBYM_600x450.jpg,45.4661,-98.4856
https://nesd.craigslist.org/ctd/d/2012-kia-sportage-lx/6716523576.html,nesd,12777,2012,kia,sportage,,"4 cylinders",gas,94762,clean,other,KNDPBCA20C7237111,4wd,,SUV,red,https://images.craigslist.org/00k0k_c8vxyNKddB4_600x450.jpg,44.740067,-94.714901
https://nesd.craigslist.org/ctd/d/2006-ford-150/6716523198.html,nesd,5777,2006,ford,f-150,,"8 cylinders",gas,,clean,other,1FTPX14V66KD79427,4wd,,truck,,https://images.craigslist.org/00505_A75W9mQ6nm_600x450.jpg,44.740067,-94.714901
https://nesd.craigslist.org/ctd/d/2002-chevrolet-trailblazer/6716369198.html,nesd,5777,2002,chevrolet,trailblazer,,"6 cylinders",gas,158326,clean,other,1GNDT13S022274938,4wd,,SUV,green,https://images.craigslist.org/00b0b_552NTiF7NLc_600x450.jpg,44.740067,-94.714901
https://nesd.craigslist.org/ctd/d/2018-chevrolet-impala-lt/6716369039.html,nesd,21777,2018,chevrolet,impala,,"6 cylinders",gas,22955,clean,other,2G1105S33J9110372,fwd,,sedan,grey,https://images.craigslist.org/00T0T_7pA8U4cYo7V_600x450.jpg,44.740067,-94.714901
https://nesd.craigslist.org/cto/d/2002-f150-lariat-4x4-crew-cab/6713706167.html,nesd,2950,2002,ford,f150,,,gas,,clean,automatic,,,,,,https://images.craigslist.org/00u0u_bBk83mKC661_600x450.jpg,45.300105,-96.964725
https://nesd.craigslist.org/cto/d/2011-gmc-acadia-slt/6716225490.html,nesd,11000,2011,gmc,acadia,excellent,,gas,125500,clean,automatic,,,,SUV,brown,https://images.craigslist.org/00F0F_5iAjPngjFY8_600x450.jpg,44.4995,-96.4078
https://nesd.craigslist.org/cto/d/1994-plymouth-grand-voyager/6716185541.html,nesd,1100,1994,,"plymouth grand voyager",good,"6 cylinders",gas,,clean,automatic,,,,mini-van,white,https://images.craigslist.org/00z0z_3vLPjKazFuG_600x450.jpg,45.4661,-98.4856
https://nesd.craigslist.org/cto/d/1998-lincoln-continental/6716010412.html,nesd,2800,1998,lincoln,continental,good,"8 cylinders",gas,72400,salvage,automatic,,fwd,full-size,sedan,red,https://images.craigslist.org/00A0A_j83mpRjjU7J_600x450.jpg,45.2061,-96.6255
https://nesd.craigslist.org/ctd/d/2016-chevrolet-corvette-z51/6716010536.html,nesd,44777,2016,chevrolet,corvette,,"8 cylinders",gas,22568,clean,other,1G1YH2D70G5105044,rwd,,coupe,silver,https://images.craigslist.org/00E0E_bmkW9D7lFBj_600x450.jpg,44.740067,-94.714901
https://nesd.craigslist.org/cto/d/1988-ford-e150-window-van/6699621551.html,nesd,750,1988,ford,e150,fair,"6 cylinders",gas,150000,clean,manual,1FDEE14Y2JHC03158,rwd,full-size,van,blue,https://images.craigslist.org/00Q0Q_8nScWJY41xY_600x450.jpg,45.494829,-95.795769
https://nesd.craigslist.org/cto/d/1997-chrysler-concorde/6715760213.html,nesd,1200,1997,chrysler,concorde,good,,gas,94041,clean,automatic,2C3HD56F4VH661134,,,,,https://images.craigslist.org/00C0C_57i15yeOCW2_600x450.jpg,45.446378,-98.463078
https://nesd.craigslist.org/cto/d/2001-f250/6705020839.html,nesd,7500,2001,ford,f-250,good,,diesel,238000,clean,automatic,,4wd,,,,https://images.craigslist.org/00L0L_2Obf1wM8fIC_600x450.jpg,45.4125,-96.856
https://nesd.craigslist.org/ctd/d/2015-toyota-tacoma-base/6715668423.html,nesd,26777,2015,toyota,tacoma,,"6 cylinders",gas,92883,clean,other,5TFLU4EN8FX120335,4wd,,truck,red,https://images.craigslist.org/00O0O_a1nZp6AsU2p_600x450.jpg,44.740067,-94.714901
https://nesd.craigslist.org/ctd/d/2015-chevrolet-silverado-1500/6715668245.html,nesd,33777,2015,chevrolet,"silverado 1500",,"8 cylinders",gas,59177,clean,other,3GCUKTEC7FG349645,4wd,,truck,black,https://images.craigslist.org/00c0c_a9toGKTCJX5_600x450.jpg,44.740067,-94.714901
https://nesd.craigslist.org/ctd/d/2009-gmc-sierra-1500-work/6715495163.html,nesd,14777,2009,gmc,"sierra 1500",,"8 cylinders",gas,113391,clean,other,2GTEK190991101824,4wd,,truck,red,https://images.craigslist.org/00S0S_iw6W02TQunQ_600x450.jpg,44.740067,-94.714901
https://nesd.craigslist.org/ctd/d/2016-jeep-grand-cherokee/6715495005.html,nesd,25777,2016,jeep,"grand cherokee",,"6 cylinders",gas,90896,clean,other,1C4RJFBG1GC302407,4wd,,SUV,black,https://images.craigslist.org/00i0i_jo0i33ZlABV_600x450.jpg,44.740067,-94.714901
https://nesd.craigslist.org/cto/d/1974-k10-4xturbo/6715352252.html,nesd,2500,1974,chevrolet,"",fair,"8 cylinders",gas,,clean,automatic,,4wd,full-size,pickup,black,https://images.craigslist.org/00Z0Z_dHi7wadBFVu_600x450.jpg,44.896586,-97.119744
https://nesd.craigslist.org/ctd/d/2017-jeep-renegade-trailhawk/6715128653.html,nesd,22777,2017,jeep,renegade,,"4 cylinders",gas,14667,clean,other,ZACCJBCB3HPF94219,4wd,,SUV,silver,https://images.craigslist.org/00s0s_NvGiZWpVC5_600x450.jpg,44.740067,-94.714901
https://nesd.craigslist.org/ctd/d/2009-jeep-grand-cherokee/6715128331.html,nesd,13777,2009,jeep,"grand cherokee",,"6 cylinders",gas,110344,clean,other,1J8GR48K39C544742,4wd,,SUV,silver,https://images.craigslist.org/00N0N_cmoD2A8Qki1_600x450.jpg,44.740067,-94.714901
https://nesd.craigslist.org/ctd/d/2016-subaru-outback-25i/6715127931.html,nesd,18777,2016,subaru,outback,,"4 cylinders",gas,94664,clean,other,4S4BSACC7G3284343,4wd,,SUV,blue,https://images.craigslist.org/00707_fzUN9wC7Cf2_600x450.jpg,44.740067,-94.714901
https://nesd.craigslist.org/ctd/d/2007-chevrolet-cobalt-lt/6715127783.html,nesd,2577,2007,chevrolet,cobalt,,"4 cylinders",gas,125478,clean,other,1G1AL15F177162180,fwd,,coupe,yellow,https://images.craigslist.org/00u0u_7J9SmGxOcrq_600x450.jpg,44.740067,-94.714901
https://nesd.craigslist.org/ctd/d/2010-chevrolet-silverado-1500/6715127619.html,nesd,18777,2010,chevrolet,"silverado 1500",,"8 cylinders",gas,92350,clean,other,3GCRKSE31AG296045,4wd,,truck,grey,https://images.craigslist.org/00h0h_bl6RTF5pSgJ_600x450.jpg,44.740067,-94.714901
https://nesd.craigslist.org/cto/d/2002-ford-ranger-parts-or/6714454295.html,nesd,1500,2002,ford,ranger,salvage,"6 cylinders",gas,144000,salvage,automatic,,4wd,mid-size,,white,https://images.craigslist.org/00R0R_iIH658U19nR_600x450.jpg,44.9043,-97.124
https://nesd.craigslist.org/cto/d/03-silverado/6714359758.html,nesd,3100,2003,chevy,silverado,fair,"8 cylinders",gas,211500,clean,automatic,,4wd,,,,https://images.craigslist.org/00s0s_pJgYr6CbTL_600x450.jpg,45.1611,-98.6589
https://nesd.craigslist.org/ctd/d/2013-ford-150/6714257148.html,nesd,19777,2013,ford,f-150,,"8 cylinders",gas,104859,clean,other,1FTFX1EF3DKD75044,4wd,,truck,black,https://images.craigslist.org/00B0B_4AG6gPKJEdw_600x450.jpg,44.740067,-94.714901
https://nesd.craigslist.org/ctd/d/2006-chevrolet-impala-lt-35l/6714256974.html,nesd,4777,2006,chevrolet,impala,,"6 cylinders",gas,143805,clean,other,2G1WT55K469171107,fwd,,sedan,silver,https://images.craigslist.org/00I0I_crBoIGIwary_600x450.jpg,44.740067,-94.714901
https://nesd.craigslist.org/cto/d/2011-chevy-equinox-lt-awd/6714085094.html,nesd,4800,2011,chevy,equinox,,,gas,,clean,automatic,,,,,,https://images.craigslist.org/00W0W_9jU2F6RgSC_600x450.jpg,-25.2323,-4.822175
https://nesd.craigslist.org/cto/d/honda-accord-4dr-sedan/6714019825.html,nesd,16000,2017,honda,"accord 4-door sedan",excellent,,gas,22000,clean,automatic,,,full-size,sedan,grey,https://images.craigslist.org/00505_68wWnQSHKO8_600x450.jpg,46.1095,-98.2257
https://nesd.craigslist.org/ctd/d/2013-jeep-wrangler-unlimited/6713749612.html,nesd,22777,2013,jeep,"wrangler unlimited",,"6 cylinders",gas,122015,clean,other,1C4BJWEG0DL532402,4wd,,SUV,blue,https://images.craigslist.org/01313_r1JxCqQyRz_600x450.jpg,44.740067,-94.714901
https://nesd.craigslist.org/ctd/d/2013-chevrolet-tahoe-ltz/6713749331.html,nesd,22877,2013,chevrolet,tahoe,,"8 cylinders",gas,123966,clean,other,1GNSKCE09DR258362,4wd,,SUV,white,https://images.craigslist.org/00X0X_18FvWfqirme_600x450.jpg,44.740067,-94.714901
https://nesd.craigslist.org/cto/d/2007-mitsubishi-eclipse-gt/6713374005.html,nesd,5900,2007,mitsubishi,"eclipse gt",good,"6 cylinders",gas,145564,clean,manual,4A3AK34T47E003692,fwd,,coupe,silver,https://images.craigslist.org/00303_l9hA1e4SUVn_600x450.jpg,45.289951,-96.46026
https://nesd.craigslist.org/ctd/d/2007-ford-150-fx4lariat/6713370114.html,nesd,13777,2007,ford,f-150,,"8 cylinders",gas,109518,clean,other,1FTPX14V77FB09701,4wd,,truck,black,https://images.craigslist.org/00V0V_kYiT4ZKN5Rl_600x450.jpg,44.740067,-94.714901
https://nesd.craigslist.org/cto/d/for-sale/6713127655.html,nesd,1900,2001,chrysler,300m,good,"6 cylinders",gas,189800,clean,automatic,,fwd,full-size,sedan,silver,https://images.craigslist.org/00t0t_cmpgd0KLbh9_600x450.jpg,40.981312,-74.073086
https://nesd.craigslist.org/ctd/d/2009-gmc-yukon-hybrid/6713022749.html,nesd,7777,2009,gmc,"yukon hybrid",,"8 cylinders",hybrid,229742,clean,other,1GKFK13519R113616,4wd,,SUV,white,https://images.craigslist.org/00t0t_74KIIQTZXGT_600x450.jpg,44.740067,-94.714901
https://nesd.craigslist.org/ctd/d/2017-jeep-renegade-trailhawk/6713022554.html,nesd,22777,2017,jeep,renegade,,"4 cylinders",gas,14667,clean,other,ZACCJBCB3HPF94219,4wd,,SUV,silver,https://images.craigslist.org/00s0s_NvGiZWpVC5_600x450.jpg,44.740067,-94.714901
https://nesd.craigslist.org/ctd/d/2003-gmc-yukon-xl-denali/6712850264.html,nesd,4977,2003,gmc,"yukon xl denali",,"8 cylinders",gas,215061,clean,other,1GKFK66U13J181484,4wd,,SUV,green,https://images.craigslist.org/00P0P_bkuDEwpbnCN_600x450.jpg,44.740067,-94.714901
https://nesd.craigslist.org/ctd/d/2014-chevrolet-suburban-ltz/6712850061.html,nesd,26777,2014,chevrolet,suburban,,"8 cylinders",gas,100695,clean,other,1GNSKKE75ER149633,4wd,,SUV,white,https://images.craigslist.org/00Q0Q_6nYVK7m8een_600x450.jpg,44.740067,-94.714901
https://nesd.craigslist.org/cto/d/2004-chev-suburban/6712773777.html,nesd,8900,2004,chevy,suburban,good,"8 cylinders",gas,,clean,automatic,,4wd,full-size,sedan,white,https://images.craigslist.org/00000_2ZaYkGWq9yA_600x450.jpg,46.3073,-98.9427
https://nesd.craigslist.org/cto/d/2010-chevy-traverse/6692388522.html,nesd,6500,2010,chevrolet,"traverse lt",good,"6 cylinders",gas,173000,salvage,automatic,,4wd,,SUV,grey,https://images.craigslist.org/00y0y_jpo9H6ykkBW_600x450.jpg,45.6732,-97.0715
https://nesd.craigslist.org/cto/d/2013-subaru-forester/6706747899.html,nesd,10500,2013,subaru,"forester awd",excellent,,gas,80000,salvage,automatic,,,,SUV,,https://images.craigslist.org/00606_937K6qa1In0_600x450.jpg,44.5844,-97.2009
https://nesd.craigslist.org/cto/d/2012-ram/6712552374.html,nesd,19500,2012,ram,1500,,,gas,,clean,automatic,,,,,,https://images.craigslist.org/00H0H_5vpJlqLrpdV_600x450.jpg,45.4661,-98.4856
https://nesd.craigslist.org/cto/d/95-chevy-k1500/6712524396.html,nesd,2500,1995,chevy,"k1500 4x4",good,"8 cylinders",gas,233000,clean,automatic,,4wd,full-size,pickup,black,https://images.craigslist.org/01212_k203V1qORyv_600x450.jpg,44.354567,-98.227089
https://nesd.craigslist.org/ctd/d/2012-chevrolet-tahoe-ltz/6712457844.html,nesd,24777,2012,chevrolet,tahoe,,"8 cylinders",gas,110061,clean,other,1GNSKCE00CR116626,4wd,,SUV,black,https://images.craigslist.org/00K0K_18L0GuiF3Tc_600x450.jpg,44.740067,-94.714901
https://nesd.craigslist.org/cto/d/2001-dodge-ram-2500/6712362832.html,nesd,7000,2001,ram,2500,,,gas,140000,clean,manual,,,,,red,https://images.craigslist.org/00p0p_9q8yP1fIp1P_600x450.jpg,44.9043,-97.124
https://nesd.craigslist.org/cto/6712282698.html,nesd,5400,2012,volvo,xc60,,,gas,,clean,automatic,,,,,,https://images.craigslist.org/00303_hwGiUpuJpxP_600x450.jpg,43.0874,-96.7813
https://nesd.craigslist.org/cto/d/2012-infiniti-g/6712212196.html,nesd,5000,2012,infiniti,"g37 sport",,,gas,,clean,automatic,,,,,,https://images.craigslist.org/00G0G_j3oisHBHz52_600x450.jpg,38.4388,-99.9029
https://nesd.craigslist.org/ctd/d/2017-hyundai-sonata-24l/6712113499.html,nesd,13777,2017,hyundai,sonata,,"4 cylinders",gas,46603,clean,other,5NPE24AF7HH501590,fwd,,sedan,silver,https://images.craigslist.org/01515_e0xI7lnblp8_600x450.jpg,44.740067,-94.714901
https://nesd.craigslist.org/ctd/d/2009-jeep-grand-cherokee/6712113273.html,nesd,13777,2009,jeep,"grand cherokee",,"6 cylinders",gas,110344,clean,other,1J8GR48K39C544742,4wd,,SUV,silver,https://images.craigslist.org/00N0N_cmoD2A8Qki1_600x450.jpg,44.740067,-94.714901
https://nesd.craigslist.org/cto/d/dodge-caravan/6712027069.html,nesd,8900,2012,dodge,caravan,good,"6 cylinders",gas,117000,clean,automatic,,fwd,,,grey,https://images.craigslist.org/01414_hWTWdU29ZND_600x450.jpg,46.3073,-98.9427
https://nesd.craigslist.org/ctd/d/2014-ford-150/6711939412.html,nesd,28777,2014,ford,f-150,,"8 cylinders",gas,64960,clean,other,1FTFW1EF9EFC21242,4wd,,truck,black,https://images.craigslist.org/00O0O_4wUk5nISsXo_600x450.jpg,44.740067,-94.714901
https://nesd.craigslist.org/ctd/d/2017-chevrolet-cruze-lt/6711939098.html,nesd,13977,2017,chevrolet,cruze,,"4 cylinders",gas,45076,clean,other,1G1BE5SM6H7110943,fwd,,sedan,red,https://images.craigslist.org/00Q0Q_36eZQdmMLHm_600x450.jpg,44.740067,-94.714901
https://nesd.craigslist.org/cto/d/hyundai-sonata-gls-2009/6711785367.html,nesd,4200,2009,hyundai,"sonata gls 2009","like new","4 cylinders",gas,145000,clean,automatic,,fwd,full-size,sedan,red,https://images.craigslist.org/00K0K_aW3ntXd6Xz_600x450.jpg,44.9043,-97.124
https://nesd.craigslist.org/cto/d/1965-chevy-impala/6688291168.html,nesd,16000,1965,chevy,impala,,"8 cylinders",gas,,clean,automatic,,,,,,https://images.craigslist.org/00N0N_lcy9aM1pKTl_600x450.jpg,43.5486,-96.6332
https://nesd.craigslist.org/cto/d/kia-sorento-tiresr18-am-fm/6692620528.html,nesd,4400,2013,,"Has 66,809 miles","like new","6 cylinders",gas,,clean,automatic,,4wd,full-size,SUV,white,https://images.craigslist.org/00o0o_2zTVwfzmQxH_600x450.jpg,45.4661,-98.4856
https://nesd.craigslist.org/cto/d/2010-peterbilt-389/6711250012.html,nesd,65000,2010,,"Peterbilt 389",excellent,"6 cylinders",diesel,860000,clean,manual,,,,other,silver,https://images.craigslist.org/00A0A_49yz2Oc9op9_600x450.jpg,45.378679,-98.206458
https://nesd.craigslist.org/cto/d/99-chevy-silverado-1500/6686521958.html,nesd,1000,1999,chevy,"",fair,"8 cylinders",gas,,clean,automatic,1gcek19t2xe189766,4wd,full-size,,,https://images.craigslist.org/00Z0Z_2nopnZmc3pa_600x450.jpg,45.218868,-96.633011
https://nesd.craigslist.org/ctd/d/2016-subaru-outback-25i/6710895937.html,nesd,18777,2016,subaru,outback,,"4 cylinders",gas,94664,clean,other,4S4BSACC7G3284343,4wd,,SUV,blue,https://images.craigslist.org/00707_fzUN9wC7Cf2_600x450.jpg,44.740067,-94.714901
https://nesd.craigslist.org/ctd/d/2012-jeep-wrangler-unlimited/6710895763.html,nesd,22777,2012,jeep,"wrangler unlimited",,"6 cylinders",gas,71649,clean,other,1C4BJWDG8CL258303,4wd,,SUV,black,https://images.craigslist.org/00Y0Y_huf6W9XSPxN_600x450.jpg,44.740067,-94.714901
https://nesd.craigslist.org/cto/d/chrysler-sebring-gtc/6710770119.html,nesd,5400,2006,chrysler,"sebring convertible",,,gas,112000,clean,automatic,,,,,,https://images.craigslist.org/00808_ku61n3J48X3_600x450.jpg,45.133,-70.1347
https://nesd.craigslist.org/ctd/d/2018-kia-sportage-lx/6710592342.html,nesd,18888,2018,kia,sportage,,"4 cylinders",gas,29976,clean,other,KNDPMCAC6J7306304,4wd,,SUV,silver,https://images.craigslist.org/00202_6QxLOKtDz4G_600x450.jpg,44.740067,-94.714901
https://nesd.craigslist.org/ctd/d/2017-infiniti-qx70/6710592168.html,nesd,23777,2017,infiniti,qx70,,"6 cylinders",gas,40086,clean,other,JN8CS1MU7HM142123,rwd,,SUV,silver,https://images.craigslist.org/01111_gY0TapYdMbB_600x450.jpg,44.740067,-94.714901
https://nesd.craigslist.org/ctd/d/2017-gmc-yukon-denali/6710591962.html,nesd,43777,2017,gmc,"yukon denali",,"8 cylinders",gas,62500,clean,other,1GKS2CKJ7HR119914,4wd,,SUV,white,https://images.craigslist.org/00p0p_8FssxoFrU2J_600x450.jpg,44.740067,-94.714901
https://nesd.craigslist.org/ctd/d/2009-pontiac-g8/6710443365.html,nesd,9777,2009,pontiac,g8,,"6 cylinders",gas,107026,clean,other,6G2ER57719L185366,rwd,,sedan,red,https://images.craigslist.org/00E0E_dWVYmARbWPm_600x450.jpg,44.740067,-94.714901
https://nesd.craigslist.org/ctd/d/2015-chrysler-town-country/6710443193.html,nesd,15777,2015,chrysler,"town & country",,"6 cylinders",gas,105142,clean,other,2C4RC1BG6FR673274,fwd,,van,red,https://images.craigslist.org/00E0E_7PEUbmESvdQ_600x450.jpg,44.740067,-94.714901
https://nesd.craigslist.org/ctd/d/2007-dodge-ram-1500-laramiesl/6710443000.html,nesd,16777,2007,ram,1500,,"8 cylinders",gas,131820,clean,other,3D7KS19DX7G803862,4wd,,truck,grey,https://images.craigslist.org/00505_ci9cnEOcqgq_600x450.jpg,44.740067,-94.714901
https://nesd.craigslist.org/cto/d/dirt-late-model/6703990820.html,nesd,12500,2008,,"08 late model",,,other,,clean,manual,,,,,,https://images.craigslist.org/00R0R_gXtHnIoPw87_600x450.jpg,45.433374,-99.024227
https://nesd.craigslist.org/cto/d/1966-chevrolet-dump-bed-truck/6703321206.html,nesd,3100,1996,chevrolet,"",excellent,,gas,,clean,manual,,rwd,,other,orange,https://images.craigslist.org/00V0V_1G3vBoGxCP7_600x450.jpg,45.433374,-99.024227
https://nesd.craigslist.org/cto/d/2006-f250-lariat-super-duty/6703304966.html,nesd,14500,2006,ford,f250,excellent,"8 cylinders",diesel,,clean,automatic,,4wd,full-size,pickup,white,https://images.craigslist.org/00X0X_4C1bTcSuf3R_600x450.jpg,45.433374,-99.024227
https://nesd.craigslist.org/ctd/d/2015-ford-super-duty-350-srw/6710084536.html,nesd,26777,2015,ford,"super duty f-350 srw",,"8 cylinders",gas,152683,clean,other,1FT8W3B66FEB41509,4wd,,truck,brown,https://images.craigslist.org/00I0I_8kuZGkSL9kq_600x450.jpg,44.740067,-94.714901
https://nesd.craigslist.org/ctd/d/2013-subaru-outback-25i/6710084092.html,nesd,14777,2013,subaru,outback,,"4 cylinders",gas,117864,clean,other,4S4BRBLC9D3249820,4wd,,wagon,grey,https://images.craigslist.org/00i0i_1e1Romz0JoT_600x450.jpg,44.740067,-94.714901
https://nesd.craigslist.org/ctd/d/2012-kia-sportage-lx/6709749230.html,nesd,12777,2012,kia,sportage,,"4 cylinders",gas,94762,clean,other,KNDPBCA20C7237111,4wd,,SUV,red,https://images.craigslist.org/00k0k_c8vxyNKddB4_600x450.jpg,44.740067,-94.714901
https://nesd.craigslist.org/ctd/d/2006-ford-150/6709748546.html,nesd,5777,2006,ford,f-150,,"8 cylinders",gas,,clean,other,1FTPX14V66KD79427,4wd,,truck,,https://images.craigslist.org/00505_A75W9mQ6nm_600x450.jpg,44.740067,-94.714901
https://nesd.craigslist.org/ctd/d/2017-chrysler-300-series/6709748289.html,nesd,21777,2017,chrysler,300-series,,"6 cylinders",gas,29457,clean,other,2C3CCABG4HH662857,rwd,,sedan,silver,https://images.craigslist.org/00i0i_9NgeLLReM2q_600x450.jpg,44.740067,-94.714901
https://nesd.craigslist.org/ctd/d/2002-chevrolet-trailblazer/6709582431.html,nesd,5777,2002,chevrolet,trailblazer,,"6 cylinders",gas,158326,clean,other,1GNDT13S022274938,4wd,,SUV,green,https://images.craigslist.org/00b0b_552NTiF7NLc_600x450.jpg,44.740067,-94.714901
https://nesd.craigslist.org/ctd/d/2015-toyota-tacoma-base/6709582231.html,nesd,26777,2015,toyota,tacoma,,"6 cylinders",gas,92883,clean,other,5TFLU4EN8FX120335,4wd,,truck,red,https://images.craigslist.org/00O0O_a1nZp6AsU2p_600x450.jpg,44.740067,-94.714901
https://nesd.craigslist.org/ctd/d/2010-ford-150/6709582022.html,nesd,15777,2010,ford,f-150,,"8 cylinders",gas,131052,clean,other,1FTFW1EV2AKA83147,,,truck,silver,https://images.craigslist.org/00z0z_gRrpc4hE3sB_600x450.jpg,44.740067,-94.714901
https://nesd.craigslist.org/ctd/d/2004-chevrolet-silverado/6709220677.html,nesd,12777,2004,chevrolet,"silverado 2500hd",,"8 cylinders",gas,134044,clean,other,1GCHK23UX4F210566,4wd,,truck,silver,https://images.craigslist.org/00k0k_9mfx5ikLAoR_600x450.jpg,44.740067,-94.714901
https://nesd.craigslist.org/ctd/d/2013-ford-150/6709220101.html,nesd,19777,2013,ford,f-150,,"8 cylinders",gas,104859,clean,other,1FTFX1EF3DKD75044,4wd,,truck,black,https://images.craigslist.org/00B0B_4AG6gPKJEdw_600x450.jpg,44.740067,-94.714901
https://nesd.craigslist.org/cto/d/04-expedition-xlt/6709191874.html,nesd,2700,2004,ford,"expedition xlt",good,,gas,253716,clean,automatic,,4wd,full-size,SUV,silver,https://images.craigslist.org/00U0U_l9nEhlm9JE3_600x450.jpg,44.3455,-97.8542
https://nesd.craigslist.org/ctd/d/2007-chevrolet-cobalt-lt/6708903074.html,nesd,2577,2007,chevrolet,cobalt,,"4 cylinders",gas,125478,clean,other,1G1AL15F177162180,fwd,,coupe,yellow,https://images.craigslist.org/00u0u_7J9SmGxOcrq_600x450.jpg,44.740067,-94.714901
https://nesd.craigslist.org/ctd/d/2012-chevrolet-tahoe-ltz/6708902726.html,nesd,24777,2012,chevrolet,tahoe,,"8 cylinders",gas,110061,clean,other,1GNSKCE00CR116626,4wd,,SUV,black,https://images.craigslist.org/00K0K_18L0GuiF3Tc_600x450.jpg,44.740067,-94.714901
https://nesd.craigslist.org/ctd/d/2015-chevrolet-silverado-1500/6708902266.html,nesd,33777,2015,chevrolet,"silverado 1500",,"8 cylinders",gas,59177,clean,other,3GCUKTEC7FG349645,4wd,,truck,black,https://images.craigslist.org/00c0c_a9toGKTCJX5_600x450.jpg,44.740067,-94.714901
https://nesd.craigslist.org/ctd/d/2017-chevrolet-cruze-lt/6708741180.html,nesd,13977,2017,chevrolet,cruze,,"4 cylinders",gas,50745,clean,other,1G1BE5SM3H7104064,fwd,,sedan,black,https://images.craigslist.org/00h0h_5IEGpyD1b2O_600x450.jpg,44.740067,-94.714901
https://nesd.craigslist.org/ctd/d/2018-chevrolet-impala-lt/6708740991.html,nesd,21777,2018,chevrolet,impala,,"6 cylinders",gas,22955,clean,other,2G1105S33J9110372,fwd,,sedan,grey,https://images.craigslist.org/00T0T_7pA8U4cYo7V_600x450.jpg,44.740067,-94.714901
https://nesd.craigslist.org/ctd/d/2014-ford-150/6708740781.html,nesd,24777,2014,ford,f-150,,"8 cylinders",gas,81890,clean,other,1FTFW1EF0EKG27031,4wd,,truck,black,https://images.craigslist.org/00808_4ZVnNdlXNNz_600x450.jpg,44.740067,-94.714901
https://westmd.craigslist.org/cto/d/2007-saturn-ion-2-4drslow/6718625906.html,westmd,4250,2007,saturn,"ion level 2",excellent,"4 cylinders",gas,86256,clean,other,1G8AJ58F37Z176175,fwd,compact,sedan,silver,https://images.craigslist.org/00000_cFBjttWMgWQ_600x450.jpg,39.3276,-78.0487
https://westmd.craigslist.org/cto/d/1996-beretta-z26-cheverolet/6718611756.html,westmd,1200,1996,,"1996 cheverolet beretta z26",,,gas,,clean,automatic,,,,,,https://images.craigslist.org/00w0w_ehyRkIAI9Xc_600x450.jpg,39.40137,-78.990864
https://westmd.craigslist.org/cto/d/2004-ford-focus/6718596380.html,westmd,3500,2004,ford,focus,good,"4 cylinders",gas,130000,clean,manual,,fwd,compact,hatchback,silver,https://images.craigslist.org/00K0K_gxjcfHXrMIb_600x450.jpg,39.6658,-77.9064
https://westmd.craigslist.org/cto/d/1973-jeep-cj5-8-straight-stick/6716343438.html,westmd,1900,1973,jeep,"wrangler cj5",good,"8 cylinders",gas,,clean,manual,,4wd,full-size,SUV,blue,https://images.craigslist.org/00i0i_lV2pvFiVwZ2_600x450.jpg,39.644044,-78.754943
https://westmd.craigslist.org/cto/d/2004-toyota-sienna-le-5-door/6718457229.html,westmd,3200,2004,toyota,sienna,good,"6 cylinders",gas,227872,clean,automatic,5TDZA23C24S029797,fwd,full-size,mini-van,brown,https://images.craigslist.org/00l0l_EAi1RanI2z_600x450.jpg,39.386551,-77.14988
https://westmd.craigslist.org/cto/d/1998-dodge-dakota/6718455682.html,westmd,800,1998,dodge,dakota,,,gas,,clean,automatic,,,,,,https://images.craigslist.org/00p0p_jxigve65pSt_600x450.jpg,39.5029,-78.6272
https://westmd.craigslist.org/cto/d/mopar-shorty-van-b250-v6/6714088082.html,westmd,2800,1991,ram,b250,,,gas,,clean,automatic,,,,,,https://images.craigslist.org/00G0G_hud3q5SLNk3_600x450.jpg,39.3424,-78.7481
https://westmd.craigslist.org/cto/d/2003-honda-element-ex-awd/6716319339.html,westmd,6900,2003,honda,element,good,"4 cylinders",gas,108000,clean,automatic,5J6YH28523L033411,4wd,mid-size,SUV,green,https://images.craigslist.org/00M0M_hAJTI1EAvG0_600x450.jpg,39.1275,-76.698
https://westmd.craigslist.org/cto/d/automatic-transmission-2005/6718383971.html,westmd,17399,2005,,"Hummer H2 SUT",,,gas,,clean,automatic,,,,,,https://images.craigslist.org/00O0O_hFRmYIRnhwo_600x450.jpg,40.0248,-79.0808
https://westmd.craigslist.org/cto/d/1953-buick-special-4dr/6718377479.html,westmd,5000,1953,buick,"",fair,"8 cylinders",gas,,clean,automatic,,rwd,full-size,sedan,red,https://images.craigslist.org/00o0o_4qt3OTM2ikY_600x450.jpg,39.632,-77.7372
https://westmd.craigslist.org/cto/d/2002-volkswagen-passat-18t/6718353342.html,westmd,2100,2002,volkswagen,"passat wagon",good,"4 cylinders",gas,172000,clean,manual,,fwd,mid-size,wagon,green,https://images.craigslist.org/00P0P_gqsXuozgSBG_600x450.jpg,39.632,-77.7372
https://westmd.craigslist.org/cto/d/2001-jeep-grand-cherokee-4x4/6693109877.html,westmd,3500,2001,jeep,"grand cherokee 4x4",good,"6 cylinders",gas,,clean,automatic,,4wd,mid-size,SUV,blue,https://images.craigslist.org/00Z0Z_1D2dRSEXckZ_600x450.jpg,39.463,-78.695
https://westmd.craigslist.org/cto/d/2007-mazda-cx7/6718307340.html,westmd,3000,2007,mazda,cx-7,good,"4 cylinders",gas,92700,clean,automatic,,4wd,,SUV,red,https://images.craigslist.org/00k0k_8igT1rQiPc6_600x450.jpg,39.632,-77.7372
https://westmd.craigslist.org/cto/d/2004-volvo-xc70/6718291294.html,westmd,1100,2004,volvo,xc70,fair,"5 cylinders",gas,234000,clean,automatic,,fwd,,wagon,silver,https://images.craigslist.org/01717_eggaRbFjlx3_600x450.jpg,39.8195,-77.9073
https://westmd.craigslist.org/cto/d/1994-dodge-3500-cummins-4x4/6718284623.html,westmd,4000,1994,dodge,3500,,,diesel,,clean,automatic,,,,,,https://images.craigslist.org/00G0G_ebDCMnRQMBi_600x450.jpg,39.6355,-79.3085
https://westmd.craigslist.org/cto/d/2003suv-base-sportblue-model/6718082007.html,westmd,1000,2003,toyota,rav4,"like new","4 cylinders",gas,,clean,automatic,,4wd,full-size,SUV,blue,https://images.craigslist.org/00a0a_eoLrUmXPaMI_600x450.jpg,40.0248,-79.0808
https://westmd.craigslist.org/cto/d/2008-ford-expedition-xlt/6718189214.html,westmd,6000,2008,ford,"expedition xlt",excellent,"8 cylinders",gas,,clean,automatic,,4wd,,SUV,grey,https://images.craigslist.org/00l0l_7GEQHaunPQh_600x450.jpg,39.6573,-77.6921
https://westmd.craigslist.org/cto/d/2003-honda-crv-3100/6718165943.html,westmd,3100,2003,honda,cr-v,good,"4 cylinders",gas,141000,clean,automatic,,4wd,,SUV,blue,https://images.craigslist.org/00808_12JNGEsUjQr_600x450.jpg,39.2782,-76.7401
https://westmd.craigslist.org/cto/d/2015-chevrolet-spark-ls/6695698667.html,westmd,6500,2015,chevrolet,"spark ls hatchback 4d",excellent,"4 cylinders",gas,,clean,automatic,,fwd,compact,hatchback,red,https://images.craigslist.org/00Q0Q_eN345oA2esg_600x450.jpg,39.463,-78.695
https://westmd.craigslist.org/ctd/d/2011-nissan-sentra-20/6718150112.html,westmd,6995,2011,nissan,"sentra 2.0",,,gas,,clean,automatic,,,,,,https://images.craigslist.org/01414_i1Yz0gC17Pd_600x450.jpg,39.587963,-78.249399
https://westmd.craigslist.org/cto/d/1991-mazda-miata/6718144802.html,westmd,5000,1991,mazda,miata,good,"4 cylinders",gas,,clean,manual,,rwd,,,red,https://images.craigslist.org/00c0c_bKnZLsnHfZS_600x450.jpg,39.644044,-78.754943
https://westmd.craigslist.org/cto/d/1992-toyota-pickup-xtra-cab/6713368568.html,westmd,4300,1992,toyota,pickup,good,"6 cylinders",gas,,clean,manual,,4wd,,pickup,blue,https://images.craigslist.org/00r0r_2Nzpx6fGhQE_600x450.jpg,39.8195,-77.9073
https://westmd.craigslist.org/cto/d/64-f250-frame/6718054368.html,westmd,200,1964,ford,"",fair,"8 cylinders",gas,29000,"parts only",manual,1246796,rwd,full-size,truck,brown,https://images.craigslist.org/00707_g2yaPHOrAa9_600x450.jpg,39.6573,-77.6921
https://westmd.craigslist.org/cto/d/2002-chevy-suburban-ls-4x4-53/6718051381.html,westmd,7000,2002,chevy,suburban,good,"8 cylinders",gas,,clean,automatic,,4wd,full-size,SUV,silver,https://images.craigslist.org/00V0V_P0f2tVs9Zg_600x450.jpg,39.6109,-77.3989
https://westmd.craigslist.org/cto/d/2010-dodge-avenger-t/6718034097.html,westmd,5200,2010,dodge,"avenger rt",excellent,"4 cylinders",gas,129839,clean,automatic,,fwd,mid-size,sedan,black,https://images.craigslist.org/00I0I_faHRgWT9r3w_600x450.jpg,39.632,-77.7372
https://westmd.craigslist.org/cto/d/2000-jeep-wrangler-tj-sport/6716452284.html,westmd,5500,2000,jeep,"tj sport",,,gas,,clean,automatic,,,,,,https://images.craigslist.org/00k0k_4Jp5ucmrlNS_600x450.jpg,39.721852,-78.779781
https://westmd.craigslist.org/cto/d/2015-nissan-pathfinder-35l/6717880313.html,westmd,788,2015,nissan,pathfinder,excellent,"6 cylinders",gas,,clean,automatic,,,,,,https://images.craigslist.org/00g0g_6T34f2fAsxQ_600x450.jpg,39.552,-77.6957
https://westmd.craigslist.org/cto/d/2009-honda-odyssey-exl-8/6717962265.html,westmd,8700,2009,honda,"odyssey exl",excellent,"6 cylinders",gas,125788,clean,automatic,5FNRL38729B019469,fwd,,mini-van,white,https://images.craigslist.org/00g0g_lz4bJOeDASm_600x450.jpg,39.632,-77.7372
https://westmd.craigslist.org/cto/d/1986-gmc-truck/6717961459.html,westmd,4500,1986,,1986,good,"8 cylinders",gas,,clean,automatic,,,,pickup,red,https://images.craigslist.org/00y0y_hzkrRUrOKJ3_600x450.jpg,39.7635,-77.5674
https://westmd.craigslist.org/cto/d/2004-nissan-frontier-xe-king/6706966843.html,westmd,4000,2004,nissan,"frontier xe",good,"4 cylinders",gas,153000,clean,manual,1n6dd26t24c418189,rwd,,truck,grey,https://images.craigslist.org/01212_jSDk6lCs048_600x450.jpg,39.583077,-76.980895
https://westmd.craigslist.org/cto/d/price-reduced-chevy-avalanche/6715623174.html,westmd,2400,2005,chevy,avalanche,,,gas,,clean,automatic,,,,,,https://images.craigslist.org/00A0A_b1xcY2suArd_600x450.jpg,39.6573,-77.6921
https://westmd.craigslist.org/cto/d/1996-fwith-plow-automatic-gas/6700401066.html,westmd,5300,1996,,F250,,,gas,,clean,automatic,,,,,,https://images.craigslist.org/00a0a_6li1G1RYC0w_600x450.jpg,39.124,-76.488
https://westmd.craigslist.org/cto/d/2003-toyota-tacoma-sr5v6very/6715419511.html,westmd,1500,2003,,"tacoma sr5.",,,gas,,clean,automatic,,,,,,https://images.craigslist.org/00g0g_iZYVfNT7THg_600x450.jpg,39.389067,-79.390926
https://westmd.craigslist.org/cto/d/2011-jeep-grand-cherokee-8/6717871203.html,westmd,14900,2011,jeep,"grand cherokee 4wd",excellent,"8 cylinders",gas,82000,salvage,automatic,,4wd,full-size,SUV,black,https://images.craigslist.org/01212_jjiJ5fj1aNG_600x450.jpg,39.632,-77.7372
https://westmd.craigslist.org/cto/d/low-miles-82k-miles-hummer-h2/6693982904.html,westmd,27046,2009,,"Hummer H2 Luxury",,,gas,,clean,automatic,,,,,,https://images.craigslist.org/00n0n_lRh4FtOSBjX_600x450.jpg,40.0248,-79.0808
https://westmd.craigslist.org/cto/d/2007-chevrolet-hhr-lt/6711296889.html,westmd,3000,2007,chevrolet,"hhr lt",good,"4 cylinders",gas,,clean,automatic,,fwd,compact,hatchback,grey,https://images.craigslist.org/00n0n_7nPkF8ekdCU_600x450.jpg,39.4026,-78.506
https://westmd.craigslist.org/cto/d/89-dodge-service-truck/6717796998.html,westmd,7900,1989,ram,3500,excellent,"6 cylinders",diesel,75000,clean,manual,1b6ke2684ks136517,4wd,full-size,truck,brown,https://images.craigslist.org/00d0d_2X54ktQ0sPQ_600x450.jpg,39.6494,-78.9306
https://westmd.craigslist.org/cto/d/2000-mazda-protege/6717820056.html,westmd,1000,2000,mazda,"",,,gas,,clean,automatic,,,,,,https://images.craigslist.org/00I0I_bvutw160VrO_600x450.jpg,39.4852,-77.8954
https://westmd.craigslist.org/cto/d/2014-honda-accord-ex-v6-mint/6697508258.html,westmd,11650,2014,honda,"accord 2 dr v6",excellent,"6 cylinders",gas,46000,rebuilt,automatic,1HGCT2B84EA002579,fwd,full-size,coupe,blue,https://images.craigslist.org/00y0y_1uPgIJNKJUN_600x450.jpg,39.9216,-75.295
https://westmd.craigslist.org/cto/d/1951-ford-4dr-sedan-12500/6717798180.html,westmd,12500,1951,ford,"4 door",good,"6 cylinders",gas,,clean,manual,,rwd,full-size,sedan,custom,https://images.craigslist.org/01313_1H9TGExg20J_600x450.jpg,33.9995,-98.3938
https://westmd.craigslist.org/cto/d/2015-honda-civic-ex-w-17k/6713654064.html,westmd,15000,2015,honda,"civic ex-l",excellent,"4 cylinders",gas,17800,clean,automatic,,fwd,compact,sedan,grey,https://images.craigslist.org/00Y0Y_fvJSgbuIzvg_600x450.jpg,39.1526,-77.0749
https://westmd.craigslist.org/cto/d/2012-chevy-cruze/6694786823.html,westmd,5900,2012,chevy,cruze,good,"4 cylinders",gas,136258,clean,automatic,,fwd,mid-size,sedan,black,https://images.craigslist.org/00000_5XwmvKdjBGI_600x450.jpg,39.4026,-78.506
https://westmd.craigslist.org/cto/d/2017-ram-1500/6716267363.html,westmd,28000,2017,ram,1500,,,gas,,lien,automatic,,,,,,https://images.craigslist.org/00n0n_ggFBScieWlf_600x450.jpg,40.1376,-80.3859
https://westmd.craigslist.org/cto/d/1993-vw-cabriolet/6709126276.html,westmd,3500,1993,vw,cabriolet,,"4 cylinders",gas,228000,clean,manual,,fwd,compact,convertible,green,https://images.craigslist.org/00J0J_hPc8e5GhRev_600x450.jpg,39.632,-77.7372
https://westmd.craigslist.org/cto/d/2010-chevy-traverse-lt/6711209595.html,westmd,5000,2010,chevy,traverse,good,,gas,101000,clean,automatic,,4wd,,,,https://images.craigslist.org/00E0E_czuTj08I7BY_600x450.jpg,39.6494,-78.9306
https://westmd.craigslist.org/cto/d/new-barely-used-toyota-sienna/6711152619.html,westmd,33800,2017,toyota,sienna,"like new","6 cylinders",gas,11000,clean,automatic,5TDYZ3DC7HS844446,fwd,full-size,van,silver,https://images.craigslist.org/01717_yGFpgYUQtS_600x450.jpg,39.632,-77.7372
https://westmd.craigslist.org/cto/d/1995-chevy-s10-2wd/6717588326.html,westmd,1,1995,chevy,s10,good,"4 cylinders",gas,,clean,manual,,rwd,,truck,green,https://images.craigslist.org/00404_k1gOL0FJtKV_600x450.jpg,39.428609,-78.927069
https://westmd.craigslist.org/cto/d/2013-mustang-gt/6717534876.html,westmd,23000,2013,ford,"mustang gt",excellent,"8 cylinders",gas,35000,clean,manual,1ZVBP8CF1D5226377,rwd,,coupe,black,https://images.craigslist.org/00i0i_ssMtgQpmXG_600x450.jpg,39.644044,-78.754943
https://westmd.craigslist.org/cto/d/2011-ford-150-super-crew-xlt/6715959734.html,westmd,19995,2011,ford,f-150,excellent,"8 cylinders",gas,62000,clean,automatic,,4wd,full-size,truck,red,https://images.craigslist.org/01616_9IGl6KFeloS_600x450.jpg,39.552,-77.6957
https://westmd.craigslist.org/cto/d/1999-acura-cl/6709507599.html,westmd,1000,1999,acura,cl,,,gas,,clean,automatic,,,,,,https://images.craigslist.org/01717_3dKOtGdX63Z_600x450.jpg,39.398211,-77.846359
https://westmd.craigslist.org/cto/d/2005-chevy-corvette/6711539837.html,westmd,18900,2005,chevy,corvette,excellent,"8 cylinders",gas,69000,clean,automatic,,rwd,,coupe,white,https://images.craigslist.org/00f0f_ioCBnl0efTa_600x450.jpg,39.5636,-78.7887
https://westmd.craigslist.org/cto/d/2004-ford-ranger-xl/6711142913.html,westmd,2900,2004,ford,"ranger xl",good,"4 cylinders",gas,,clean,automatic,,rwd,mid-size,pickup,white,https://images.craigslist.org/00g0g_2WNid0B5UH2_600x450.jpg,39.463,-78.695
https://westmd.craigslist.org/cto/d/1957-chevy-belair-hardtop-two/6702507313.html,westmd,16500,1957,chevy,belair,good,"8 cylinders",gas,,clean,manual,,rwd,full-size,coupe,black,https://images.craigslist.org/00L0L_jafdSejX6UE_600x450.jpg,39.644044,-78.754943
https://westmd.craigslist.org/cto/d/1965-mercury-caliente-comet/6693006533.html,westmd,2700,1965,mercury,comet,good,"8 cylinders",gas,,clean,manual,,rwd,full-size,coupe,black,https://images.craigslist.org/00X0X_igQoqCpJd0j_600x450.jpg,39.644044,-78.754943
https://westmd.craigslist.org/cto/d/1984-mustang-gt-ttop/6717358552.html,westmd,3000,1984,ford,"mustang gt",fair,"8 cylinders",gas,118000,clean,manual,1fabp28m2ef235727,rwd,compact,coupe,black,https://images.craigslist.org/00J0J_vfnEW2Pc2U_600x450.jpg,39.644044,-78.754943
https://westmd.craigslist.org/cto/d/crysler-300/6717340629.html,westmd,7500,2006,,"crysler 300",,,gas,67500,clean,automatic,,,,,,https://images.craigslist.org/01616_9AabNP8LhY9_600x450.jpg,39.463,-78.695
https://westmd.craigslist.org/cto/d/2006-mercedes-ml500-suv/6717337291.html,westmd,5950,2006,mercedes,ml500,,,gas,,clean,automatic,,,,,,https://images.craigslist.org/01313_agUXd5pNqG6_600x450.jpg,39.3881,-77.1723
https://westmd.craigslist.org/cto/d/1963-ford-thunderbird-landau/6712162171.html,westmd,4500,1963,ford,thunderbird-landau,good,"8 cylinders",gas,56000,clean,automatic,,rwd,full-size,coupe,red,https://images.craigslist.org/00Z0Z_gDJpoNmcz3J_600x450.jpg,39.591014,-77.855593
https://westmd.craigslist.org/cto/d/2008-clk550/6709780591.html,westmd,1,2008,mercedes,"benz clk550",new,"8 cylinders",gas,,clean,automatic,,,,,,https://images.craigslist.org/00C0C_kuQiyZFpyDv_600x450.jpg,38.8458,-77.3242
https://westmd.craigslist.org/cto/d/1998-saturn/6717240823.html,westmd,800,1998,saturn,sl,good,"4 cylinders",gas,,clean,automatic,,fwd,,sedan,,https://images.craigslist.org/01313_kCZZfGMPc0M_600x450.jpg,39.644044,-78.754943
https://westmd.craigslist.org/cto/d/trade-my-pro-street-trans-am/6717239093.html,westmd,1,1985,pontiac,"trans am",,,gas,,clean,automatic,,,,,,https://images.craigslist.org/00M0M_9GdN1ajvRA2_600x450.jpg,39.65183,-77.774191
https://westmd.craigslist.org/cto/d/2006-ford-focus-zx3/6714596912.html,westmd,3200,2006,ford,"focus zx3",excellent,"4 cylinders",gas,,clean,automatic,,fwd,mid-size,hatchback,red,https://images.craigslist.org/00d0d_fmBxCHV3ygf_600x450.jpg,39.4026,-78.506
https://westmd.craigslist.org/cto/d/1999-chevy-silverado-4wd/6711218692.html,westmd,2500,1999,chevrolet,"1500 silverado",good,"8 cylinders",gas,250000,clean,automatic,,4wd,full-size,truck,,https://images.craigslist.org/00J0J_9UiJsiGiaO7_600x450.jpg,39.632,-77.7372
https://westmd.craigslist.org/cto/d/2004-ford-mustang-40th/6717183426.html,westmd,7000,2004,ford,mustang,,,gas,,clean,automatic,,,,,,https://images.craigslist.org/00y0y_dAZ78unhyO4_600x450.jpg,39.7818,-77.747
https://westmd.craigslist.org/cto/d/1998-jeep-grand-cherokee/6717183908.html,westmd,2000,1998,jeep,"grand cherokee 4wd",good,"8 cylinders",gas,200400,clean,automatic,,4wd,,SUV,white,https://images.craigslist.org/00X0X_k1Sb80m1EAf_600x450.jpg,39.40989,-77.473526
https://westmd.craigslist.org/cto/d/1998-ford-expedition-limited/6699525978.html,westmd,1500,1998,ford,expedition,,,gas,,clean,automatic,,,,,,https://images.craigslist.org/00c0c_eM6NhvVILj2_600x450.jpg,39.7818,-77.747
https://westmd.craigslist.org/cto/d/2003-dodge-neon-sxt-low-miles/6714537721.html,westmd,2900,2003,dodge,"neon sxt low miles",excellent,"4 cylinders",gas,,clean,automatic,,fwd,mid-size,sedan,blue,https://images.craigslist.org/00T0T_2unJ0WTSVgM_600x450.jpg,39.463,-78.695
https://westmd.craigslist.org/cto/d/2015-honda-cr-for-sale/6711764617.html,westmd,20870,2015,honda,cr-v,excellent,"4 cylinders",gas,36500,clean,automatic,,4wd,full-size,SUV,red,https://images.craigslist.org/01414_6aFDUHJbtuj_600x450.jpg,39.3455,-77.3832
https://westmd.craigslist.org/cto/d/2003/6717104192.html,westmd,1150,2003,dodge,"durango rt",,,gas,,clean,automatic,,,,,,https://images.craigslist.org/00P0P_folFCtceRGY_600x450.jpg,39.665957,-77.597617
https://westmd.craigslist.org/cto/d/2001-vw-golf/6717072420.html,westmd,1600,2001,vw,golf,good,"4 cylinders",gas,159000,clean,manual,9BWGT21J214007315,fwd,compact,hatchback,green,https://images.craigslist.org/01414_jhw6JuNKyV_600x450.jpg,39.550145,-77.717285
https://westmd.craigslist.org/cto/d/1957-pontiac-chieftain-two/6704534695.html,westmd,2000,1957,pontiac,chieftain,,,other,,missing,other,,,,,,https://images.craigslist.org/00I0I_dKfrPaRH95X_600x450.jpg,38.4707,-79.085
https://westmd.craigslist.org/cto/d/1961-mercury-meteor-two-door/6704442681.html,westmd,5000,1961,mercury,metor,,,gas,,clean,automatic,,,,,,https://images.craigslist.org/00000_Cgzr5HNeBo_600x450.jpg,38.4707,-79.085
https://westmd.craigslist.org/cto/d/1981-camaro-z28/6698992814.html,westmd,6500,1981,chevrolet,camaro,,,gas,,clean,automatic,,,,,,https://images.craigslist.org/00f0f_hRcpraeMWH4_600x450.jpg,38.4707,-79.085
https://westmd.craigslist.org/cto/d/2003-cadillac-escalade-esv/6717055502.html,westmd,3200,2003,cadillac,"escalade esv",,,gas,,salvage,automatic,,,,,,https://images.craigslist.org/00y0y_92GVTq2FMlq_600x450.jpg,39.632,-77.7372
https://westmd.craigslist.org/cto/d/2015-honda-civic-ex-w-17k/6711845749.html,westmd,15000,2015,honda,"civic ex-l",excellent,"4 cylinders",gas,17800,clean,automatic,,fwd,compact,sedan,grey,https://images.craigslist.org/00Y0Y_fvJSgbuIzvg_600x450.jpg,39.1526,-77.0749
https://westmd.craigslist.org/cto/d/2013-gmc-sierra-sle-4x4/6717040634.html,westmd,29900,2013,gmc,sierra,"like new",,diesel,,clean,automatic,,,,,,https://images.craigslist.org/00T0T_6xpoeaRIdiv_600x450.jpg,39.3455,-77.3832
https://westmd.craigslist.org/cto/d/2009-chevy-cobalt-ls-2-door/6696106699.html,westmd,2900,2009,chevy,"cobalt ls 2 door",good,"4 cylinders",gas,,clean,automatic,,fwd,mid-size,coupe,blue,https://images.craigslist.org/00p0p_d4dyMYz8GFB_600x450.jpg,39.4572,-78.5641
https://westmd.craigslist.org/cto/d/custom-painted-2012-jeep/6701067579.html,westmd,29950,2012,jeep,"wrangler unlimited",,,gas,,clean,automatic,,,,,,https://images.craigslist.org/00q0q_lAa3AKhh0n4_600x450.jpg,39.1725,-80.3777
https://westmd.craigslist.org/cto/d/2005-dodge-ram-1500/6713286495.html,westmd,4200,2005,dodge,1500,good,"8 cylinders",gas,75,clean,automatic,,rwd,full-size,,red,https://images.craigslist.org/00H0H_l0vmrR4a1Xi_600x450.jpg,39.5526,-78.1877
https://westmd.craigslist.org/cto/d/1986-dodge-ramcharger-se-4x4/6716984213.html,westmd,4900,1986,dodge,ramcharger,excellent,"8 cylinders",gas,,clean,automatic,,4wd,full-size,SUV,custom,https://images.craigslist.org/01616_1ommiTCjbTN_600x450.jpg,39.5526,-78.1877
https://westmd.craigslist.org/cto/d/1999-jeep-cherokee-sport-xj/6716976723.html,westmd,4500,1999,jeep,"cherokee sport",good,"6 cylinders",gas,244000,clean,automatic,,4wd,mid-size,SUV,blue,https://images.craigslist.org/00w0w_3lFNbCJv76b_600x450.jpg,39.6494,-78.9306
https://westmd.craigslist.org/cto/d/2001-mitsubishi-eclipse-gs/6711328780.html,westmd,1300,2001,mitsubishi,"eclipse gs",fair,"6 cylinders",gas,113000,clean,manual,,fwd,compact,coupe,grey,https://images.craigslist.org/00e0e_db7gOakjKFo_600x450.jpg,39.5865,-77.8852
https://westmd.craigslist.org/cto/d/2001-ford-mustang-convertible/6716935667.html,westmd,2000,2001,ford,"mustang convertible",,,gas,,clean,automatic,,,,,,https://images.craigslist.org/00O0O_2sw3LrWrs7_600x450.jpg,39.632,-77.7372
https://westmd.craigslist.org/cto/d/1968-chevelle-for-trade/6691377257.html,westmd,14500,1968,chevy,"",,,gas,,clean,manual,,,,,,https://images.craigslist.org/00W0W_32bAOT7moXu_600x450.jpg,39.3424,-78.7481
https://westmd.craigslist.org/cto/d/1995-chevy-suburban-k2500/6716880590.html,westmd,3500,1995,chevy,suburban,good,,gas,,clean,automatic,,,,,,https://images.craigslist.org/00101_m8EnvqBbtq_600x450.jpg,39.4424,-77.7511
https://westmd.craigslist.org/cto/d/2013-ford-mustang-gt-cs-42k/6716852661.html,westmd,21500,2013,ford,mustang,excellent,"8 cylinders",gas,42000,clean,manual,,rwd,,coupe,white,https://images.craigslist.org/01313_eLSP2gtt7IV_600x450.jpg,39.66152,-78.917744
https://westmd.craigslist.org/cto/d/1973-ford-mustang-fastback/6712779529.html,westmd,14000,1973,ford,mustang,excellent,"6 cylinders",gas,,clean,automatic,,rwd,mid-size,,yellow,https://images.craigslist.org/01616_cZDv9FLBvZy_600x450.jpg,39.567274,-77.690592
https://westmd.craigslist.org/ctd/d/2005-chrysler-300-touring/6716724906.html,westmd,6995,2005,chrysler,"300 touring",,,gas,,clean,automatic,,,,,,https://images.craigslist.org/00K0K_iEqs6BokmBE_600x450.jpg,39.587897,-78.249377
https://westmd.craigslist.org/cto/d/2004-jeep-liberty-sp/6716659932.html,westmd,2000,2004,jeep,"liberty sp",fair,"6 cylinders",gas,159650,clean,automatic,,4wd,mid-size,SUV,silver,https://images.craigslist.org/00V0V_74Jiy4KAFx2_600x450.jpg,39.6991,-78.8739
https://westmd.craigslist.org/cto/d/93-cadillac/6704168865.html,westmd,300,1993,cadillac,"",fair,,gas,,clean,automatic,,,full-size,sedan,green,https://images.craigslist.org/00L0L_9R1n2IzsU3s_600x450.jpg,39.6573,-77.6921
https://westmd.craigslist.org/cto/d/price-reduced2005-chevy/6704134916.html,westmd,2400,2005,chevy,avalanche,good,"8 cylinders",gas,364001,clean,automatic,3GNEK12Z35G280427,4wd,,,black,https://images.craigslist.org/00A0A_b1xcY2suArd_600x450.jpg,39.6573,-77.6921
https://westmd.craigslist.org/cto/d/93-cadillac/6710549349.html,westmd,300,1993,cadillac,"",fair,,gas,,clean,automatic,,,,,,https://images.craigslist.org/00H0H_fIEx9oJhAlX_600x450.jpg,39.6573,-77.6921
https://westmd.craigslist.org/cto/d/price-reduced-chevy-avalanche/6710559277.html,westmd,2400,2005,chevy,avalanche,good,,gas,364001,clean,automatic,,4wd,,,black,https://images.craigslist.org/00A0A_b1xcY2suArd_600x450.jpg,39.6573,-77.6921
https://westmd.craigslist.org/cto/d/2002-mustang-gt/6699833707.html,westmd,6500,2002,,"2002 Mustang GT",excellent,"8 cylinders",gas,130000,clean,manual,,rwd,,coupe,black,https://images.craigslist.org/01515_gU7JlQVdCBN_600x450.jpg,39.71074,-77.897349
https://westmd.craigslist.org/cto/d/2006-honda-crv-awd-ex/6716521877.html,westmd,5900,2006,honda,cr-v,excellent,"4 cylinders",gas,149000,clean,automatic,,4wd,mid-size,SUV,silver,https://images.craigslist.org/00s0s_229KgZkW5vz_600x450.jpg,39.632,-77.7372
https://westmd.craigslist.org/cto/d/00-pontiac-bonneville/6716507035.html,westmd,800,2000,,"Pontaic Bonneville",fair,"6 cylinders",gas,190000,clean,automatic,,fwd,,sedan,,https://images.craigslist.org/00w0w_lvP9dPnzEH1_600x450.jpg,39.5865,-77.8852
https://westmd.craigslist.org/cto/d/03-ford-expedition-3250-obo/6716492282.html,westmd,3250,2003,ford,"expedition eddie bauer",good,"8 cylinders",gas,,clean,automatic,,,,,,https://images.craigslist.org/01010_gEnkzW4qjjs_600x450.jpg,39.632,-77.7372
https://westmd.craigslist.org/cto/d/02-nissan-frontier-crew-cab-xe/6706131173.html,westmd,1500,2002,nissan,"frontier xe",excellent,"6 cylinders",gas,,clean,automatic,,4wd,,truck,white,https://images.craigslist.org/00P0P_1uXDpzFuyO6_600x450.jpg,40.0913,-78.8448
https://westmd.craigslist.org/cto/d/2006-mercedes-ml500-suv/6716429148.html,westmd,5950,2006,mercedes,ml500,,,gas,,clean,automatic,,,,,,https://images.craigslist.org/01313_agUXd5pNqG6_600x450.jpg,39.3881,-77.1723
https://westmd.craigslist.org/cto/d/2007-toyota-rav4-md-inspected/6709872996.html,westmd,7500,2007,toyota,rav4,,"4 cylinders",gas,,clean,automatic,,,,,,https://images.craigslist.org/00z0z_7C3OvxqBpbq_600x450.jpg,39.644044,-78.754943
https://westmd.craigslist.org/cto/d/2007-saturn-aura-xr-36/6710649644.html,westmd,6995,2007,saturn,"aura xe","like new","6 cylinders",gas,77000,clean,automatic,,fwd,mid-size,sedan,silver,https://images.craigslist.org/01212_5PuQJxMkssn_600x450.jpg,39.632,-77.7372
https://westmd.craigslist.org/cto/d/1990-toyota-4x4-truck/6705136454.html,westmd,4700,1990,toyota,4x4,good,"4 cylinders",gas,189000,clean,manual,,4wd,compact,pickup,silver,https://images.craigslist.org/00H0H_8YFGgdvwTsD_600x450.jpg,39.5636,-78.7887
https://westmd.craigslist.org/cto/d/2016-nissan-sentra-sv/6716179819.html,westmd,11300,2016,nissan,sentra,excellent,"4 cylinders",gas,46000,lien,automatic,,fwd,compact,sedan,red,https://images.craigslist.org/00202_6SPB90fVl1p_600x450.jpg,39.611815,-78.773982
https://westmd.craigslist.org/cto/d/2015-toyota-avalon40-mpgxle/6696106412.html,westmd,13900,2015,,avalon,"like new","4 cylinders",gas,,clean,automatic,,fwd,,,grey,https://images.craigslist.org/00Q0Q_lW4L3aJbpma_600x450.jpg,39.593,-77.8087
https://westmd.craigslist.org/cto/d/98-jeep-wrangler-sport/6715936979.html,westmd,1200,1998,jeep,"wrangler 4wd 2dr sport",fair,"4 cylinders",gas,100000,clean,manual,,4wd,mid-size,convertible,red,https://images.craigslist.org/00909_l5UK8RNU4gf_600x450.jpg,39.389067,-79.390926
https://westmd.craigslist.org/cto/d/2002-chevy-pickup/6715936635.html,westmd,1500,2002,chevrolet,1500,fair,"8 cylinders",gas,200000,clean,automatic,,4wd,full-size,pickup,red,https://images.craigslist.org/00505_4lWhN3PJKfI_600x450.jpg,39.389067,-79.390926
https://westmd.craigslist.org/cto/d/2004-jeep-grand-cherokee/6711024720.html,westmd,1200,2004,jeep,"grand cherokee",fair,"6 cylinders",gas,267000,clean,automatic,,4wd,,,brown,https://images.craigslist.org/00A0A_6KI1TAOlFkV_600x450.jpg,39.497,-78.7743
https://westmd.craigslist.org/cto/d/2003-frightlinner-sprinter/6715802672.html,westmd,5700,2003,,"frightlinner sprinter",excellent,"5 cylinders",diesel,200000,clean,automatic,,rwd,full-size,van,white,https://images.craigslist.org/00Q0Q_dkr2hALraF8_600x450.jpg,39.1599,-76.6209
https://westmd.craigslist.org/cto/d/2000-ford-excursion-xlt/6702171479.html,westmd,6000,2000,ford,"excursion xlt",,,gas,,clean,automatic,,,,,,https://images.craigslist.org/00I0I_i7NVMjAlsp5_600x450.jpg,39.1208,-76.8435
https://westmd.craigslist.org/ctd/d/2009-chevrolet-silverado/6715814716.html,westmd,19700,2009,chevrolet,"silverado 3500hd 4x4",excellent,"8 cylinders",gas,,clean,automatic,,4wd,,,,https://images.craigslist.org/00m0m_6SIZEiojh8o_600x450.jpg,36.238597,-79.979782
https://lawton.craigslist.org/cto/d/2013-f150-xlt/6694696690.html,lawton,15900,2013,,"2013 F150 Crew cab",excellent,"8 cylinders",gas,159450,clean,automatic,,rwd,full-size,truck,red,https://images.craigslist.org/00C0C_edOWrMes64F_600x450.jpg,34.732975,-98.297886
https://lawton.craigslist.org/ctd/d/60-vehicles-to-choose-from/6718498194.html,lawton,3999,2005,bmw,"",excellent,,gas,,clean,automatic,,,,,,https://images.craigslist.org/00404_7iIgYb3zlWg_600x450.jpg,35.511257,-97.601401
https://lawton.craigslist.org/cto/d/52-ford/6718463747.html,lawton,2900,1952,ford,"f1 1/2 ton",,,gas,,clean,automatic,,,,,,https://images.craigslist.org/00v0v_6aCGCs5l5CO_600x450.jpg,34.5607,-98.288119
https://lawton.craigslist.org/cto/d/custom-2003-hyundai-tiburon/6718375517.html,lawton,1950,2003,hyundai,tiburon,good,,gas,,clean,automatic,,,,,,https://images.craigslist.org/00y0y_dyvr6dH5dOF_600x450.jpg,34.6179,-98.4552
https://lawton.craigslist.org/cto/d/2003-dodge-1500/6716564858.html,lawton,4500,2003,ram,"1500 quad cab",excellent,"8 cylinders",gas,157000,clean,automatic,,rwd,full-size,truck,black,https://images.craigslist.org/00505_j1FN8WhdriI_600x450.jpg,34.6595,-98.4004
https://lawton.craigslist.org/cto/d/2011-toyota-rav-4-sport/6718333544.html,lawton,13500,2011,toyota,"rav4 sport",excellent,"6 cylinders",gas,,clean,automatic,,4wd,mid-size,SUV,black,https://images.craigslist.org/00606_hUJ2LD4gKBH_600x450.jpg,33.8633,-98.534
https://lawton.craigslist.org/ctd/d/2015-honda-crv-ex-awd-keyless/6718318728.html,lawton,16899,2015,honda,"crv ex awd cr-v",,,gas,,clean,automatic,,,,,,https://images.craigslist.org/00Q0Q_l1C03BOi7QU_600x450.jpg,35.199,-97.4841
https://lawton.craigslist.org/cto/d/1963-bagged-c10-project/6718306139.html,lawton,800,1963,chevy,c10,fair,other,gas,,missing,other,,rwd,full-size,truck,brown,https://images.craigslist.org/00B0B_N3H53SkJDr_600x450.jpg,34.5073,-97.9403
https://lawton.craigslist.org/ctd/d/2018-toyota-rav4-keyless/6718308747.html,lawton,20999,2018,toyota,rav4,,,gas,,clean,automatic,,,,,,https://images.craigslist.org/00k0k_i5MLTQ1RwO9_600x450.jpg,35.199,-97.4841
https://lawton.craigslist.org/cto/d/chevy-4x4-silverado-extra-cab/6718282036.html,lawton,1200,1998,chevy,silverado,,,gas,,clean,automatic,,,,,,https://images.craigslist.org/00z0z_2A8SLupAkKi_600x450.jpg,34.6179,-98.4552
https://lawton.craigslist.org/cto/d/saturn-sky-roadster/6703227294.html,lawton,8750,2007,saturn,"sky roadster",excellent,"4 cylinders",gas,63782,clean,manual,,rwd,,convertible,red,https://images.craigslist.org/00M0M_71YmmYhPPW_600x450.jpg,36.003,-96.1106
https://lawton.craigslist.org/ctd/d/2006-chevrolet-silverado-2500/6718245357.html,lawton,10800,2006,chevrolet,"silverado 2500","like new","8 cylinders",diesel,227050,clean,automatic,1GCHC23,rwd,,,grey,https://images.craigslist.org/01111_8mxkIUByt3i_600x450.jpg,35.4853,-97.5372
https://lawton.craigslist.org/ctd/d/2015-ford-focus-se-keyless/6718243501.html,lawton,12399,2015,ford,"focus se",,,gas,,clean,automatic,,,,,,https://images.craigslist.org/00q0q_444k8SXUnJ3_600x450.jpg,35.199,-97.4841
https://lawton.craigslist.org/cto/d/96-toyota-tercel/6718220998.html,lawton,1000,1996,toyota,"",,,gas,,clean,automatic,,,,,,https://images.craigslist.org/00Y0Y_2VsIeRBawgc_600x450.jpg,34.639108,-99.310055
https://lawton.craigslist.org/cto/d/1984-ford-bronco-4x4/6694321348.html,lawton,2000,1984,ford,bronco,,,gas,,clean,automatic,,,,,,https://images.craigslist.org/00t0t_axxd4xOAfJi_600x450.jpg,34.6595,-98.4004
https://lawton.craigslist.org/cto/d/2007-cadillac-srx4/6711319246.html,lawton,7000,2007,cadillac,"srx 4",good,"6 cylinders",gas,119843,clean,automatic,,,,SUV,black,https://images.craigslist.org/00D0D_1XNCtC2nOlx_600x450.jpg,34.5982,-99.4408
https://lawton.craigslist.org/cto/d/super-beetle-flat-windshield/6718173914.html,lawton,250,1972,vw,beetle,fair,other,gas,,"parts only",manual,,rwd,compact,coupe,blue,https://images.craigslist.org/00X0X_fyxzDxl74RM_600x450.jpg,34.5073,-97.9403
https://lawton.craigslist.org/cto/d/1969-beetle/6718168756.html,lawton,800,1969,vw,beetle,fair,other,gas,,clean,manual,,rwd,compact,coupe,brown,https://images.craigslist.org/00k0k_bxjEwNgetKr_600x450.jpg,34.5073,-97.9403
https://lawton.craigslist.org/cto/d/1974-curved-windshield-super/6718161654.html,lawton,800,1974,vw,beetle,fair,other,gas,,clean,manual,,rwd,compact,coupe,custom,https://images.craigslist.org/01212_gfbjV2UuFXb_600x450.jpg,34.5073,-97.9403
https://lawton.craigslist.org/ctd/d/2015-hyundai-genesis-38l-v6/6718146812.html,lawton,23799,2015,hyundai,"genesis 3.8l 3.8",,,gas,,clean,automatic,,,,,,https://images.craigslist.org/00j0j_4YkJI6d4vwv_600x450.jpg,35.199,-97.4841
https://lawton.craigslist.org/ctd/d/2011-hyundai-santa-fe-limited/6718142097.html,lawton,8868,2011,hyundai,"santa fe limited",,,gas,,clean,automatic,,,,,,https://images.craigslist.org/00J0J_dMfuZt4PHKB_600x450.jpg,35.199,-97.4841
https://lawton.craigslist.org/cto/d/1984-ford/6718113037.html,lawton,2500,1984,ford,"f 150",,"8 cylinders",gas,83000,clean,manual,,rwd,full-size,,green,https://images.craigslist.org/00w0w_4cxkuafOweg_600x450.jpg,34.1745,-97.9973
https://lawton.craigslist.org/ctd/d/2015-chevrolet-silverado-4/6718080077.html,lawton,33988,2015,chevrolet,"silverado z71 4x4 crew",,,gas,,clean,automatic,,4wd,,,,https://images.craigslist.org/00L0L_iACGgFpKj4H_600x450.jpg,35.199,-97.4841
https://lawton.craigslist.org/ctd/d/2011-gmc-yukon-denali-xl-62l/6718072071.html,lawton,15997,2011,gmc,"yukon denali xl awd",,,gas,,clean,automatic,,,,,,https://images.craigslist.org/00202_cuk3m0X1xU_600x450.jpg,35.199,-97.4841
https://lawton.craigslist.org/cto/d/chevy/6703540597.html,lawton,2000,2007,chevrolet,"",good,"4 cylinders",gas,,clean,automatic,,,,,silver,https://images.craigslist.org/00K0K_957A7hx6eRl_600x450.jpg,34.6179,-98.4552
https://lawton.craigslist.org/ctd/d/2015-dodge-dart-limited-gt/6717953409.html,lawton,14699,2015,dodge,"dart limited gt",,,gas,,clean,automatic,,,,,,https://images.craigslist.org/00F0F_a2JSDwPXRwE_600x450.jpg,35.199,-97.4841
https://lawton.craigslist.org/ctd/d/2010-chevrolet-camaro-ss-62l/6717951961.html,lawton,14998,2010,chevrolet,"camaro ss",,,gas,,clean,automatic,,,,,,https://images.craigslist.org/00N0N_bHgnR9G2zfT_600x450.jpg,35.199,-97.4841
https://lawton.craigslist.org/ctd/d/2012-chevy-silverado-1500/6717944528.html,lawton,18880,2012,chevy,"silverado 1500 lifted z-71",,,gas,,clean,automatic,,,,,,https://images.craigslist.org/00909_F0MLeJxiEX_600x450.jpg,35.2086,-97.4445
https://lawton.craigslist.org/cto/d/2013-nissan-altima-8995-good/6717897250.html,lawton,8995,2013,nissan,altima,,,gas,,clean,automatic,,,,,silver,https://images.craigslist.org/00s0s_knOrMzgLZlM_600x450.jpg,34.594338,-98.416988
https://lawton.craigslist.org/ctd/d/2013-ram-1500-crew-cab/6717927625.html,lawton,26950,2013,ram,1500,,,gas,,clean,automatic,,,,,,https://images.craigslist.org/00E0E_2kYfWnTNga_600x450.jpg,34.086,-98.5708
https://lawton.craigslist.org/ctd/d/2018-ford-f150-supercrew-cab/6717923760.html,lawton,35950,2018,ford,f150,,,gas,,clean,automatic,,,,,,https://images.craigslist.org/00404_bnqsEGtmIVm_600x450.jpg,34.086,-98.5708
https://lawton.craigslist.org/ctd/d/2018-ford-f150-supercrew-cab/6717920628.html,lawton,35950,2018,ford,f150,,,gas,,clean,automatic,,,,,,https://images.craigslist.org/00y0y_4gEkVxPjOFz_600x450.jpg,34.086,-98.5708
https://lawton.craigslist.org/cto/d/2006-gmc-sierra-71-4-wheel/6717903030.html,lawton,7995,2006,gmc,"sierra z-71 extended cab",,,gas,,clean,automatic,,,,,white,https://images.craigslist.org/00k0k_jYcgj5fdPTR_600x450.jpg,34.594338,-98.416988
https://lawton.craigslist.org/ctd/d/used-2011-ram-1500-big-horn/6717907263.html,lawton,19388,2011,ram,"1500 hemi crew cab",,,gas,,clean,automatic,,,,,,https://images.craigslist.org/00808_bXzz5k2v0se_600x450.jpg,35.2086,-97.4445
https://lawton.craigslist.org/ctd/d/2005-ford-f250-superduty/6717905903.html,lawton,2500,2005,ford,f250,fair,"8 cylinders",gas,224505,clean,automatic,,rwd,,truck,white,https://images.craigslist.org/00505_3tkVzzeX9A1_600x450.jpg,34.634507,-98.404714
https://lawton.craigslist.org/ctd/d/2000-chevy-k-3500-dually-4x4/6717905165.html,lawton,4300,2000,chevy,3500,fair,"8 cylinders",gas,189973,clean,automatic,,4wd,,truck,,https://images.craigslist.org/00k0k_93JgovaxXRb_600x450.jpg,34.634507,-98.404714
https://lawton.craigslist.org/ctd/d/on-sale-now-2006-mazda-6/6717904074.html,lawton,3988,2006,mazda,6,good,"4 cylinders",gas,124403,clean,automatic,,fwd,,sedan,white,https://images.craigslist.org/00k0k_c3jrHsUnHcC_600x450.jpg,34.634507,-98.404714
https://lawton.craigslist.org/ctd/d/2005-ford-mustang/6717903092.html,lawton,4800,2005,ford,mustang,good,"6 cylinders",gas,170332,clean,automatic,,rwd,,,blue,https://images.craigslist.org/00n0n_f8q5RH7UEB_600x450.jpg,34.634507,-98.404714
https://lawton.craigslist.org/ctd/d/2005-chevy-impala/6717902132.html,lawton,2300,2005,chevy,"impala ls",fair,"6 cylinders",gas,217075,clean,automatic,,rwd,,,white,https://images.craigslist.org/00H0H_8j6DXZW6WbK_600x450.jpg,34.634507,-98.404714
https://lawton.craigslist.org/ctd/d/2009-dodge-journey-sxt/6717901001.html,lawton,4800,2009,dodge,journey,good,"6 cylinders",gas,177890,clean,automatic,,fwd,,SUV,blue,https://images.craigslist.org/00W0W_azDsYWv0gYb_600x450.jpg,34.760708,-98.546684
https://lawton.craigslist.org/ctd/d/on-sale-now-2006-chevy-tahoe/6717899936.html,lawton,5988,2006,chevrolet,tahoe,good,"8 cylinders",gas,136117,clean,automatic,,rwd,,SUV,white,https://images.craigslist.org/00101_i82hmTYC4MZ_600x450.jpg,34.634507,-98.404714
https://lawton.craigslist.org/ctd/d/2006-lexus-is-250-awd/6717899090.html,lawton,6800,2006,lexus,"is 250",excellent,"6 cylinders",gas,180704,clean,automatic,,,,sedan,white,https://images.craigslist.org/00X0X_zxNX7FkPBp_600x450.jpg,34.634507,-98.404714
https://lawton.craigslist.org/ctd/d/on-sale-now-2003-honda-accord/6717898336.html,lawton,3988,2003,honda,accord,good,"4 cylinders",gas,151256,clean,automatic,,fwd,,sedan,silver,https://images.craigslist.org/00C0C_iu0CUvdKge2_600x450.jpg,34.634507,-98.404714
https://lawton.craigslist.org/cto/d/2005-chevrolet-silverado/6698784961.html,lawton,4995,2005,chevrolet,"silverado extended cab",,,gas,,clean,automatic,,,,,,https://images.craigslist.org/00o0o_1Wse6nQLyj2_600x450.jpg,34.594338,-98.416988
https://lawton.craigslist.org/cto/d/1968-ford-mustang-gt/6717892779.html,lawton,23600,1968,ford,"mustang gt",,,gas,,clean,automatic,,,,,,https://images.craigslist.org/00Y0Y_cj9fobmZBwz_600x450.jpg,34.608338,-98.393308
https://lawton.craigslist.org/ctd/d/2015-fr-sport-racing-seats/6717887579.html,lawton,15900,2015,,"scion fr-s coupe",,,gas,,clean,automatic,,,,,,https://images.craigslist.org/00O0O_7ypg7GcTQU6_600x450.jpg,35.2086,-97.4445
https://lawton.craigslist.org/cto/d/2001-chevy-silverado-3995/6708467057.html,lawton,3995,2001,chevy,"silverado short bed",,,gas,,clean,automatic,,,,,blue,https://images.craigslist.org/00A0A_azL38EAt7Bm_600x450.jpg,34.594338,-98.416988
https://lawton.craigslist.org/cto/d/2008-bmw-750-libeautiful-car/6709030679.html,lawton,12995,2008,bmw,"750 li",,,gas,,clean,automatic,,,,,black,https://images.craigslist.org/00808_cPNQjijgmuK_600x450.jpg,34.594836,-98.416901
https://lawton.craigslist.org/cto/d/2010-chevy-equinox/6717806510.html,lawton,7500,2010,chevrolet,"",good,"6 cylinders",gas,,clean,automatic,,fwd,,,silver,https://images.craigslist.org/00i0i_kiYuwfF8r4P_600x450.jpg,34.9034,-98.3695
https://lawton.craigslist.org/cto/d/1939-ford-cabriolet/6717611790.html,lawton,47000,1939,ford,cabriolet,excellent,"8 cylinders",gas,14000,clean,automatic,,rwd,,convertible,red,https://images.craigslist.org/00n0n_avxMs3lTf38_600x450.jpg,34.760708,-98.546684
https://lawton.craigslist.org/cto/d/2013-ford-platinum/6695988015.html,lawton,28500,2013,ford,f-150,excellent,"6 cylinders",gas,67500,clean,other,1FTFW1ET8DFA90986,4wd,full-size,truck,brown,https://images.craigslist.org/00000_yEqHT9Q9Zs_600x450.jpg,34.5073,-97.9403
https://lawton.craigslist.org/cto/d/2003-z71-suburban-nice-clean/6707331718.html,lawton,3995,2003,chevy,suburban,excellent,"8 cylinders",gas,,clean,automatic,,4wd,full-size,SUV,white,https://images.craigslist.org/00h0h_89XzfN8Pk4x_600x450.jpg,34.6179,-98.4552
https://lawton.craigslist.org/cto/d/1976-corvette/6717577907.html,lawton,3100,1976,chevy,corvette,fair,,gas,,missing,automatic,,rwd,,,black,https://images.craigslist.org/00505_2Q20hSGyzcq_600x450.jpg,34.632455,-98.476753
https://lawton.craigslist.org/cto/d/2003lincoln-town-car/6717479333.html,lawton,2000,2003,lincoln,"towncar executive",good,"8 cylinders",gas,,missing,automatic,,fwd,full-size,sedan,white,https://images.craigslist.org/00O0O_8hOjf91im1i_600x450.jpg,34.6179,-98.4552
https://lawton.craigslist.org/cto/d/window-tint/6717475310.html,lawton,69,2010,,"window tint","like new","10 cylinders",hybrid,,clean,manual,1547628952n795,4wd,full-size,offroad,black,https://images.craigslist.org/00m0m_1VtzzWNbdXB_600x450.jpg,34.760708,-98.546684
https://lawton.craigslist.org/cto/d/2000-chevy-malibu/6717471716.html,lawton,1000,2000,chevy,malibu,good,"6 cylinders",gas,143000,missing,automatic,,,mid-size,sedan,blue,https://images.craigslist.org/00Q0Q_dsT5oivWMkj_600x450.jpg,34.6179,-98.4552
https://lawton.craigslist.org/cto/d/c-srt8/6717470435.html,lawton,13000,2006,chrysler,"300c srt8",excellent,"8 cylinders",gas,84000,lien,automatic,,rwd,,,black,https://images.craigslist.org/01515_89djZi0jWkF_600x450.jpg,34.6595,-98.4004
https://lawton.craigslist.org/ctd/d/60-vehicles-to-choose-from/6717411546.html,lawton,3999,2005,bmw,"",excellent,,gas,,clean,automatic,,,,,,https://images.craigslist.org/00404_7iIgYb3zlWg_600x450.jpg,35.511257,-97.601401
https://lawton.craigslist.org/cto/d/ford-f150-xlt-supercrew-cab/6717405311.html,lawton,30000,2016,ford,"f150f150 supercrew cab",excellent,"6 cylinders",gas,10600,clean,automatic,,fwd,full-size,truck,white,https://images.craigslist.org/00A0A_5Vyll3FnSDK_600x450.jpg,34.645686,-97.913511
https://lawton.craigslist.org/cto/d/2015-honda-accord-ex/6717210219.html,lawton,6200,2015,honda,"accord ex-l",good,,gas,,clean,automatic,,,,,,https://images.craigslist.org/00i0i_fcedbbvjHEk_600x450.jpg,34.6309,-98.4576
https://lawton.craigslist.org/cto/d/2001-dodge-dakota-sale-or/6703330307.html,lawton,2950,2001,dodge,dakota,,"8 cylinders",gas,,clean,automatic,,rwd,,pickup,white,https://images.craigslist.org/01717_5YtKvursSzC_600x450.jpg,34.5607,-98.288119
https://lawton.craigslist.org/cto/d/2006-pontiac-soltice/6717247523.html,lawton,5500,2006,pontiac,solstice,good,,gas,168000,clean,manual,,rwd,,convertible,green,https://images.craigslist.org/00404_ix6IPdaXK2w_600x450.jpg,34.404953,-97.922527
https://lawton.craigslist.org/cto/d/2012-lifted-ramx4/6717217200.html,lawton,38500,2012,ram,"diesel cummins 3500",,,diesel,127000,clean,automatic,,,,,,https://images.craigslist.org/00P0P_fO5lvMLVgEA_600x450.jpg,35.1663,-101.8868
https://lawton.craigslist.org/cto/d/toyota-tacoma-trd-pro-off-road/6717119600.html,lawton,1500,2001,,SR5,excellent,"6 cylinders",gas,,clean,automatic,,4wd,full-size,truck,green,https://images.craigslist.org/00u0u_fywVQ05QoTw_600x450.jpg,35.1235,-98.5755
https://lawton.craigslist.org/cto/d/2017-chevy-camaro-2ss/6717111635.html,lawton,34000,2017,chevy,camaro,"like new",,gas,14500,clean,automatic,1G1FH1R70H0165513,rwd,compact,other,black,https://images.craigslist.org/00t0t_aLBdNpMsYMr_600x450.jpg,35.025059,-99.101658
https://lawton.craigslist.org/cto/d/honda-accord-ex/6714401265.html,lawton,15500,2014,honda,"accord ex",,,gas,,lien,automatic,,,,,,https://images.craigslist.org/00E0E_hOGc4GjAAu9_600x450.jpg,35.956842,-96.447162
https://lawton.craigslist.org/cto/d/pontiac-parisienne/6715255278.html,lawton,5500,1985,pontiac,parisienne,,,gas,,clean,automatic,,,,,,https://images.craigslist.org/00D0D_8aQVjBXEkKT_600x450.jpg,35.956842,-96.447162
https://lawton.craigslist.org/cto/d/2014-ford-4-firestoner15-like/6715026688.html,lawton,11500,2014,,f250,"like new","8 cylinders",diesel,,clean,automatic,,,,,,https://images.craigslist.org/00b0b_eKSmTnCzcPC_600x450.jpg,34.6179,-98.4552
https://lawton.craigslist.org/cto/d/4-michelinr20-lifted-2014/6711131267.html,lawton,11500,2014,,"f 250","like new",,diesel,,clean,automatic,,,,,,https://images.craigslist.org/00G0G_WFDtJaryqd_600x450.jpg,35.3784,-98.7818
https://lawton.craigslist.org/cto/d/2001-ford-350-v10-farm-truck/6717044634.html,lawton,6750,2001,ford,"f 350",,,gas,108000,clean,manual,,4wd,,,,https://images.craigslist.org/00909_gcBU6McYbOI_600x450.jpg,34.9034,-98.3695
https://lawton.craigslist.org/cto/d/2006-r1/6717037777.html,lawton,2500,2006,,"yamaha yzf r1",excellent,,gas,27000,clean,manual,,,,,blue,https://images.craigslist.org/00j0j_5uwWg3G0CM4_600x450.jpg,34.5607,-98.288119
https://lawton.craigslist.org/cto/d/1986-chevy-crew-cab-dually/6700375746.html,lawton,4950,1986,chevrolet,c30,,"8 cylinders",gas,,clean,automatic,,,,,,https://images.craigslist.org/00e0e_afHSpoAcK0z_600x450.jpg,34.5075,-98.9792
https://lawton.craigslist.org/cto/d/2008-ford-escape-xlt/6716974887.html,lawton,3400,2008,ford,"escape xlt",good,"4 cylinders",gas,130000,clean,automatic,,fwd,,SUV,white,https://images.craigslist.org/00X0X_BkDWy9v75K_600x450.jpg,35.416894,-97.517567
https://lawton.craigslist.org/cto/d/lifted-ford-fx4/6716859631.html,lawton,20,2001,ford,f250,good,"8 cylinders",diesel,171000,clean,automatic,,4wd,,,,https://images.craigslist.org/00P0P_ieQizU4V4h_600x450.jpg,34.623188,-98.422184
https://lawton.craigslist.org/ctd/d/2012-volvo-s60/6716837746.html,lawton,6800,2012,volvo,s60,"like new","5 cylinders",gas,90175,clean,automatic,YV1622FS7C2050146,fwd,,,silver,https://images.craigslist.org/00Z0Z_eGYGfFQb4mc_600x450.jpg,35.4973,-97.565617
https://lawton.craigslist.org/ctd/d/60-vehicles-to-choose-from/6716783118.html,lawton,3999,2005,bmw,"",excellent,,gas,,clean,automatic,,,,,,https://images.craigslist.org/00404_7iIgYb3zlWg_600x450.jpg,35.511257,-97.601401
https://lawton.craigslist.org/ctd/d/2016-dodge-grand-caravan-sxt/6716753715.html,lawton,16788,2016,dodge,"grand caravan sxt","like new",,gas,,clean,automatic,,,,,,https://images.craigslist.org/01616_dixhT46vIQV_600x450.jpg,35.218162,-97.479593
https://lawton.craigslist.org/cto/d/2010-dodge-charger-sxt-awd/6713986245.html,lawton,500,2010,dodge,"charger sxt","like new","6 cylinders",gas,86534,clean,automatic,,4wd,,,black,https://images.craigslist.org/01515_ed1s0qJeNBf_600x450.jpg,34.5607,-98.288119
https://lawton.craigslist.org/cto/d/for-sale-chevrolet-astro-2003/6698826585.html,lawton,1500,2003,chevrolet,astro,excellent,"6 cylinders",gas,71000,clean,automatic,,4wd,,,,https://images.craigslist.org/00303_2hmQSf9tNi7_600x450.jpg,35.667533,-97.593636
https://lawton.craigslist.org/ctd/d/2012-chevrolet-silverado-crew/6716704746.html,lawton,18800,2012,chevrolet,silverado,"like new","8 cylinders",gas,,clean,automatic,,4wd,,,,https://images.craigslist.org/00606_hSH4hKdIod5_600x450.jpg,35.218162,-97.479593
https://lawton.craigslist.org/cto/d/2000-ford-mustang-38l/6716637182.html,lawton,1600,2000,ford,mustang,,,gas,,clean,automatic,,,,,,https://images.craigslist.org/00y0y_lVdil3UNCag_600x450.jpg,34.589269,-98.422222
https://lawton.craigslist.org/cto/d/2015-kia-sorento/6716620825.html,lawton,14000,2015,kia,sorento,good,"6 cylinders",gas,68934,clean,automatic,,4wd,,,white,https://images.craigslist.org/00F0F_kAz5HEYNPgV_600x450.jpg,34.5607,-98.288119
https://lawton.craigslist.org/cto/d/ford-tempo/6703132365.html,lawton,500,1992,ford,tempo,,,gas,,clean,automatic,,,,,white,https://images.craigslist.org/00c0c_8JSyaUnNNmJ_600x450.jpg,34.5607,-98.288119
https://lawton.craigslist.org/ctd/d/2011-ram-crew-cab-slt-big/6716561019.html,lawton,19388,2011,ram,1500,"like new","8 cylinders",gas,,clean,automatic,,4wd,,,,https://images.craigslist.org/01111_6TGFSHjoaUi_600x450.jpg,35.218162,-97.479593
https://lawton.craigslist.org/ctd/d/2012-nissan-juke-sl-hard/6716535542.html,lawton,10900,2012,nissan,"juke sl","like new",,gas,,clean,automatic,,,,,,https://images.craigslist.org/00W0W_d4rE40nzBfR_600x450.jpg,35.218162,-97.479593
https://lawton.craigslist.org/ctd/d/2013-toyota-corolla-low-miles/6716524751.html,lawton,10800,2013,toyota,"corolla s","like new",,gas,72000,clean,automatic,,,,,,https://images.craigslist.org/00808_aktScSWlFRZ_600x450.jpg,35.218162,-97.479593
https://lawton.craigslist.org/ctd/d/2008-toyota-tundra-double-cab/6716515813.html,lawton,8900,2008,toyota,tundra,"like new",,gas,,clean,automatic,,,,,,https://images.craigslist.org/00R0R_jveW6bo5jdP_600x450.jpg,35.218162,-97.479593
https://lawton.craigslist.org/cto/d/2017-nissan-370z-touring/6701143216.html,lawton,26500,2017,nissan,"370z touring","like new","6 cylinders",gas,8500,clean,automatic,,fwd,,coupe,blue,https://images.craigslist.org/00P0P_vymEKCiC7C_600x450.jpg,34.086,-98.5708
https://lawton.craigslist.org/ctd/d/2013-volkswagen-beetle-coupe/6716506897.html,lawton,8900,2013,volkswagen,beetle,"like new",,gas,74000,clean,automatic,,,,,,https://images.craigslist.org/00i0i_aOsl1geiU3X_600x450.jpg,35.218162,-97.479593
https://lawton.craigslist.org/cto/d/49-plymouth-4-door/6703527660.html,lawton,1400,1949,,"1949 Plymouth 4 door",fair,"6 cylinders",gas,,missing,manual,,rwd,full-size,sedan,black,https://images.craigslist.org/00d0d_7HCQiUHryf6_600x450.jpg,34.4805,-98.3875
https://lawton.craigslist.org/cto/d/1995-jeep-wrangler-yj/6701815770.html,lawton,5200,1995,jeep,"wrangler yj",good,"4 cylinders",gas,204400,salvage,manual,1J4FYI9P9SP224140,4wd,,,red,https://images.craigslist.org/00j0j_bgWmPogmgPS_600x450.jpg,34.5073,-97.9403
https://lawton.craigslist.org/cto/d/1979-chevy-short-bed-pickup/6707533711.html,lawton,1400,1979,chevy,c10,fair,"8 cylinders",gas,,clean,automatic,ccl449f463218,rwd,full-size,pickup,green,https://images.craigslist.org/01313_7DnwDiSkehF_600x450.jpg,,
https://lawton.craigslist.org/ctd/d/2014-volkswagen-jetta-leather/6716395019.html,lawton,9677,2014,volkswagen,jetta,"like new",,gas,61000,clean,automatic,,,,,,https://images.craigslist.org/00h0h_jRJ9b6GDm3i_600x450.jpg,35.218162,-97.479593
https://lawton.craigslist.org/cto/d/lincoln-towncar/6714178523.html,lawton,5400,2004,lincoln,"",excellent,"8 cylinders",gas,157000,clean,automatic,,rwd,full-size,sedan,white,https://images.craigslist.org/00p0p_8W5FmLS4qIg_600x450.jpg,34.5073,-97.9403
https://lawton.craigslist.org/cto/d/2013-ford-f150-tailgate/6713141350.html,lawton,25,2013,ford,f150,,,other,,"parts only",other,,,,,,https://images.craigslist.org/00x0x_gU0pw3EjhjG_600x450.jpg,34.5607,-98.288119
https://lawton.craigslist.org/cto/d/1984-terry-travel-trailer/6716255234.html,lawton,1,1984,,"fleetwood terry",,,other,,clean,other,,,,,,https://images.craigslist.org/00u0u_3oVtpF5elC7_600x450.jpg,42.0384,-88.2606
https://lawton.craigslist.org/cto/d/2001-gmc-jimmy/6716220541.html,lawton,1500,2001,gmc,jimmy,good,"6 cylinders",gas,199000,clean,automatic,,4wd,full-size,SUV,silver,https://images.craigslist.org/01313_78gGcrILSyZ_600x450.jpg,34.3605,-98.314
https://lawton.craigslist.org/cto/d/03-gmc-sierra-z71-4x4/6716168288.html,lawton,3800,2003,gmc,"1500 sierra 4x4",good,,gas,221000,clean,automatic,,,,,,https://images.craigslist.org/00V0V_2jKA9VNERxR_600x450.jpg,34.6179,-98.4552
https://lawton.craigslist.org/cto/d/2005-lincoln-aviator/6716162770.html,lawton,3500,2005,lincoln,aviator,fair,"8 cylinders",gas,,clean,automatic,5LMEU68H45ZJ13839,,,SUV,silver,https://images.craigslist.org/00m0m_6TMhFtNSjed_600x450.jpg,35.2521,-96.6683
https://lawton.craigslist.org/cto/d/2005-pontiac-aztek/6716155394.html,lawton,2000,2005,pontiac,aztek,fair,"6 cylinders",gas,,clean,automatic,3G7DA03E75S505358,,,SUV,silver,https://images.craigslist.org/01313_62RypFgu4qI_600x450.jpg,35.2521,-96.6683
https://lawton.craigslist.org/cto/d/2006-kia-sedona-ex/6716142202.html,lawton,2500,2006,kia,"sedona ex",fair,"6 cylinders",gas,,clean,automatic,KNDMB233766085406,,,van,red,https://images.craigslist.org/00I0I_fPtU25MncEy_600x450.jpg,35.2521,-96.6683
https://lawton.craigslist.org/cto/d/2012-chevy-suburban-z71/6716139497.html,lawton,20000,2012,chevy,suburban,excellent,"8 cylinders",gas,,lien,automatic,,4wd,full-size,SUV,black,https://images.craigslist.org/00s0s_myYLI5LxNm_600x450.jpg,35.9094,-94.9787
https://lawton.craigslist.org/ctd/d/2017-volkswagen-jetta-14t/6716121416.html,lawton,11800,2017,volkswagen,jetta,"like new",,gas,,clean,automatic,,,,,,https://images.craigslist.org/00P0P_e3O9jEpJj39_600x450.jpg,35.218162,-97.479593
https://lawton.craigslist.org/cto/d/2011-toyota-sienna/6715954477.html,lawton,7500,2011,toyota,sienna,excellent,,gas,,clean,automatic,,,,,,https://images.craigslist.org/00p0p_dTimQDXj3kG_600x450.jpg,35.667533,-97.593636
https://lawton.craigslist.org/ctd/d/60-vehicles-to-choose-from/6716017226.html,lawton,3999,2005,bmw,"",excellent,,gas,,clean,automatic,,,,,,https://images.craigslist.org/00404_7iIgYb3zlWg_600x450.jpg,35.511257,-97.601401
https://lawton.craigslist.org/cto/d/1966-mustang/6692141944.html,lawton,25000,1966,ford,mustang,excellent,"8 cylinders",gas,54650,clean,automatic,,,,coupe,custom,https://images.craigslist.org/00G0G_jFxhCYkRNUF_600x450.jpg,34.525508,-97.973197
https://lawton.craigslist.org/cto/d/ford-escort/6705767857.html,lawton,900,1991,ford,escort,good,"4 cylinders",gas,,clean,automatic,,fwd,sub-compact,hatchback,blue,https://images.craigslist.org/00707_aJJASKdrJbr_600x450.jpg,34.609334,-97.949295
https://longisland.craigslist.org/cto/d/2013-hyundai-elantra/6695284749.html,longisland,9500,2013,hyundai,elantra,good,"4 cylinders",gas,,clean,automatic,,fwd,mid-size,sedan,grey,https://images.craigslist.org/00T0T_fPgcdFM88RC_600x450.jpg,40.9136,-73.0464
https://longisland.craigslist.org/cto/d/2010-mercedes-e350-coupe/6697359066.html,longisland,19900,2010,mercedes,e350,,,gas,26000,clean,automatic,,,,,,https://images.craigslist.org/00M0M_2oFuh7sBLf5_600x450.jpg,40.7557,-73.5723
https://longisland.craigslist.org/cto/d/2014-lincoln-mkz-hybrid-clean/6698300116.html,longisland,12995,2014,lincoln,mkz,excellent,"4 cylinders",hybrid,129999,clean,automatic,,fwd,full-size,sedan,white,https://images.craigslist.org/00I0I_312o9crnaXY_600x450.jpg,40.8421,-72.8002
https://longisland.craigslist.org/cto/d/hyundai-elantra-2003runs-well/6718619608.html,longisland,1000,2003,hyundai,"elantra 2003",good,"4 cylinders",gas,144250,clean,automatic,,fwd,compact,sedan,black,https://images.craigslist.org/00000_dC7AevYACJz_600x450.jpg,40.6742,-73.7057
https://longisland.craigslist.org/cto/d/nissan-sentra-2009/6718617528.html,longisland,2100,2009,nissan,sentra,good,"4 cylinders",gas,162000,clean,automatic,,fwd,sub-compact,sedan,black,https://images.craigslist.org/00R0R_fMmNyrzQ9cG_600x450.jpg,40.7591,-73.3257
https://longisland.craigslist.org/cto/d/2005-dodge-dakota-ext-cab/6718618330.html,longisland,3900,2005,dodge,dakota,,"6 cylinders",gas,,clean,automatic,,4wd,,,silver,https://images.craigslist.org/00t0t_fTrEl1fjbyT_600x450.jpg,40.8542,-73.2138
https://longisland.craigslist.org/cto/d/2018-dodge-durango-gt/6718614095.html,longisland,39000,2018,dodge,durango,,,gas,,clean,automatic,,,,,,https://images.craigslist.org/00000_bnnlhSzbVnS_600x450.jpg,40.6685,-73.5536
https://longisland.craigslist.org/cto/d/2005-chevy-silverado-4x4/6718613355.html,longisland,3200,2005,chevy,silverado,,"8 cylinders",gas,,clean,automatic,,,,,,https://images.craigslist.org/01515_5lSuwlQn4te_600x450.jpg,40.8542,-73.2138
https://longisland.craigslist.org/cto/d/2001-jeep-cherokee-4x4-6cyl/6718613237.html,longisland,4100,2001,jeep,"cherokee classic",,"6 cylinders",gas,,clean,automatic,,4wd,,,black,https://images.craigslist.org/00X0X_4kXpv6qiIgA_600x450.jpg,40.8542,-73.2138
https://longisland.craigslist.org/cto/d/2008-jeep-grand-cherokee/6718604752.html,longisland,6400,2008,jeep,"grand cherokee",,"6 cylinders",gas,,clean,automatic,,4wd,,,black,https://images.craigslist.org/00s0s_31Bcj32TVFP_600x450.jpg,40.8542,-73.2138
https://longisland.craigslist.org/cto/d/2015-honda-fit-lx/6718603418.html,longisland,11500,2015,honda,fit,excellent,,gas,36600,clean,automatic,3HGGK5H55FM753567,,,hatchback,blue,https://images.craigslist.org/01010_8utV0P6cOKw_600x450.jpg,40.855636,-73.404632
https://longisland.craigslist.org/cto/d/2013-audi-s5-6mt-sports-diff/6715347833.html,longisland,28000,2013,audi,s5,"like new","6 cylinders",gas,64500,clean,manual,,4wd,,coupe,blue,https://images.craigslist.org/00p0p_4e19KNP7D3K_600x450.jpg,40.750996,-73.339233
https://longisland.craigslist.org/cto/d/1999-bmw-540i-face-lift/6716615017.html,longisland,2400,1999,bmw,540i,,,gas,,clean,automatic,,,,,,https://images.craigslist.org/01616_b1nXN3EMZEk_600x450.jpg,40.8143,-73.3634
https://longisland.craigslist.org/cto/d/2004-mercury-mountaineer-part/6701771320.html,longisland,1,2004,mercury,mountaineer,,,gas,,clean,automatic,,,,,,https://images.craigslist.org/00m0m_b15c5q43Iwz_600x450.jpg,40.8143,-73.3634
https://longisland.craigslist.org/cto/d/honda-crv-2003/6718599741.html,longisland,2200,2003,honda,crv,excellent,"4 cylinders",gas,210,clean,automatic,,4wd,full-size,truck,brown,https://images.craigslist.org/00G0G_9SUnVd62o4b_600x450.jpg,40.6523,-73.7118
https://longisland.craigslist.org/cto/d/2004-nissan-quest/6713554079.html,longisland,900,2004,nissan,quest,good,"6 cylinders",gas,140000,clean,automatic,,,,,,https://images.craigslist.org/00x0x_7bgQV8ZKMev_600x450.jpg,40.7946,-73.403
https://longisland.craigslist.org/cto/d/2001-nissan-pathfinder-se/6695973918.html,longisland,700,2001,nissan,"pathfinder se",,,gas,148,clean,automatic,,,,,,https://images.craigslist.org/00o0o_ed9VbfE9VqD_600x450.jpg,40.823331,-73.001747
https://longisland.craigslist.org/cto/d/truck-cap-cheap-come-and-get/6718593634.html,longisland,25,2008,chevy,"",,,other,,missing,other,,,,,,https://images.craigslist.org/00c0c_137ZowWwSbg_600x450.jpg,40.8154,-73.4716
https://longisland.craigslist.org/cto/d/1998-land-rover-for-repair-or/6696680409.html,longisland,675,1998,rover,"",good,"8 cylinders",gas,,clean,automatic,,4wd,,SUV,,https://images.craigslist.org/00f0f_bw48CdTGdgw_600x450.jpg,40.8174,-72.9852
https://longisland.craigslist.org/cto/d/bmw-325xi/6710247018.html,longisland,2900,2005,bmw,"325xi awd",good,"6 cylinders",gas,,clean,manual,,4wd,full-size,sedan,grey,https://images.craigslist.org/00u0u_74dZ3RJSJ3Y_600x450.jpg,40.604,-73.6554
https://longisland.craigslist.org/cto/d/gmc-sierra-2500hd-slt-2004/6718586068.html,longisland,8500,2004,gmc,"sierra 2500hd slt",good,"8 cylinders",diesel,,clean,automatic,,4wd,full-size,pickup,white,https://images.craigslist.org/01414_8tlnUdF7WWY_600x450.jpg,40.9436,-72.9913
https://longisland.craigslist.org/cto/d/2005-infiniti-g35/6713585004.html,longisland,3995,2005,infiniti,ex35,good,"6 cylinders",gas,,clean,automatic,JNKCV51F55M314675,4wd,mid-size,sedan,silver,https://images.craigslist.org/00T0T_9RXAvSHmtrF_600x450.jpg,40.795033,-73.007004
https://longisland.craigslist.org/cto/d/1940-chevy-street-rod-hot-rod/6713883726.html,longisland,28775,1940,chevy,deluxe,excellent,"8 cylinders",gas,,clean,automatic,,rwd,full-size,sedan,green,https://images.craigslist.org/00o0o_8S12bULMncU_600x450.jpg,33.5507,-79.0528
https://longisland.craigslist.org/cto/d/1961-int-truck-orig/6706967543.html,longisland,5500,1961,,"international 190",,,gas,,clean,manual,,,,,,https://images.craigslist.org/00q0q_aztPCbs9uBh_600x450.jpg,41.6503,-74.1036
https://longisland.craigslist.org/cto/d/2004-gmc-sierra-ext-cab-71-4x4/6718581511.html,longisland,6400,2004,gmc,sierra,,,gas,,clean,automatic,,,,,,https://images.craigslist.org/00L0L_5UkKDLGrSga_600x450.jpg,40.8542,-73.2138
https://longisland.craigslist.org/cto/d/2012-dodge-5500-wrecker/6718580602.html,longisland,40000,2012,ram,5500,excellent,"6 cylinders",diesel,132000,clean,automatic,3c7wdmbl0cg176143,rwd,full-size,truck,red,https://images.craigslist.org/00Y0Y_lNmsHlOS0Rq_600x450.jpg,41.027492,-73.764587
https://longisland.craigslist.org/cto/d/1992-camaro-rs-trade-or-sell/6706251245.html,longisland,4300,1992,chevy,camaro,good,"8 cylinders",gas,180000,clean,automatic,,rwd,full-size,convertible,green,https://images.craigslist.org/01212_cEayYjdfGug_600x450.jpg,40.711985,-73.3049
https://longisland.craigslist.org/cto/d/2003-ford-focus/6718572705.html,longisland,2200,2003,ford,"focus se",good,"4 cylinders",gas,,clean,automatic,,,compact,sedan,white,https://images.craigslist.org/00Q0Q_5nNmNhZdfwt_600x450.jpg,40.7866,-73.1961
https://longisland.craigslist.org/cto/d/2015-jeep-compass-47k-miles/6718571406.html,longisland,13900,2015,jeep,compass,"like new",,gas,47000,clean,automatic,,,,,,https://images.craigslist.org/00o0o_hQ7tsb8IQII_600x450.jpg,40.747579,-73.554225
https://longisland.craigslist.org/cto/d/1990-nissan-300zx-non-turbo-5/6704045993.html,longisland,2500,1990,nissan,"300zx 2+2 v6 5 speed na",good,"6 cylinders",gas,240000,clean,manual,,rwd,compact,convertible,black,https://images.craigslist.org/00q0q_dsFtE6g0Aan_600x450.jpg,40.7623,-73.523
https://longisland.craigslist.org/cto/d/1967-corvette/6694899128.html,longisland,95000,1967,,"1967 Corvette",excellent,,gas,80000,clean,manual,,,,,,https://images.craigslist.org/00z0z_12GJKXhJAYd_600x450.jpg,40.7501,-73.0352
https://longisland.craigslist.org/cto/d/1991-nissan-300zx-5-speed-non/6714574705.html,longisland,2500,1991,nissan,300zx,good,"6 cylinders",gas,199,clean,manual,,rwd,compact,convertible,grey,https://images.craigslist.org/00h0h_77BXGQ41eFQ_600x450.jpg,40.7623,-73.523
https://longisland.craigslist.org/cto/d/95-ford-crown-vic/6718556885.html,longisland,1200,1995,ford,"crown victoria",,,gas,,clean,automatic,,,,,,https://images.craigslist.org/00s0s_gcRS6g6oa9X_600x450.jpg,40.7135,-73.3546
https://longisland.craigslist.org/cto/d/2005-kia-sportage/6718562421.html,longisland,5200,2005,kia,sportage,good,"6 cylinders",gas,56500,clean,automatic,,4wd,,,red,https://images.craigslist.org/00f0f_bDwS9uDUQK4_600x450.jpg,40.7236,-73.7058
https://longisland.craigslist.org/cto/d/2012-ford-250-fx4-xl-4dr/6705307550.html,longisland,25500,2012,ford,"f-250 super duty","like new","8 cylinders",diesel,68000,clean,automatic,,4wd,full-size,truck,white,https://images.craigslist.org/00y0y_3PeGHP49dUR_600x450.jpg,40.8143,-73.3634
https://longisland.craigslist.org/cto/d/2003-ford-explorer-xlt-v8/6705066231.html,longisland,4500,2003,ford,explorer,excellent,"8 cylinders",gas,,clean,automatic,1234567891012111,4wd,full-size,SUV,silver,https://images.craigslist.org/01111_18f1DFpOtnF_600x450.jpg,40.728,-73.2646
https://longisland.craigslist.org/cto/d/2006-ford-freestyle-all-wheel/6714269254.html,longisland,1500,2006,ford,freestyle,,,gas,,clean,automatic,,,,,,https://images.craigslist.org/00k0k_coRr82MKM0S_600x450.jpg,40.9492,-72.9357
https://longisland.craigslist.org/cto/d/2011-toyota-rav4-one-owner/6718558031.html,longisland,10890,2011,toyota,rav4,"like new","4 cylinders",gas,73000,clean,automatic,,4wd,,sedan,black,https://images.craigslist.org/00t0t_3b5LdNGolBF_600x450.jpg,40.744396,-73.567371
https://longisland.craigslist.org/cto/d/2007-chrysler-pt-cruiser/6718556680.html,longisland,1295,2007,chrysler,"p.t. cruiser",excellent,,gas,,clean,automatic,,,,,white,https://images.craigslist.org/00U0U_cWE1k5cjBAj_600x450.jpg,40.823396,-72.899952
https://longisland.craigslist.org/cto/d/2009-volkswagen-passat-cc/6718556188.html,longisland,8500,2009,volkswagen,"passat cc",excellent,"4 cylinders",gas,93995,clean,automatic,WVWHL73CX9E513684,fwd,full-size,sedan,brown,https://images.craigslist.org/00909_3CSMkYjacJK_600x450.jpg,40.8143,-73.3634
https://longisland.craigslist.org/cto/d/2009-honda-ridgeline-62k/6710986764.html,longisland,14900,2009,honda,ridgeline,"like new","6 cylinders",gas,62235,clean,automatic,,4wd,,truck,grey,https://images.craigslist.org/00404_jtg2WXpEZ3H_600x450.jpg,40.7315,-73.4327
https://longisland.craigslist.org/cto/d/1977-oldsmobile-cutlass/6694932507.html,longisland,10000,1977,,"olds cutlass",excellent,"8 cylinders",gas,48245,clean,automatic,,rwd,full-size,coupe,yellow,https://images.craigslist.org/01515_gS2zIz3uY7i_600x450.jpg,40.865,-73.6277
https://longisland.craigslist.org/cto/d/1999-nissan-pathfinder/6718547163.html,longisland,1200,1999,nissan,"pathfinder se",good,"6 cylinders",gas,226000,clean,automatic,JN8AR07Y6XW377675,4wd,,SUV,brown,https://images.craigslist.org/00W0W_1MqCBw75gXn_600x450.jpg,40.738531,-73.442777
https://longisland.craigslist.org/cto/d/2001-nissan-pathfinder/6718546104.html,longisland,1200,2001,nissan,pathfinder,good,"6 cylinders",gas,200000,clean,automatic,,4wd,mid-size,truck,brown,https://images.craigslist.org/00505_ghazVi6dEkB_600x450.jpg,40.7866,-73.1961
https://longisland.craigslist.org/cto/d/2005-tennessee-26ft-boat/6712990626.html,longisland,3200,2005,,Tennessee,,,other,,clean,other,,,,,,https://images.craigslist.org/00V0V_1C5c4tNmrAx_600x450.jpg,40.9043,-72.4103
https://longisland.craigslist.org/cto/d/2009-jeep-wrangler-jk/6716354812.html,longisland,16500,2009,jeep,wrangler,,,gas,103000,clean,automatic,,,,,,https://images.craigslist.org/00l0l_lOBvZ81gZXD_600x450.jpg,40.7946,-73.403
https://longisland.craigslist.org/cto/d/1957-chevy-belair-high-boy/6695304866.html,longisland,33000,1957,chevy,belair,excellent,"8 cylinders",gas,11000,clean,manual,,rwd,,,red,https://images.craigslist.org/00d0d_4EcigPBDpL3_600x450.jpg,40.4414,-74.1306
https://longisland.craigslist.org/cto/d/2007-ford-f150-xlt-4x4/6718542015.html,longisland,7800,2007,ford,"f150 4x4",good,"8 cylinders",gas,160000,clean,automatic,1FTPX14V47NA79224,4wd,full-size,truck,white,https://images.craigslist.org/00z0z_iquerQF0Ylv_600x450.jpg,40.7964,-73.0718
https://longisland.craigslist.org/cto/d/lifted-96-dodge-1500/6718539576.html,longisland,7000,1996,ram,"1500 4x4",excellent,"8 cylinders",gas,220813,clean,automatic,,4wd,full-size,pickup,silver,https://images.craigslist.org/00H0H_iVNMdU0j4dQ_600x450.jpg,40.888385,-73.332318
https://longisland.craigslist.org/cto/d/2006-honda-cr/6718524906.html,longisland,4895,2006,honda,crv,"like new","4 cylinders",gas,140,clean,automatic,,4wd,,,silver,https://images.craigslist.org/00202_b66bezENYOR_600x450.jpg,40.753369,-73.558273
https://longisland.craigslist.org/ctd/d/2010-lexus-hs-250h-250-sedan/6718541257.html,longisland,10991,2010,lexus,hs+250h,excellent,,hybrid,104180,clean,automatic,JTHBB1BAXA2035356,,compact,sedan,black,https://images.craigslist.org/00V0V_g8ejUSeBizU_600x450.jpg,40.7678,-73.1163
https://longisland.craigslist.org/ctd/d/2010-acura-tsx-i4-sedan/6718541117.html,longisland,10991,2010,acura,tsx,excellent,"4 cylinders",gas,86626,clean,automatic,JH4CU2F64AC019934,,compact,sedan,white,https://images.craigslist.org/00x0x_72Ee0xs1AcK_600x450.jpg,40.7678,-73.1163
https://longisland.craigslist.org/ctd/d/2011-jeep-liberty-4wd-4dr/6718540990.html,longisland,10792,2011,jeep,liberty,excellent,,gas,93640,clean,automatic,1J4PN2GK7BW531709,4wd,compact,SUV,black,https://images.craigslist.org/00909_bXw1A7CQUty_600x450.jpg,40.7678,-73.1163
